Key Stage,Year,Curriculum Strand,Section / Topic,Objective / Requirement,Skill Code,Skill Title,Skill URL
Key Stage 1,Year 1,Reading,Word Reading,Apply phonic knowledge and skills as the route to decode words,1-K.2,Choose the short a word that matches the picture,https://uk.ixl.com/english/year-1/choose-the-short-a-word-that-matches-the-picture
Key Stage 1,Year 1,Reading,Word Reading,Apply phonic knowledge and skills as the route to decode words,1-K.4,Choose the short a sentence that matches the picture,https://uk.ixl.com/english/year-1/choose-the-short-a-sentence-that-matches-the-picture
Key Stage 1,Year 1,Reading,Word Reading,Apply phonic knowledge and skills as the route to decode words,1-L.2,Choose the picture that matches the short e word,https://uk.ixl.com/english/year-1/choose-the-picture-that-matches-the-short-e-word
Key Stage 1,Year 1,Reading,Word Reading,Apply phonic knowledge and skills as the route to decode words,1-L.4,Choose the short e sentence that matches the picture,https://uk.ixl.com/english/year-1/choose-the-short-e-sentence-that-matches-the-picture
Key Stage 1,Year 1,Reading,Word Reading,Apply phonic knowledge and skills as the route to decode words,1-M.2,Choose the short i word that matches the picture,https://uk.ixl.com/english/year-1/choose-the-short-i-word-that-matches-the-picture
Key Stage 1,Year 1,Reading,Word Reading,Apply phonic knowledge and skills as the route to decode words,1-M.4,Choose the short i sentence that matches the picture,https://uk.ixl.com/english/year-1/choose-the-short-i-sentence-that-matches-the-picture
Key Stage 1,Year 1,Reading,Word Reading,Apply phonic knowledge and skills as the route to decode words,1-N.2,Choose the short o word that matches the picture,https://uk.ixl.com/english/year-1/choose-the-short-o-word-that-matches-the-picture
Key Stage 1,Year 1,Reading,Word Reading,Apply phonic knowledge and skills as the route to decode words,1-N.4,Choose the short o sentence that matches the picture,https://uk.ixl.com/english/year-1/choose-the-short-o-sentence-that-matches-the-picture
Key Stage 1,Year 1,Reading,Word Reading,Apply phonic knowledge and skills as the route to decode words,1-O.2,Choose the picture that matches the short u word,https://uk.ixl.com/english/year-1/choose-the-picture-that-matches-the-short-u-word
Key Stage 1,Year 1,Reading,Word Reading,Apply phonic knowledge and skills as the route to decode words,1-O.4,Choose the short u sentence that matches the picture,https://uk.ixl.com/english/year-1/choose-the-short-u-sentence-that-matches-the-picture
Key Stage 1,Year 1,Reading,Word Reading,Apply phonic knowledge and skills as the route to decode words,1-P.4,Complete the sentence with the correct short vowel word,https://uk.ixl.com/english/year-1/complete-the-sentence-with-the-correct-short-vowel-word
Key Stage 1,Year 1,Reading,Word Reading,Apply phonic knowledge and skills as the route to decode words,1-P.5,Read questions with short vowel words,https://uk.ixl.com/english/year-1/read-questions-with-short-vowel-words
Key Stage 1,Year 1,Reading,Word Reading,Apply phonic knowledge and skills as the route to decode words,2-F.2,Does the word start with a consonant blend?,https://uk.ixl.com/english/year-2/does-the-word-start-with-a-consonant-blend
Key Stage 1,Year 1,Reading,Word Reading,Apply phonic knowledge and skills as the route to decode words,2-F.4,Does the word end with a consonant blend?,https://uk.ixl.com/english/year-2/does-the-word-end-with-a-consonant-blend
Key Stage 1,Year 1,Reading,Word Reading,Apply phonic knowledge and skills as the route to decode words,2-F.6,"Complete the word to match the picture: -ss, -ll, -ff, -zz, -ck",https://uk.ixl.com/english/year-2/complete-the-word-to-match-the-picture-ss-ll-ff-zz-ck
Key Stage 1,Year 1,Reading,Word Reading,Apply phonic knowledge and skills as the route to decode words,2-N.1,Choose the silent e word that matches the picture,https://uk.ixl.com/english/year-2/choose-the-silent-e-word-that-matches-the-picture
Key Stage 1,Year 1,Reading,Word Reading,Apply phonic knowledge and skills as the route to decode words,2-N.4,Choose the silent e sentence that matches the picture,https://uk.ixl.com/english/year-2/choose-the-silent-e-sentence-that-matches-the-picture
Key Stage 1,Year 1,Reading,Word Reading,Apply phonic knowledge and skills as the route to decode words,2-O.1,Choose the picture that matches the vowel digraph word,https://uk.ixl.com/english/year-2/choose-the-picture-that-matches-the-vowel-digraph-word
Key Stage 1,Year 1,Reading,Word Reading,Apply phonic knowledge and skills as the route to decode words,2-P.1,Match the short a and long a words to pictures,https://uk.ixl.com/english/year-2/match-the-short-a-and-long-a-words-to-pictures
Key Stage 1,Year 1,Reading,Word Reading,Apply phonic knowledge and skills as the route to decode words,2-P.2,Match the short e and long e words to pictures,https://uk.ixl.com/english/year-2/match-the-short-e-and-long-e-words-to-pictures
Key Stage 1,Year 1,Reading,Word Reading,Apply phonic knowledge and skills as the route to decode words,2-P.3,Choose the short i or long i word that matches the picture,https://uk.ixl.com/english/year-2/choose-the-short-i-or-long-i-word-that-matches-the-picture
Key Stage 1,Year 1,Reading,Word Reading,Apply phonic knowledge and skills as the route to decode words,2-P.4,Choose the short o or long o word that matches the picture,https://uk.ixl.com/english/year-2/choose-the-short-o-or-long-o-word-that-matches-the-picture
Key Stage 1,Year 1,Reading,Word Reading,Apply phonic knowledge and skills as the route to decode words,2-P.5,Choose the short u or long u word that matches the picture,https://uk.ixl.com/english/year-2/choose-the-short-u-or-long-u-word-that-matches-the-picture
Key Stage 1,Year 1,Reading,Word Reading,Apply phonic knowledge and skills as the route to decode words,2-Q.1,Choose the diphthong word that matches the picture,https://uk.ixl.com/english/year-2/choose-the-diphthong-word-that-matches-the-picture
Key Stage 1,Year 1,Reading,Word Reading,"Respond speedily with the correct sound to graphemes (letters or groups of letters) for all 40+ phonemes, including, where applicable, alternative sounds for graphemes",1-I.2,"Choose the letter that matches the consonant sound: b, d, j, k, p, t, v, z",https://uk.ixl.com/english/year-1/choose-the-letter-that-matches-the-consonant-sound-b-d-j-k-p-t-v-z
Key Stage 1,Year 1,Reading,Word Reading,"Respond speedily with the correct sound to graphemes (letters or groups of letters) for all 40+ phonemes, including, where applicable, alternative sounds for graphemes",1-I.3,"Choose the letter that matches the consonant sound: f, l, m, n, r, s",https://uk.ixl.com/english/year-1/choose-the-letter-that-matches-the-consonant-sound-f-l-m-n-r-s
Key Stage 1,Year 1,Reading,Word Reading,"Respond speedily with the correct sound to graphemes (letters or groups of letters) for all 40+ phonemes, including, where applicable, alternative sounds for graphemes",1-I.4,"Choose the letter that matches the consonant sound: c, g, h, w",https://uk.ixl.com/english/year-1/choose-the-letter-that-matches-the-consonant-sound-c-g-h-w
Key Stage 1,Year 1,Reading,Word Reading,"Respond speedily with the correct sound to graphemes (letters or groups of letters) for all 40+ phonemes, including, where applicable, alternative sounds for graphemes",1-I.5,Choose the letter that matches the consonant sound: review,https://uk.ixl.com/english/year-1/choose-the-letter-that-matches-the-consonant-sound-review
Key Stage 1,Year 1,Reading,Word Reading,"Respond speedily with the correct sound to graphemes (letters or groups of letters) for all 40+ phonemes, including, where applicable, alternative sounds for graphemes",1-I.6,Which letter does the word start with?,https://uk.ixl.com/english/year-1/which-letter-does-the-word-start-with
Key Stage 1,Year 1,Reading,Word Reading,"Respond speedily with the correct sound to graphemes (letters or groups of letters) for all 40+ phonemes, including, where applicable, alternative sounds for graphemes",1-I.7,Which letter does the word end with?,https://uk.ixl.com/english/year-1/which-letter-does-the-word-end-with
Key Stage 1,Year 1,Reading,Word Reading,"Respond speedily with the correct sound to graphemes (letters or groups of letters) for all 40+ phonemes, including, where applicable, alternative sounds for graphemes",1-J.8,Choose the correct digraph,https://uk.ixl.com/english/year-1/choose-the-correct-digraph
Key Stage 1,Year 1,Reading,Word Reading,Read accurately by blending sounds in unfamiliar words containing GPCs that have been taught,1-G.2,Blend each sound in a word together,https://uk.ixl.com/english/year-1/blend-each-sound-in-a-word-together
Key Stage 1,Year 1,Reading,Word Reading,"Read common exception words, noting unusual correspondences between spelling and sound and where these occur in the word",1-R.1,Choose the two sight words that are the same,https://uk.ixl.com/english/year-1/choose-the-two-sight-words-that-are-the-same
Key Stage 1,Year 1,Reading,Word Reading,"Read common exception words, noting unusual correspondences between spelling and sound and where these occur in the word",1-R.2,"Read sight words set 1: ate, he, of, that, was",https://uk.ixl.com/english/year-1/read-sight-words-set-1-ate-he-of-that-was
Key Stage 1,Year 1,Reading,Word Reading,"Read common exception words, noting unusual correspondences between spelling and sound and where these occur in the word",1-R.3,"Read sight words set 2: are, green, on, please, they",https://uk.ixl.com/english/year-1/read-sight-words-set-2-are-green-on-please-they
Key Stage 1,Year 1,Reading,Word Reading,"Read common exception words, noting unusual correspondences between spelling and sound and where these occur in the word",1-R.4,"Read sight words set 3: be, have, or, pretty, this",https://uk.ixl.com/english/year-1/read-sight-words-set-3-be-have-or-pretty-this
Key Stage 1,Year 1,Reading,Word Reading,"Read common exception words, noting unusual correspondences between spelling and sound and where these occur in the word",1-R.5,"Read sight words: review sets 1, 2, 3",https://uk.ixl.com/english/year-1/read-sight-words-review-sets-1-2-3
Key Stage 1,Year 1,Reading,Word Reading,"Read common exception words, noting unusual correspondences between spelling and sound and where these occur in the word",1-R.6,"Read sight words set 4: all, but, ride, saw, what",https://uk.ixl.com/english/year-1/read-sight-words-set-4-all-but-ride-saw-what
Key Stage 1,Year 1,Reading,Word Reading,"Read common exception words, noting unusual correspondences between spelling and sound and where these occur in the word",1-R.7,"Read sight words set 5: about, like, she, under, we",https://uk.ixl.com/english/year-1/read-sight-words-set-5-about-like-she-under-we
Key Stage 1,Year 1,Reading,Word Reading,"Read common exception words, noting unusual correspondences between spelling and sound and where these occur in the word",1-R.8,"Read sight words set 6: black, into, made, ran, white",https://uk.ixl.com/english/year-1/read-sight-words-set-6-black-into-made-ran-white
Key Stage 1,Year 1,Reading,Word Reading,"Read common exception words, noting unusual correspondences between spelling and sound and where these occur in the word",1-R.9,"Read sight words: review sets 4, 5, 6",https://uk.ixl.com/english/year-1/read-sight-words-review-sets-4-5-6
Key Stage 1,Year 1,Reading,Word Reading,"Read common exception words, noting unusual correspondences between spelling and sound and where these occur in the word",1-R.10,"Read sight words set 7: am, did, get, now, well",https://uk.ixl.com/english/year-1/read-sight-words-set-7-am-did-get-now-well
Key Stage 1,Year 1,Reading,Word Reading,"Read common exception words, noting unusual correspondences between spelling and sound and where these occur in the word",1-R.11,"Read sight words set 8: fast, good, him, take, will",https://uk.ixl.com/english/year-1/read-sight-words-set-8-fast-good-him-take-will
Key Stage 1,Year 1,Reading,Word Reading,"Read common exception words, noting unusual correspondences between spelling and sound and where these occur in the word",1-R.12,"Read sight words set 9: came, going, say, too, with",https://uk.ixl.com/english/year-1/read-sight-words-set-9-came-going-say-too-with
Key Stage 1,Year 1,Reading,Word Reading,"Read common exception words, noting unusual correspondences between spelling and sound and where these occur in the word",1-R.13,"Read sight words set 10: brown, does, eat, must, went",https://uk.ixl.com/english/year-1/read-sight-words-set-10-brown-does-eat-must-went
Key Stage 1,Year 1,Reading,Word Reading,"Read common exception words, noting unusual correspondences between spelling and sound and where these occur in the word",1-R.14,"Read sight words: review sets 7, 8, 9, 10",https://uk.ixl.com/english/year-1/read-sight-words-review-sets-7-8-9-10
Key Stage 1,Year 1,Reading,Word Reading,"Read common exception words, noting unusual correspondences between spelling and sound and where these occur in the word",1-R.15,Read sight words: review sets 1–10,https://uk.ixl.com/english/year-1/read-sight-words-review-sets-1-10
Key Stage 1,Year 1,Reading,Word Reading,"Read common exception words, noting unusual correspondences between spelling and sound and where these occur in the word",1-R.16,Complete the sentence with the correct sight word,https://uk.ixl.com/english/year-1/complete-the-sentence-with-the-correct-sight-word
Key Stage 1,Year 1,Reading,Word Reading,"Read words containing taught GPCs and –s, –es, –ing, –ed, –er and –est endings",1-GG.2,Choose the singular or plural noun that matches the picture,https://uk.ixl.com/english/year-1/choose-the-singular-or-plural-noun-that-matches-the-picture
Key Stage 1,Year 1,Reading,Word Reading,"Read words containing taught GPCs and –s, –es, –ing, –ed, –er and –est endings",2-JJ.9,Match the -ed and -ing sentences to the pictures,https://uk.ixl.com/english/year-2/match-the-ed-and-ing-sentences-to-the-pictures
Key Stage 1,Year 1,Reading,Word Reading,Read other words of more than one syllable that contain taught GPCs,2-R.1,Put two syllables together to create a word: easier,https://uk.ixl.com/english/year-2/put-two-syllables-together-to-create-a-word-easier
Key Stage 1,Year 1,Reading,Word Reading,"Read words with contractions [for example, I'm, I'll, we'll], and understand that the apostrophe represents the omitted letter(s)",2-OO.1,Match the contractions,https://uk.ixl.com/english/year-2/match-the-contractions
Key Stage 1,Year 1,Reading,Comprehension,"Develop pleasure in reading, motivation to read, vocabulary and understanding by: > Being encouraged to link what they read or hear read to their own experiences",1-T.1,Which could happen in real life?,https://uk.ixl.com/english/year-1/which-could-happen-in-real-life
Key Stage 1,Year 1,Reading,Comprehension,"Develop pleasure in reading, motivation to read, vocabulary and understanding by: > Being encouraged to link what they read or hear read to their own experiences",1-V.2,What will happen next?,https://uk.ixl.com/english/year-1/what-will-happen-next
Key Stage 1,Year 1,Reading,Comprehension,"Develop pleasure in reading, motivation to read, vocabulary and understanding by: > Discussing word meanings, linking new meanings to those already known",1-DD.1,Multiple-meaning words with pictures,https://uk.ixl.com/english/year-1/multiple-meaning-words-with-pictures
Key Stage 1,Year 1,Reading,Comprehension,Understand both the books they can already read accurately and fluently and those they listen to by: > Drawing on what they already know or on background information and vocabulary provided by the teacher,1-T.1,Which could happen in real life?,https://uk.ixl.com/english/year-1/which-could-happen-in-real-life
Key Stage 1,Year 1,Reading,Comprehension,Understand both the books they can already read accurately and fluently and those they listen to by: > Discussing the significance of the title and events,1-S.1,Identify book parts and features,https://uk.ixl.com/english/year-1/identify-book-parts-and-features
Key Stage 1,Year 1,Reading,Comprehension,Understand both the books they can already read accurately and fluently and those they listen to by: > Making inferences on the basis of what is being said and done,1-V.1,Which feeling matches the picture?,https://uk.ixl.com/english/year-1/which-feeling-matches-the-picture
Key Stage 1,Year 1,Reading,Comprehension,Understand both the books they can already read accurately and fluently and those they listen to by: > Making inferences on the basis of what is being said and done,1-W.1,What am I?,https://uk.ixl.com/english/year-1/what-am-i
Key Stage 1,Year 1,Reading,Comprehension,Understand both the books they can already read accurately and fluently and those they listen to by: > Predicting what might happen on the basis of what has been read so far,1-V.2,What will happen next?,https://uk.ixl.com/english/year-1/what-will-happen-next
Key Stage 1,Year 1,Writing,Transcription,Spell: > Words containing each of the 40+ phonemes already taught,1-J.2,Complete the word with the right initial consonant blend,https://uk.ixl.com/english/year-1/complete-the-word-with-the-right-initial-consonant-blend
Key Stage 1,Year 1,Writing,Transcription,Spell: > Words containing each of the 40+ phonemes already taught,1-J.5,Complete the word with the right final consonant blend,https://uk.ixl.com/english/year-1/complete-the-word-with-the-right-final-consonant-blend
Key Stage 1,Year 1,Writing,Transcription,Spell: > Words containing each of the 40+ phonemes already taught,1-K.3,Complete the short a word,https://uk.ixl.com/english/year-1/complete-the-short-a-word
Key Stage 1,Year 1,Writing,Transcription,Spell: > Words containing each of the 40+ phonemes already taught,1-L.3,Complete the short e word,https://uk.ixl.com/english/year-1/complete-the-short-e-word
Key Stage 1,Year 1,Writing,Transcription,Spell: > Words containing each of the 40+ phonemes already taught,1-M.3,Complete the short i words,https://uk.ixl.com/english/year-1/complete-the-short-i-words
Key Stage 1,Year 1,Writing,Transcription,Spell: > Words containing each of the 40+ phonemes already taught,1-N.3,Complete the short o word,https://uk.ixl.com/english/year-1/complete-the-short-o-word
Key Stage 1,Year 1,Writing,Transcription,Spell: > Words containing each of the 40+ phonemes already taught,1-O.3,Complete the short u word,https://uk.ixl.com/english/year-1/complete-the-short-u-word
Key Stage 1,Year 1,Writing,Transcription,Spell: > Words containing each of the 40+ phonemes already taught,1-P.2,Complete the word with the right short vowel,https://uk.ixl.com/english/year-1/complete-the-word-with-the-right-short-vowel
Key Stage 1,Year 1,Writing,Transcription,Spell: > Words containing each of the 40+ phonemes already taught,1-P.3,Spell the short vowel word,https://uk.ixl.com/english/year-1/spell-the-short-vowel-word
Key Stage 1,Year 1,Writing,Transcription,Spell: > Words containing each of the 40+ phonemes already taught,2-N.3,Spell the silent e word,https://uk.ixl.com/english/year-2/spell-the-silent-e-word
Key Stage 1,Year 1,Writing,Transcription,Spell: > Words containing each of the 40+ phonemes already taught,2-O.3,Complete the word with the right vowel digraph,https://uk.ixl.com/english/year-2/complete-the-word-with-the-right-vowel-digraph
Key Stage 1,Year 1,Writing,Transcription,Spell: > Words containing each of the 40+ phonemes already taught,2-Q.2,"Complete the word with the right diphthong: oi, oy, ou, ow",https://uk.ixl.com/english/year-2/complete-the-word-with-the-right-diphthong-oi-oy-ou-ow
Key Stage 1,Year 1,Writing,Transcription,Spell: > Common exception words,1-R.17,Spell the sight word,https://uk.ixl.com/english/year-1/spell-the-sight-word
Key Stage 1,Year 1,Writing,Transcription,Name the letters of the alphabet: > Naming the letters of the alphabet in order,1-B.11,Put the letters in ABC order,https://uk.ixl.com/english/year-1/put-the-letters-in-abc-order
Key Stage 1,Year 1,Writing,Transcription,Add prefixes and suffixes: > Using the spelling rule for adding –s or –es as the plural marker for nouns and the third person singular marker for verbs,2-FF.7,Form regular plurals with -s and -es,https://uk.ixl.com/english/year-2/form-regular-plurals-with-s-and-es
Key Stage 1,Year 1,Writing,Transcription,"Add prefixes and suffixes: > Using –ing, –ed, –er and –est where no change is needed in the spelling of root words [for example, helping, helped, helper, eating, quicker, quickest]",2-JJ.8,Complete the verb with the ending that you hear,https://uk.ixl.com/english/year-2/complete-the-verb-with-the-ending-that-you-hear
Key Stage 1,Year 1,Writing,Transcription,"Apply simple spelling rules and guidance, as listed in English Appendix 1",1-A.2,Find the letter in the alphabet: lowercase,https://uk.ixl.com/english/year-1/find-the-letter-in-the-alphabet-lowercase
Key Stage 1,Year 1,Writing,Transcription,"Apply simple spelling rules and guidance, as listed in English Appendix 1",1-A.3,Choose the letter that you hear: uppercase,https://uk.ixl.com/english/year-1/choose-the-letter-that-you-hear-uppercase
Key Stage 1,Year 1,Writing,Transcription,"Apply simple spelling rules and guidance, as listed in English Appendix 1",1-A.4,Choose the letter that you hear: lowercase,https://uk.ixl.com/english/year-1/choose-the-letter-that-you-hear-lowercase
Key Stage 1,Year 1,Writing,Transcription,"Apply simple spelling rules and guidance, as listed in English Appendix 1",1-A.5,Frequently confused letters: find the letter,https://uk.ixl.com/english/year-1/frequently-confused-letters-find-the-letter
Key Stage 1,Year 1,Writing,Transcription,"Apply simple spelling rules and guidance, as listed in English Appendix 1",1-A.6,Frequently confused letters: find all the letters,https://uk.ixl.com/english/year-1/frequently-confused-letters-find-all-the-letters
Key Stage 1,Year 1,Writing,Transcription,"Apply simple spelling rules and guidance, as listed in English Appendix 1",1-E.3,Sort by the number of syllables,https://uk.ixl.com/english/year-1/sort-by-the-number-of-syllables
Key Stage 1,Year 1,Writing,Transcription,"Apply simple spelling rules and guidance, as listed in English Appendix 1",1-G.4,Put the sounds in order,https://uk.ixl.com/english/year-1/put-the-sounds-in-order
Key Stage 1,Year 1,Writing,Transcription,"Apply simple spelling rules and guidance, as listed in English Appendix 1",1-I.2,"Choose the letter that matches the consonant sound: b, d, j, k, p, t, v, z",https://uk.ixl.com/english/year-1/choose-the-letter-that-matches-the-consonant-sound-b-d-j-k-p-t-v-z
Key Stage 1,Year 1,Writing,Transcription,"Apply simple spelling rules and guidance, as listed in English Appendix 1",1-I.3,"Choose the letter that matches the consonant sound: f, l, m, n, r, s",https://uk.ixl.com/english/year-1/choose-the-letter-that-matches-the-consonant-sound-f-l-m-n-r-s
Key Stage 1,Year 1,Writing,Transcription,"Apply simple spelling rules and guidance, as listed in English Appendix 1",1-I.4,"Choose the letter that matches the consonant sound: c, g, h, w",https://uk.ixl.com/english/year-1/choose-the-letter-that-matches-the-consonant-sound-c-g-h-w
Key Stage 1,Year 1,Writing,Transcription,"Apply simple spelling rules and guidance, as listed in English Appendix 1",1-I.5,Choose the letter that matches the consonant sound: review,https://uk.ixl.com/english/year-1/choose-the-letter-that-matches-the-consonant-sound-review
Key Stage 1,Year 1,Writing,Transcription,"Apply simple spelling rules and guidance, as listed in English Appendix 1",1-J.2,Complete the word with the right initial consonant blend,https://uk.ixl.com/english/year-1/complete-the-word-with-the-right-initial-consonant-blend
Key Stage 1,Year 1,Writing,Transcription,"Apply simple spelling rules and guidance, as listed in English Appendix 1",1-J.5,Complete the word with the right final consonant blend,https://uk.ixl.com/english/year-1/complete-the-word-with-the-right-final-consonant-blend
Key Stage 1,Year 1,Writing,Transcription,"Apply simple spelling rules and guidance, as listed in English Appendix 1",1-P.2,Complete the word with the right short vowel,https://uk.ixl.com/english/year-1/complete-the-word-with-the-right-short-vowel
Key Stage 1,Year 1,Writing,Transcription,"Apply simple spelling rules and guidance, as listed in English Appendix 1",1-P.3,Spell the short vowel word,https://uk.ixl.com/english/year-1/spell-the-short-vowel-word
Key Stage 1,Year 1,Writing,Transcription,"Apply simple spelling rules and guidance, as listed in English Appendix 1",1-R.17,Spell the sight word,https://uk.ixl.com/english/year-1/spell-the-sight-word
Key Stage 1,Year 1,Writing,Transcription,"Apply simple spelling rules and guidance, as listed in English Appendix 1",2-N.2,Complete the silent e words,https://uk.ixl.com/english/year-2/complete-the-silent-e-words
Key Stage 1,Year 1,Writing,Transcription,"Apply simple spelling rules and guidance, as listed in English Appendix 1",2-O.2,Complete the vowel digraph words,https://uk.ixl.com/english/year-2/complete-the-vowel-digraph-words
Key Stage 1,Year 1,Writing,Transcription,"Apply simple spelling rules and guidance, as listed in English Appendix 1",2-Q.2,"Complete the word with the right diphthong: oi, oy, ou, ow",https://uk.ixl.com/english/year-2/complete-the-word-with-the-right-diphthong-oi-oy-ou-ow
Key Stage 1,Year 1,Writing,Transcription,"Apply simple spelling rules and guidance, as listed in English Appendix 1",2-FF.7,Form regular plurals with -s and -es,https://uk.ixl.com/english/year-2/form-regular-plurals-with-s-and-es
Key Stage 1,Year 1,Writing,Transcription,"Apply simple spelling rules and guidance, as listed in English Appendix 1",2-JJ.8,Complete the verb with the ending that you hear,https://uk.ixl.com/english/year-2/complete-the-verb-with-the-ending-that-you-hear
Key Stage 1,Year 1,Writing,Transcription,"Apply simple spelling rules and guidance, as listed in English Appendix 1",3-CC.1,Form compound words,https://uk.ixl.com/english/year-3/form-compound-words
Key Stage 1,Year 1,Writing,Composition,Write sentences by: > Sequencing sentences to form short narratives,2-NN.3,Put the sentences in order,https://uk.ixl.com/english/year-2/put-the-sentences-in-order
Key Stage 1,Year 1,Writing,"Vocabulary, grammar and punctuation",Develop their understanding of the concepts set out in English Appendix 2 by: > Leaving spaces between words,1-C.2,Choose the sentence that is spaced correctly,https://uk.ixl.com/english/year-1/choose-the-sentence-that-is-spaced-correctly
Key Stage 1,Year 1,Writing,"Vocabulary, grammar and punctuation","Develop their understanding of the concepts set out in English Appendix 2 by: > Beginning to punctuate sentences using a capital letter and a full stop, question mark or exclamation mark",1-EE.1,Is it a telling sentence or an asking sentence?,https://uk.ixl.com/english/year-1/is-it-a-telling-sentence-or-an-asking-sentence
Key Stage 1,Year 1,Writing,"Vocabulary, grammar and punctuation","Develop their understanding of the concepts set out in English Appendix 2 by: > Beginning to punctuate sentences using a capital letter and a full stop, question mark or exclamation mark",1-EE.2,Identify and use end marks,https://uk.ixl.com/english/year-1/identify-and-use-end-marks
Key Stage 1,Year 1,Writing,"Vocabulary, grammar and punctuation","Develop their understanding of the concepts set out in English Appendix 2 by: > Beginning to punctuate sentences using a capital letter and a full stop, question mark or exclamation mark",1-FF.1,Capitalise the first letter of a sentence,https://uk.ixl.com/english/year-1/capitalise-the-first-letter-of-a-sentence
Key Stage 1,Year 1,Writing,"Vocabulary, grammar and punctuation","Develop their understanding of the concepts set out in English Appendix 2 by: > Using a capital letter for names of people, places, the days of the week, and the personal pronoun 'I'",1-FF.2,Capitalise the pronoun 'I',https://uk.ixl.com/english/year-1/capitalise-the-pronoun-i
Key Stage 1,Year 1,Writing,"Vocabulary, grammar and punctuation","Develop their understanding of the concepts set out in English Appendix 2 by: > Using a capital letter for names of people, places, the days of the week, and the personal pronoun 'I'",2-PP.1,Capitalise the names of people and pets,https://uk.ixl.com/english/year-2/capitalise-the-names-of-people-and-pets
Key Stage 1,Year 1,Writing,"Vocabulary, grammar and punctuation","Develop their understanding of the concepts set out in English Appendix 2 by: > Using a capital letter for names of people, places, the days of the week, and the personal pronoun 'I'",2-PP.2,Capitalise days and months,https://uk.ixl.com/english/year-2/capitalise-days-and-months
Key Stage 1,Year 1,Writing,"Vocabulary, grammar and punctuation",Develop their understanding of the concepts set out in English Appendix 2 by: > Learning the grammar for year 1 in English Appendix 2,1-EE.3,Find the complete sentence,https://uk.ixl.com/english/year-1/find-the-complete-sentence
Key Stage 1,Year 1,Writing,"Vocabulary, grammar and punctuation",Develop their understanding of the concepts set out in English Appendix 2 by: > Learning the grammar for year 1 in English Appendix 2,1-EE.4,Unscramble the words to make a complete sentence,https://uk.ixl.com/english/year-1/unscramble-the-words-to-make-a-complete-sentence
Key Stage 1,Year 1,Writing,"Vocabulary, grammar and punctuation",Develop their understanding of the concepts set out in English Appendix 2 by: > Learning the grammar for year 1 in English Appendix 2,1-GG.2,Choose the singular or plural noun that matches the picture,https://uk.ixl.com/english/year-1/choose-the-singular-or-plural-noun-that-matches-the-picture
Key Stage 1,Year 1,Writing,"Vocabulary, grammar and punctuation",Develop their understanding of the concepts set out in English Appendix 2 by: > Learning the grammar for year 1 in English Appendix 2,1-HH.3,Complete the sentence with an action verb to match the picture,https://uk.ixl.com/english/year-1/complete-the-sentence-with-an-action-verb-to-match-the-picture
Key Stage 1,Year 2,Reading,Word Reading,Continue to apply phonic knowledge and skills as the route to decode words until automatic decoding has become embedded and reading is fluent,2-JJ.9,Match the -ed and -ing sentences to the pictures,https://uk.ixl.com/english/year-2/match-the-ed-and-ing-sentences-to-the-pictures
Key Stage 1,Year 2,Reading,Word Reading,Continue to apply phonic knowledge and skills as the route to decode words until automatic decoding has become embedded and reading is fluent,3-K.1,Sort soft and hard g words and soft and hard c words,https://uk.ixl.com/english/year-3/sort-soft-and-hard-g-words-and-soft-and-hard-c-words
Key Stage 1,Year 2,Reading,Word Reading,Continue to apply phonic knowledge and skills as the route to decode words until automatic decoding has become embedded and reading is fluent,3-K.2,Pick the soft g or soft c word that matches the picture,https://uk.ixl.com/english/year-3/pick-the-soft-g-or-soft-c-word-that-matches-the-picture
Key Stage 1,Year 2,Reading,Word Reading,Continue to apply phonic knowledge and skills as the route to decode words until automatic decoding has become embedded and reading is fluent,3-K.3,Choose the soft g or soft c sentence that matches the picture,https://uk.ixl.com/english/year-3/choose-the-soft-g-or-soft-c-sentence-that-matches-the-picture
Key Stage 1,Year 2,Reading,Word Reading,Continue to apply phonic knowledge and skills as the route to decode words until automatic decoding has become embedded and reading is fluent,3-M.1,Complete the consonant-l-e words,https://uk.ixl.com/english/year-3/complete-the-consonant-l-e-words
Key Stage 1,Year 2,Reading,Word Reading,"Read accurately by blending the sounds in words that contain the graphemes taught so far, especially recognising alternative sounds for graphemes",2-D.1,Blend each sound in a word together,https://uk.ixl.com/english/year-2/blend-each-sound-in-a-word-together
Key Stage 1,Year 2,Reading,Word Reading,"Read accurately by blending the sounds in words that contain the graphemes taught so far, especially recognising alternative sounds for graphemes",3-J.2,Which word has a different vowel sound?,https://uk.ixl.com/english/year-3/which-word-has-a-different-vowel-sound
Key Stage 1,Year 2,Reading,Word Reading,Read accurately words of two or more syllables that contain the same graphemes as above,2-R.2,Put two syllables together to create a word: harder,https://uk.ixl.com/english/year-2/put-two-syllables-together-to-create-a-word-harder
Key Stage 1,Year 2,Reading,Word Reading,Read accurately words of two or more syllables that contain the same graphemes as above,2-R.4,Complete the sentence with a two-syllable word,https://uk.ixl.com/english/year-2/complete-the-sentence-with-a-two-syllable-word
Key Stage 1,Year 2,Reading,Word Reading,Read words containing common suffixes,2-BB.1,Use words with prefixes and suffixes,https://uk.ixl.com/english/year-2/use-words-with-prefixes-and-suffixes
Key Stage 1,Year 2,Reading,Word Reading,Read words containing common suffixes,2-BB.2,Understand words with prefixes and suffixes,https://uk.ixl.com/english/year-2/understand-words-with-prefixes-and-suffixes
Key Stage 1,Year 2,Reading,Word Reading,"Read further common exception words, noting unusual correspondences between spelling and sound and where these occur in the word",2-S.1,"Read sight words set 1: again, each, from, may, stop, than, when",https://uk.ixl.com/english/year-2/read-sight-words-set-1-again-each-from-may-stop-than-when
Key Stage 1,Year 2,Reading,Word Reading,"Read further common exception words, noting unusual correspondences between spelling and sound and where these occur in the word",2-S.2,"Read sight words set 2: after, best, gave, has, once, them, were",https://uk.ixl.com/english/year-2/read-sight-words-set-2-after-best-gave-has-once-them-were
Key Stage 1,Year 2,Reading,Word Reading,"Read further common exception words, noting unusual correspondences between spelling and sound and where these occur in the word",2-S.3,"Read sight words set 3: as, by, four, her, more, some, think, way",https://uk.ixl.com/english/year-2/read-sight-words-set-3-as-by-four-her-more-some-think-way
Key Stage 1,Year 2,Reading,Word Reading,"Read further common exception words, noting unusual correspondences between spelling and sound and where these occur in the word",2-S.4,"Read sight words: review sets 1, 2, 3",https://uk.ixl.com/english/year-2/read-sight-words-review-sets-1-2-3
Key Stage 1,Year 2,Reading,Word Reading,"Read further common exception words, noting unusual correspondences between spelling and sound and where these occur in the word",2-S.5,"Read sight words set 4: every, could, how, over, put, there, who",https://uk.ixl.com/english/year-2/read-sight-words-set-4-every-could-how-over-put-there-who
Key Stage 1,Year 2,Reading,Word Reading,"Read further common exception words, noting unusual correspondences between spelling and sound and where these occur in the word",2-S.6,"Read sight words set 5: ask, five, just, long, read, then, want",https://uk.ixl.com/english/year-2/read-sight-words-set-5-ask-five-just-long-read-then-want
Key Stage 1,Year 2,Reading,Word Reading,"Read further common exception words, noting unusual correspondences between spelling and sound and where these occur in the word",2-S.7,"Read sight words set 6: any, give, his, new, open, sleep, wish",https://uk.ixl.com/english/year-2/read-sight-words-set-6-any-give-his-new-open-sleep-wish
Key Stage 1,Year 2,Reading,Word Reading,"Read further common exception words, noting unusual correspondences between spelling and sound and where these occur in the word",2-S.8,"Read sight words set 7: also, fly, know, live, old, soon, why",https://uk.ixl.com/english/year-2/read-sight-words-set-7-also-fly-know-live-old-soon-why
Key Stage 1,Year 2,Reading,Word Reading,"Read further common exception words, noting unusual correspondences between spelling and sound and where these occur in the word",2-S.9,"Read sight words: review sets 4, 5, 6, 7",https://uk.ixl.com/english/year-2/read-sight-words-review-sets-4-5-6-7
Key Stage 1,Year 2,Reading,Word Reading,"Read further common exception words, noting unusual correspondences between spelling and sound and where these occur in the word",2-S.10,Read sight words: review sets 1–7,https://uk.ixl.com/english/year-2/read-sight-words-review-sets-1-7
Key Stage 1,Year 2,Reading,Word Reading,"Read further common exception words, noting unusual correspondences between spelling and sound and where these occur in the word",2-S.11,Complete the sentence with the correct sight word,https://uk.ixl.com/english/year-2/complete-the-sentence-with-the-correct-sight-word
Key Stage 1,Year 2,Reading,Comprehension,"Develop pleasure in reading, motivation to read, vocabulary and understanding by: > Discussing the sequence of events in books and how items of information are related",2-NN.2,Identify time-order words,https://uk.ixl.com/english/year-2/identify-time-order-words
Key Stage 1,Year 2,Reading,Comprehension,"Develop pleasure in reading, motivation to read, vocabulary and understanding by: > Discussing and clarifying the meanings of words, linking new meanings to known vocabulary",2-Z.1,Multiple-meaning words with pictures,https://uk.ixl.com/english/year-2/multiple-meaning-words-with-pictures
Key Stage 1,Year 2,Reading,Comprehension,"Develop pleasure in reading, motivation to read, vocabulary and understanding by: > Discussing and clarifying the meanings of words, linking new meanings to known vocabulary",2-AA.1,Find the words with related meanings,https://uk.ixl.com/english/year-2/find-the-words-with-related-meanings
Key Stage 1,Year 2,Reading,Comprehension,"Develop pleasure in reading, motivation to read, vocabulary and understanding by: > Discussing and clarifying the meanings of words, linking new meanings to known vocabulary",2-AA.2,Describe the difference between related words,https://uk.ixl.com/english/year-2/describe-the-difference-between-related-words
Key Stage 1,Year 2,Reading,Comprehension,"Develop pleasure in reading, motivation to read, vocabulary and understanding by: > Discussing and clarifying the meanings of words, linking new meanings to known vocabulary",2-AA.3,Order related words based on meaning,https://uk.ixl.com/english/year-2/order-related-words-based-on-meaning
Key Stage 1,Year 2,Reading,Comprehension,"Develop pleasure in reading, motivation to read, vocabulary and understanding by: > Discussing and clarifying the meanings of words, linking new meanings to known vocabulary",2-CC.1,Use context to identify the meaning of a word,https://uk.ixl.com/english/year-2/use-context-to-identify-the-meaning-of-a-word
Key Stage 1,Year 2,Reading,Comprehension,Understand both the books that they can already read accurately and fluently and those that they listen to by: > Drawing on what they already know or on background information and vocabulary provided by the teacher,2-T.1,Which could happen in real life?,https://uk.ixl.com/english/year-2/which-could-happen-in-real-life
Key Stage 1,Year 2,Reading,Comprehension,Understand both the books that they can already read accurately and fluently and those that they listen to by: > Making inferences on the basis of what is being said and done,2-U.1,What is the picture about?,https://uk.ixl.com/english/year-2/what-is-the-picture-about
Key Stage 1,Year 2,Reading,Comprehension,Understand both the books that they can already read accurately and fluently and those that they listen to by: > Making inferences on the basis of what is being said and done,2-V.1,Which feeling matches the picture?,https://uk.ixl.com/english/year-2/which-feeling-matches-the-picture
Key Stage 1,Year 2,Reading,Comprehension,Understand both the books that they can already read accurately and fluently and those that they listen to by: > Making inferences on the basis of what is being said and done,2-V.3,What am I?,https://uk.ixl.com/english/year-2/what-am-i
Key Stage 1,Year 2,Reading,Comprehension,Understand both the books that they can already read accurately and fluently and those that they listen to by: > Answering and asking questions,2-T.1,Which could happen in real life?,https://uk.ixl.com/english/year-2/which-could-happen-in-real-life
Key Stage 1,Year 2,Reading,Comprehension,Understand both the books that they can already read accurately and fluently and those that they listen to by: > Answering and asking questions,2-U.1,What is the picture about?,https://uk.ixl.com/english/year-2/what-is-the-picture-about
Key Stage 1,Year 2,Reading,Comprehension,Understand both the books that they can already read accurately and fluently and those that they listen to by: > Answering and asking questions,2-V.1,Which feeling matches the picture?,https://uk.ixl.com/english/year-2/which-feeling-matches-the-picture
Key Stage 1,Year 2,Reading,Comprehension,Understand both the books that they can already read accurately and fluently and those that they listen to by: > Answering and asking questions,2-V.2,What will happen next?,https://uk.ixl.com/english/year-2/what-will-happen-next
Key Stage 1,Year 2,Reading,Comprehension,Understand both the books that they can already read accurately and fluently and those that they listen to by: > Predicting what might happen on the basis of what has been read so far,2-V.2,What will happen next?,https://uk.ixl.com/english/year-2/what-will-happen-next
Key Stage 1,Year 2,Writing,Transcription,"Spell by: > Segmenting spoken words into phonemes and representing these by graphemes, spelling many correctly",2-D.2,Identify each sound in a word,https://uk.ixl.com/english/year-2/identify-each-sound-in-a-word
Key Stage 1,Year 2,Writing,Transcription,"Spell by: > Segmenting spoken words into phonemes and representing these by graphemes, spelling many correctly",2-D.3,Put the sounds in order,https://uk.ixl.com/english/year-2/put-the-sounds-in-order
Key Stage 1,Year 2,Writing,Transcription,"Spell by: > Segmenting spoken words into phonemes and representing these by graphemes, spelling many correctly",2-R.2,Put two syllables together to create a word: harder,https://uk.ixl.com/english/year-2/put-two-syllables-together-to-create-a-word-harder
Key Stage 1,Year 2,Writing,Transcription,"Spell by: > Learning new ways of spelling phonemes for which one or more spellings are already known, and learn some words with each spelling, including a few common homophones",3-J.1,Complete words with variant vowels,https://uk.ixl.com/english/year-3/complete-words-with-variant-vowels
Key Stage 1,Year 2,Writing,Transcription,"Spell by: > Learning new ways of spelling phonemes for which one or more spellings are already known, and learn some words with each spelling, including a few common homophones",3-FF.3,Use the correct homophone,https://uk.ixl.com/english/year-3/use-the-correct-homophone
Key Stage 1,Year 2,Writing,Transcription,Spell by: > Learning to spell common exception words,2-S.12,Spell the sight word,https://uk.ixl.com/english/year-2/spell-the-sight-word
Key Stage 1,Year 2,Writing,Transcription,Spell by: > Learning to spell more words with contracted forms,2-OO.1,Match the contractions,https://uk.ixl.com/english/year-2/match-the-contractions
Key Stage 1,Year 2,Writing,Transcription,Spell by: > Learning to spell more words with contracted forms,2-OO.2,Form pronoun-verb contractions,https://uk.ixl.com/english/year-2/form-pronoun-verb-contractions
Key Stage 1,Year 2,Writing,Transcription,Spell by: > Learning to spell more words with contracted forms,2-OO.3,Form contractions with 'not',https://uk.ixl.com/english/year-2/form-contractions-with-not
Key Stage 1,Year 2,Writing,Transcription,"Spell by: > Learning the possessive apostrophe (singular) [for example, the girl's book]",2-FF.10,Select the possessive noun that matches the picture,https://uk.ixl.com/english/year-2/select-the-possessive-noun-that-matches-the-picture
Key Stage 1,Year 2,Writing,Transcription,"Spell by: > Learning the possessive apostrophe (singular) [for example, the girl's book]",2-FF.11,Form the singular possessive,https://uk.ixl.com/english/year-2/form-the-singular-possessive
Key Stage 1,Year 2,Writing,Transcription,Spell by: > Distinguishing between homophones and near-homophones,3-FF.1,Homophones with pictures,https://uk.ixl.com/english/year-3/homophones-with-pictures
Key Stage 1,Year 2,Writing,Transcription,Spell by: > Distinguishing between homophones and near-homophones,3-FF.2,Identify homophones,https://uk.ixl.com/english/year-3/identify-homophones
Key Stage 1,Year 2,Writing,Transcription,"Apply spelling rules and guidance, as listed in English Appendix 1",2-F.5,Fill in the missing consonant blend,https://uk.ixl.com/english/year-2/fill-in-the-missing-consonant-blend
Key Stage 1,Year 2,Writing,Transcription,"Apply spelling rules and guidance, as listed in English Appendix 1",2-F.6,"Complete the word to match the picture: -ss, -ll, -ff, -zz, -ck",https://uk.ixl.com/english/year-2/complete-the-word-to-match-the-picture-ss-ll-ff-zz-ck
Key Stage 1,Year 2,Writing,Transcription,"Apply spelling rules and guidance, as listed in English Appendix 1",2-F.9,Spell the digraph word,https://uk.ixl.com/english/year-2/spell-the-digraph-word
Key Stage 1,Year 2,Writing,Transcription,"Apply spelling rules and guidance, as listed in English Appendix 1",2-N.3,Spell the silent e word,https://uk.ixl.com/english/year-2/spell-the-silent-e-word
Key Stage 1,Year 2,Writing,Transcription,"Apply spelling rules and guidance, as listed in English Appendix 1",2-O.3,Complete the word with the right vowel digraph,https://uk.ixl.com/english/year-2/complete-the-word-with-the-right-vowel-digraph
Key Stage 1,Year 2,Writing,Transcription,"Apply spelling rules and guidance, as listed in English Appendix 1",2-P.6,Use spelling patterns to sort long and short vowel words,https://uk.ixl.com/english/year-2/use-spelling-patterns-to-sort-long-and-short-vowel-words
Key Stage 1,Year 2,Writing,Transcription,"Apply spelling rules and guidance, as listed in English Appendix 1",2-Q.2,"Complete the word with the right diphthong: oi, oy, ou, ow",https://uk.ixl.com/english/year-2/complete-the-word-with-the-right-diphthong-oi-oy-ou-ow
Key Stage 1,Year 2,Writing,Transcription,"Apply spelling rules and guidance, as listed in English Appendix 1",2-R.1,Put two syllables together to create a word: easier,https://uk.ixl.com/english/year-2/put-two-syllables-together-to-create-a-word-easier
Key Stage 1,Year 2,Writing,Transcription,"Apply spelling rules and guidance, as listed in English Appendix 1",2-R.2,Put two syllables together to create a word: harder,https://uk.ixl.com/english/year-2/put-two-syllables-together-to-create-a-word-harder
Key Stage 1,Year 2,Writing,Transcription,"Apply spelling rules and guidance, as listed in English Appendix 1",2-R.3,Complete the two-syllable words,https://uk.ixl.com/english/year-2/complete-the-two-syllable-words
Key Stage 1,Year 2,Writing,Transcription,"Apply spelling rules and guidance, as listed in English Appendix 1",2-S.12,Spell the sight word,https://uk.ixl.com/english/year-2/spell-the-sight-word
Key Stage 1,Year 2,Writing,Transcription,"Apply spelling rules and guidance, as listed in English Appendix 1",2-FF.7,Form regular plurals with -s and -es,https://uk.ixl.com/english/year-2/form-regular-plurals-with-s-and-es
Key Stage 1,Year 2,Writing,Transcription,"Apply spelling rules and guidance, as listed in English Appendix 1",2-FF.10,Select the possessive noun that matches the picture,https://uk.ixl.com/english/year-2/select-the-possessive-noun-that-matches-the-picture
Key Stage 1,Year 2,Writing,Transcription,"Apply spelling rules and guidance, as listed in English Appendix 1",2-FF.11,Form the singular possessive,https://uk.ixl.com/english/year-2/form-the-singular-possessive
Key Stage 1,Year 2,Writing,Transcription,"Apply spelling rules and guidance, as listed in English Appendix 1",2-JJ.5,Form and use the regular past tense,https://uk.ixl.com/english/year-2/form-and-use-the-regular-past-tense
Key Stage 1,Year 2,Writing,Transcription,"Apply spelling rules and guidance, as listed in English Appendix 1",2-JJ.8,Complete the verb with the ending that you hear,https://uk.ixl.com/english/year-2/complete-the-verb-with-the-ending-that-you-hear
Key Stage 1,Year 2,Writing,Transcription,"Apply spelling rules and guidance, as listed in English Appendix 1",2-LL.4,Compare pictures using comparative and superlative adjectives,https://uk.ixl.com/english/year-2/compare-pictures-using-comparative-and-superlative-adjectives
Key Stage 1,Year 2,Writing,Transcription,"Apply spelling rules and guidance, as listed in English Appendix 1",2-OO.2,Form pronoun-verb contractions,https://uk.ixl.com/english/year-2/form-pronoun-verb-contractions
Key Stage 1,Year 2,Writing,Transcription,"Apply spelling rules and guidance, as listed in English Appendix 1",2-OO.3,Form contractions with 'not',https://uk.ixl.com/english/year-2/form-contractions-with-not
Key Stage 1,Year 2,Writing,Transcription,"Apply spelling rules and guidance, as listed in English Appendix 1",3-K.4,Spell the soft g or soft c word,https://uk.ixl.com/english/year-3/spell-the-soft-g-or-soft-c-word
Key Stage 1,Year 2,Writing,Transcription,"Apply spelling rules and guidance, as listed in English Appendix 1",3-M.2,Choose the correct spelling of the consonant-l-e word,https://uk.ixl.com/english/year-3/choose-the-correct-spelling-of-the-consonant-l-e-word
Key Stage 1,Year 2,Writing,Transcription,"Apply spelling rules and guidance, as listed in English Appendix 1",3-M.3,Spell the consonant-l-e word,https://uk.ixl.com/english/year-3/spell-the-consonant-l-e-word
Key Stage 1,Year 2,Writing,Transcription,"Apply spelling rules and guidance, as listed in English Appendix 1",3-FF.1,Homophones with pictures,https://uk.ixl.com/english/year-3/homophones-with-pictures
Key Stage 1,Year 2,Writing,Transcription,"Apply spelling rules and guidance, as listed in English Appendix 1",3-FF.2,Identify homophones,https://uk.ixl.com/english/year-3/identify-homophones
Key Stage 1,Year 2,Writing,Transcription,"Write from memory simple sentences dictated by the teacher that include words using the GPCs, common exception words and punctuation taught so far",2-EE.10,Complete the sentence,https://uk.ixl.com/english/year-2/complete-the-sentence
Key Stage 1,Year 2,Writing,Composition,Develop positive attitudes towards and stamina for writing by: > Writing narratives about personal experiences and those of others (real and fictional),2-NN.2,Identify time-order words,https://uk.ixl.com/english/year-2/identify-time-order-words
Key Stage 1,Year 2,Writing,Composition,Develop positive attitudes towards and stamina for writing by: > Writing poetry,2-C.3,Complete the rhyme,https://uk.ixl.com/english/year-2/complete-the-rhyme
Key Stage 1,Year 2,Writing,Composition,Develop positive attitudes towards and stamina for writing by: > Writing poetry,2-C.4,Complete the poem with a word that rhymes,https://uk.ixl.com/english/year-2/complete-the-poem-with-a-word-that-rhymes
Key Stage 1,Year 2,Writing,Composition,Develop positive attitudes towards and stamina for writing by: > Writing for different purposes,3-R.1,Identify the purpose of a text,https://uk.ixl.com/english/year-3/identify-the-purpose-of-a-text
Key Stage 1,Year 2,Writing,Composition,"Make simple additions, revisions and corrections to their own writing by: > Re-reading to check that their writing makes sense and that verbs to indicate time are used correctly and consistently, including verbs in the continuous form",2-JJ.1,Select the sentence that tells about the present,https://uk.ixl.com/english/year-2/select-the-sentence-that-tells-about-the-present
Key Stage 1,Year 2,Writing,Composition,"Make simple additions, revisions and corrections to their own writing by: > Re-reading to check that their writing makes sense and that verbs to indicate time are used correctly and consistently, including verbs in the continuous form",2-JJ.2,Select the sentence that tells about the past,https://uk.ixl.com/english/year-2/select-the-sentence-that-tells-about-the-past
Key Stage 1,Year 2,Writing,Composition,"Make simple additions, revisions and corrections to their own writing by: > Re-reading to check that their writing makes sense and that verbs to indicate time are used correctly and consistently, including verbs in the continuous form",2-JJ.8,Complete the verb with the ending that you hear,https://uk.ixl.com/english/year-2/complete-the-verb-with-the-ending-that-you-hear
Key Stage 1,Year 2,Writing,Composition,"Make simple additions, revisions and corrections to their own writing by: > Re-reading to check that their writing makes sense and that verbs to indicate time are used correctly and consistently, including verbs in the continuous form",2-JJ.9,Match the -ed and -ing sentences to the pictures,https://uk.ixl.com/english/year-2/match-the-ed-and-ing-sentences-to-the-pictures
Key Stage 1,Year 2,Writing,Composition,"Make simple additions, revisions and corrections to their own writing by: > Proof-reading to check for errors in spelling, grammar and punctuation [for example, ends of sentences punctuated correctly]",2-EE.5,Choose the right end mark,https://uk.ixl.com/english/year-2/choose-the-right-end-mark
Key Stage 1,Year 2,Writing,Composition,"Make simple additions, revisions and corrections to their own writing by: > Proof-reading to check for errors in spelling, grammar and punctuation [for example, ends of sentences punctuated correctly]",2-OO.1,Match the contractions,https://uk.ixl.com/english/year-2/match-the-contractions
Key Stage 1,Year 2,Writing,"Vocabulary, grammar and punctuation","Develop their understanding of the concepts set out in English Appendix 2 by: > Learning how to use both familiar and new punctuation correctly (see English Appendix 2), including full stops, capital letters, exclamation marks, question marks, commas for lists and apostrophes for contracted forms and the possessive (singular)",2-EE.5,Choose the right end mark,https://uk.ixl.com/english/year-2/choose-the-right-end-mark
Key Stage 1,Year 2,Writing,"Vocabulary, grammar and punctuation","Develop their understanding of the concepts set out in English Appendix 2 by: > Learning how to use both familiar and new punctuation correctly (see English Appendix 2), including full stops, capital letters, exclamation marks, question marks, commas for lists and apostrophes for contracted forms and the possessive (singular)",2-FF.11,Form the singular possessive,https://uk.ixl.com/english/year-2/form-the-singular-possessive
Key Stage 1,Year 2,Writing,"Vocabulary, grammar and punctuation","Develop their understanding of the concepts set out in English Appendix 2 by: > Learning how to use both familiar and new punctuation correctly (see English Appendix 2), including full stops, capital letters, exclamation marks, question marks, commas for lists and apostrophes for contracted forms and the possessive (singular)",2-OO.1,Match the contractions,https://uk.ixl.com/english/year-2/match-the-contractions
Key Stage 1,Year 2,Writing,"Vocabulary, grammar and punctuation","Develop their understanding of the concepts set out in English Appendix 2 by: > Learning how to use both familiar and new punctuation correctly (see English Appendix 2), including full stops, capital letters, exclamation marks, question marks, commas for lists and apostrophes for contracted forms and the possessive (singular)",2-OO.2,Form pronoun-verb contractions,https://uk.ixl.com/english/year-2/form-pronoun-verb-contractions
Key Stage 1,Year 2,Writing,"Vocabulary, grammar and punctuation","Develop their understanding of the concepts set out in English Appendix 2 by: > Learning how to use both familiar and new punctuation correctly (see English Appendix 2), including full stops, capital letters, exclamation marks, question marks, commas for lists and apostrophes for contracted forms and the possessive (singular)",2-OO.3,Form contractions with 'not',https://uk.ixl.com/english/year-2/form-contractions-with-not
Key Stage 1,Year 2,Writing,"Vocabulary, grammar and punctuation","Develop their understanding of the concepts set out in English Appendix 2 by: > Learning how to use both familiar and new punctuation correctly (see English Appendix 2), including full stops, capital letters, exclamation marks, question marks, commas for lists and apostrophes for contracted forms and the possessive (singular)",2-PP.3,Capitalise sentences and the pronoun 'I',https://uk.ixl.com/english/year-2/capitalise-sentences-and-the-pronoun-i
Key Stage 1,Year 2,Writing,"Vocabulary, grammar and punctuation","Learn how to use: > Sentences with different forms: statement, question, exclamation, command",2-EE.1,Identify statements,https://uk.ixl.com/english/year-2/identify-statements
Key Stage 1,Year 2,Writing,"Vocabulary, grammar and punctuation","Learn how to use: > Sentences with different forms: statement, question, exclamation, command",2-EE.2,Identify questions,https://uk.ixl.com/english/year-2/identify-questions
Key Stage 1,Year 2,Writing,"Vocabulary, grammar and punctuation","Learn how to use: > Sentences with different forms: statement, question, exclamation, command",2-EE.3,Identify exclamations,https://uk.ixl.com/english/year-2/identify-exclamations
Key Stage 1,Year 2,Writing,"Vocabulary, grammar and punctuation","Learn how to use: > Sentences with different forms: statement, question, exclamation, command",2-EE.4,Identify commands,https://uk.ixl.com/english/year-2/identify-commands
Key Stage 1,Year 2,Writing,"Vocabulary, grammar and punctuation","Learn how to use: > Sentences with different forms: statement, question, exclamation, command",2-EE.6,"Statement, question, command or exclamation?",https://uk.ixl.com/english/year-2/statement-question-command-or-exclamation
Key Stage 1,Year 2,Writing,"Vocabulary, grammar and punctuation","Learn how to use: > Expanded noun phrases to describe and specify [for example, the blue butterfly]",2-W.3,Use number words,https://uk.ixl.com/english/year-2/use-number-words
Key Stage 1,Year 2,Writing,"Vocabulary, grammar and punctuation","Learn how to use: > Expanded noun phrases to describe and specify [for example, the blue butterfly]",2-LL.1,Use sense words,https://uk.ixl.com/english/year-2/use-sense-words
Key Stage 1,Year 2,Writing,"Vocabulary, grammar and punctuation",Learn how to use: > The present and past tenses correctly and consistently including the progressive form,2-JJ.1,Select the sentence that tells about the present,https://uk.ixl.com/english/year-2/select-the-sentence-that-tells-about-the-present
Key Stage 1,Year 2,Writing,"Vocabulary, grammar and punctuation",Learn how to use: > The present and past tenses correctly and consistently including the progressive form,2-JJ.2,Select the sentence that tells about the past,https://uk.ixl.com/english/year-2/select-the-sentence-that-tells-about-the-past
Key Stage 1,Year 2,Writing,"Vocabulary, grammar and punctuation",Learn how to use: > The present and past tenses correctly and consistently including the progressive form,2-JJ.5,Form and use the regular past tense,https://uk.ixl.com/english/year-2/form-and-use-the-regular-past-tense
Key Stage 1,Year 2,Writing,"Vocabulary, grammar and punctuation",Learn how to use: > The present and past tenses correctly and consistently including the progressive form,2-JJ.6,Identify the irregular past tense,https://uk.ixl.com/english/year-2/identify-the-irregular-past-tense
Key Stage 1,Year 2,Writing,"Vocabulary, grammar and punctuation",Learn how to use: > The present and past tenses correctly and consistently including the progressive form,2-JJ.7,Place sentences with irregular verbs on a timeline,https://uk.ixl.com/english/year-2/place-sentences-with-irregular-verbs-on-a-timeline
Key Stage 1,Year 2,Writing,"Vocabulary, grammar and punctuation",Learn how to use: > The present and past tenses correctly and consistently including the progressive form,2-JJ.10,To be: use the correct present tense form,https://uk.ixl.com/english/year-2/to-be-use-the-correct-present-tense-form
Key Stage 1,Year 2,Writing,"Vocabulary, grammar and punctuation",Learn how to use: > The present and past tenses correctly and consistently including the progressive form,2-JJ.11,To be: use the correct past tense form,https://uk.ixl.com/english/year-2/to-be-use-the-correct-past-tense-form
Key Stage 1,Year 2,Writing,"Vocabulary, grammar and punctuation",Learn how to use: > The present and past tenses correctly and consistently including the progressive form,2-JJ.12,To be: use the correct form,https://uk.ixl.com/english/year-2/to-be-use-the-correct-form
Key Stage 1,Year 2,Writing,"Vocabulary, grammar and punctuation","Learn how to use: > Subordination (using when, if, that, or because) and co-ordination (using or, and, or but)",2-NN.1,Use conjunctions,https://uk.ixl.com/english/year-2/use-conjunctions
Key Stage 1,Year 2,Writing,"Vocabulary, grammar and punctuation","Learn how to use: > Subordination (using when, if, that, or because) and co-ordination (using or, and, or but)",3-X.2,Use subordinating conjunctions,https://uk.ixl.com/english/year-3/use-subordinating-conjunctions
Key Stage 1,Year 2,Writing,"Vocabulary, grammar and punctuation",Learn how to use: > The grammar for year 2 in English Appendix 2,2-EE.1,Identify statements,https://uk.ixl.com/english/year-2/identify-statements
Key Stage 1,Year 2,Writing,"Vocabulary, grammar and punctuation",Learn how to use: > The grammar for year 2 in English Appendix 2,2-EE.2,Identify questions,https://uk.ixl.com/english/year-2/identify-questions
Key Stage 1,Year 2,Writing,"Vocabulary, grammar and punctuation",Learn how to use: > The grammar for year 2 in English Appendix 2,2-EE.3,Identify exclamations,https://uk.ixl.com/english/year-2/identify-exclamations
Key Stage 1,Year 2,Writing,"Vocabulary, grammar and punctuation",Learn how to use: > The grammar for year 2 in English Appendix 2,2-EE.4,Identify commands,https://uk.ixl.com/english/year-2/identify-commands
Key Stage 1,Year 2,Writing,"Vocabulary, grammar and punctuation",Learn how to use: > The grammar for year 2 in English Appendix 2,2-JJ.1,Select the sentence that tells about the present,https://uk.ixl.com/english/year-2/select-the-sentence-that-tells-about-the-present
Key Stage 1,Year 2,Writing,"Vocabulary, grammar and punctuation",Learn how to use: > The grammar for year 2 in English Appendix 2,2-JJ.2,Select the sentence that tells about the past,https://uk.ixl.com/english/year-2/select-the-sentence-that-tells-about-the-past
Key Stage 1,Year 2,Writing,"Vocabulary, grammar and punctuation",Learn how to use: > The grammar for year 2 in English Appendix 2,2-LL.4,Compare pictures using comparative and superlative adjectives,https://uk.ixl.com/english/year-2/compare-pictures-using-comparative-and-superlative-adjectives
Key Stage 1,Year 2,Writing,"Vocabulary, grammar and punctuation",Learn how to use: > The grammar for year 2 in English Appendix 2,2-LL.5,Identify comparative and superlative adjectives,https://uk.ixl.com/english/year-2/identify-comparative-and-superlative-adjectives
Key Stage 1,Year 2,Writing,"Vocabulary, grammar and punctuation",Learn how to use: > The grammar for year 2 in English Appendix 2,2-LL.6,Does the adjective compare two or more than two?,https://uk.ixl.com/english/year-2/does-the-adjective-compare-two-or-more-than-two
Key Stage 1,Year 2,Writing,"Vocabulary, grammar and punctuation",Learn how to use: > The grammar for year 2 in English Appendix 2,2-NN.1,Use conjunctions,https://uk.ixl.com/english/year-2/use-conjunctions
Key Stage 1,Year 2,Writing,"Vocabulary, grammar and punctuation",Learn how to use: > The grammar for year 2 in English Appendix 2,3-X.2,Use subordinating conjunctions,https://uk.ixl.com/english/year-3/use-subordinating-conjunctions
Key Stage 1,Year 2,Writing,"Vocabulary, grammar and punctuation",Learn how to use: > The grammar for year 2 in English Appendix 2,3-CC.1,Form compound words,https://uk.ixl.com/english/year-3/form-compound-words
Key Stage 1,Year 2,Writing,"Vocabulary, grammar and punctuation",Learn how to use: > The grammar for year 2 in English Appendix 2,3-CC.2,Form and use compound words,https://uk.ixl.com/english/year-3/form-and-use-compound-words
Key Stage 1,Year 2,Writing,"Vocabulary, grammar and punctuation",Learn how to use: > The grammar for year 2 in English Appendix 2,3-SS.7,Identify adverbs,https://uk.ixl.com/english/year-3/identify-adverbs
Key Stage 2,Year 3,Reading,Word Reading,"Apply their growing knowledge of root words, prefixes and suffixes (etymology and morphology) as listed in English Appendix 1, both to read aloud and to understand the meaning of new words they meet",3-BB.2,"Identify base words, prefixes and suffixes",https://uk.ixl.com/english/year-3/identify-base-words-prefixes-and-suffixes
Key Stage 2,Year 3,Reading,Word Reading,"Apply their growing knowledge of root words, prefixes and suffixes (etymology and morphology) as listed in English Appendix 1, both to read aloud and to understand the meaning of new words they meet",3-BB.3,"Determine the meaning of a word with pre-, re- or mis-",https://uk.ixl.com/english/year-3/determine-the-meaning-of-a-word-with-pre-re-or-mis
Key Stage 2,Year 3,Reading,Word Reading,"Apply their growing knowledge of root words, prefixes and suffixes (etymology and morphology) as listed in English Appendix 1, both to read aloud and to understand the meaning of new words they meet",3-BB.4,"Use the prefixes pre-, re- and mis-",https://uk.ixl.com/english/year-3/use-the-prefixes-pre-re-and-mis
Key Stage 2,Year 3,Reading,Word Reading,"Apply their growing knowledge of root words, prefixes and suffixes (etymology and morphology) as listed in English Appendix 1, both to read aloud and to understand the meaning of new words they meet",3-BB.5,Determine the meaning of a word with -ful or -less,https://uk.ixl.com/english/year-3/determine-the-meaning-of-a-word-with-ful-or-less
Key Stage 2,Year 3,Reading,Word Reading,"Apply their growing knowledge of root words, prefixes and suffixes (etymology and morphology) as listed in English Appendix 1, both to read aloud and to understand the meaning of new words they meet",3-BB.6,Prefixes and suffixes: review,https://uk.ixl.com/english/year-3/prefixes-and-suffixes-review
Key Stage 2,Year 3,Reading,Word Reading,"Apply their growing knowledge of root words, prefixes and suffixes (etymology and morphology) as listed in English Appendix 1, both to read aloud and to understand the meaning of new words they meet",3-QQ.11,Match the -ed and -ing sentences to the pictures,https://uk.ixl.com/english/year-3/match-the-ed-and-ing-sentences-to-the-pictures
Key Stage 2,Year 3,Reading,Word Reading,"Read further exception words, noting the unusual correspondences between spelling and sound, and where these occur in the word",3-G.10,"Complete the sentence with the correct -ild, -ind, -old, -olt or -ost word",https://uk.ixl.com/english/year-3/complete-the-sentence-with-the-correct-ild-ind-old-olt-or-ost-word
Key Stage 2,Year 3,Reading,Word Reading,"Read further exception words, noting the unusual correspondences between spelling and sound, and where these occur in the word",3-N.1,Choose the sight word that you hear,https://uk.ixl.com/english/year-3/choose-the-sight-word-that-you-hear
Key Stage 2,Year 3,Reading,Word Reading,"Read further exception words, noting the unusual correspondences between spelling and sound, and where these occur in the word",3-N.2,Complete the sentence with the correct sight word,https://uk.ixl.com/english/year-3/complete-the-sentence-with-the-correct-sight-word
Key Stage 2,Year 3,Reading,Comprehension,"Develop positive attitudes to reading and understanding of what they read by: > Listening to and discussing a wide range of fiction, poetry, plays, non-fiction and reference books or textbooks",3-P.2,Analyse stories,https://uk.ixl.com/english/year-3/analyse-stories
Key Stage 2,Year 3,Reading,Comprehension,"Develop positive attitudes to reading and understanding of what they read by: > Listening to and discussing a wide range of fiction, poetry, plays, non-fiction and reference books or textbooks",3-U.1,Read and understand informational passages,https://uk.ixl.com/english/year-3/read-and-understand-informational-passages
Key Stage 2,Year 3,Reading,Comprehension,Develop positive attitudes to reading and understanding of what they read by: > Reading books that are structured in different ways and reading for a range of purposes,3-Y.1,Choose the text that matches the writer's purpose,https://uk.ixl.com/english/year-3/choose-the-text-that-matches-the-writers-purpose
Key Stage 2,Year 3,Reading,Comprehension,Develop positive attitudes to reading and understanding of what they read by: > Using dictionaries to check the meaning of words that they have read,3-KK.4,Use guide words,https://uk.ixl.com/english/year-3/use-guide-words
Key Stage 2,Year 3,Reading,Comprehension,Develop positive attitudes to reading and understanding of what they read by: > Using dictionaries to check the meaning of words that they have read,3-KK.5,Use dictionary entries,https://uk.ixl.com/english/year-3/use-dictionary-entries
Key Stage 2,Year 3,Reading,Comprehension,"Develop positive attitudes to reading and understanding of what they read by: > Increasing their familiarity with a wide range of books, including fairy stories, myths and legends, and retelling some of these orally",3-O.1,Order events in a story,https://uk.ixl.com/english/year-3/order-events-in-a-story
Key Stage 2,Year 3,Reading,Comprehension,"Develop positive attitudes to reading and understanding of what they read by: > Increasing their familiarity with a wide range of books, including fairy stories, myths and legends, and retelling some of these orally",3-P.2,Analyse stories,https://uk.ixl.com/english/year-3/analyse-stories
Key Stage 2,Year 3,Reading,Comprehension,Develop positive attitudes to reading and understanding of what they read by: > Identifying themes and conventions in a wide range of books,3-Q.1,"Determine the themes of myths, fables and folktales",https://uk.ixl.com/english/year-3/determine-the-themes-of-myths-fables-and-folktales
Key Stage 2,Year 3,Reading,Comprehension,Develop positive attitudes to reading and understanding of what they read by: > Discussing words and phrases that capture the reader's interest and imagination,3-AA.1,Choose the sensory details that match the picture,https://uk.ixl.com/english/year-3/choose-the-sensory-details-that-match-the-picture
Key Stage 2,Year 3,Reading,Comprehension,Develop positive attitudes to reading and understanding of what they read by: > Discussing words and phrases that capture the reader's interest and imagination,3-HH.1,Find the words with related meanings,https://uk.ixl.com/english/year-3/find-the-words-with-related-meanings
Key Stage 2,Year 3,Reading,Comprehension,Develop positive attitudes to reading and understanding of what they read by: > Discussing words and phrases that capture the reader's interest and imagination,3-HH.2,Describe the difference between related words,https://uk.ixl.com/english/year-3/describe-the-difference-between-related-words
Key Stage 2,Year 3,Reading,Comprehension,Develop positive attitudes to reading and understanding of what they read by: > Discussing words and phrases that capture the reader's interest and imagination,3-HH.3,Order related words based on meaning,https://uk.ixl.com/english/year-3/order-related-words-based-on-meaning
Key Stage 2,Year 3,Reading,Comprehension,"Understand what they read, in books they can read independently, by: > Checking that the text makes sense to them, discussing their understanding and explaining the meaning of words in context",3-EE.2,Find synonyms in context,https://uk.ixl.com/english/year-3/find-synonyms-in-context
Key Stage 2,Year 3,Reading,Comprehension,"Understand what they read, in books they can read independently, by: > Checking that the text makes sense to them, discussing their understanding and explaining the meaning of words in context",3-EE.5,Find antonyms in context,https://uk.ixl.com/english/year-3/find-antonyms-in-context
Key Stage 2,Year 3,Reading,Comprehension,"Understand what they read, in books they can read independently, by: > Checking that the text makes sense to them, discussing their understanding and explaining the meaning of words in context",3-GG.1,Multiple-meaning words with pictures,https://uk.ixl.com/english/year-3/multiple-meaning-words-with-pictures
Key Stage 2,Year 3,Reading,Comprehension,"Understand what they read, in books they can read independently, by: > Checking that the text makes sense to them, discussing their understanding and explaining the meaning of words in context",3-JJ.1,Use context to identify the meaning of a word,https://uk.ixl.com/english/year-3/use-context-to-identify-the-meaning-of-a-word
Key Stage 2,Year 3,Reading,Comprehension,"Understand what they read, in books they can read independently, by: > Drawing inferences such as inferring characters' feelings, thoughts and motives from their actions, and justifying inferences with evidence",3-P.1,Use actions and dialogue to understand characters,https://uk.ixl.com/english/year-3/use-actions-and-dialogue-to-understand-characters
Key Stage 2,Year 3,Reading,Comprehension,"Understand what they read, in books they can read independently, by: > Predicting what might happen from details stated and implied",4-M.3,Make predictions about a story,https://uk.ixl.com/english/year-4/make-predictions-about-a-story
Key Stage 2,Year 3,Reading,Comprehension,"Understand what they read, in books they can read independently, by: > Identifying how language, structure, and presentation contribute to meaning",3-S.1,Match each effect to its cause,https://uk.ixl.com/english/year-3/match-each-effect-to-its-cause
Key Stage 2,Year 3,Reading,Comprehension,"Understand what they read, in books they can read independently, by: > Identifying how language, structure, and presentation contribute to meaning",3-S.2,Match each cause to its effect,https://uk.ixl.com/english/year-3/match-each-cause-to-its-effect
Key Stage 2,Year 3,Reading,Comprehension,"Understand what they read, in books they can read independently, by: > Identifying how language, structure, and presentation contribute to meaning",3-T.1,Compare and contrast in informational passages,https://uk.ixl.com/english/year-3/compare-and-contrast-in-informational-passages
Key Stage 2,Year 3,Reading,Comprehension,"Understand what they read, in books they can read independently, by: > Identifying how language, structure, and presentation contribute to meaning",3-AA.1,Choose the sensory details that match the picture,https://uk.ixl.com/english/year-3/choose-the-sensory-details-that-match-the-picture
Key Stage 2,Year 3,Reading,Comprehension,"Understand what they read, in books they can read independently, by: > Identifying how language, structure, and presentation contribute to meaning",3-HH.1,Find the words with related meanings,https://uk.ixl.com/english/year-3/find-the-words-with-related-meanings
Key Stage 2,Year 3,Reading,Comprehension,"Understand what they read, in books they can read independently, by: > Identifying how language, structure, and presentation contribute to meaning",3-HH.2,Describe the difference between related words,https://uk.ixl.com/english/year-3/describe-the-difference-between-related-words
Key Stage 2,Year 3,Reading,Comprehension,"Understand what they read, in books they can read independently, by: > Identifying how language, structure, and presentation contribute to meaning",3-HH.3,Order related words based on meaning,https://uk.ixl.com/english/year-3/order-related-words-based-on-meaning
Key Stage 2,Year 3,Reading,Comprehension,Retrieve and record information from non-fiction,3-U.1,Read and understand informational passages,https://uk.ixl.com/english/year-3/read-and-understand-informational-passages
Key Stage 2,Year 3,Writing,Transcription,Use further prefixes and suffixes and understand how to add them (English Appendix 1),3-BB.4,"Use the prefixes pre-, re- and mis-",https://uk.ixl.com/english/year-3/use-the-prefixes-pre-re-and-mis
Key Stage 2,Year 3,Writing,Transcription,Spell further homophones,3-FF.1,Homophones with pictures,https://uk.ixl.com/english/year-3/homophones-with-pictures
Key Stage 2,Year 3,Writing,Transcription,Spell further homophones,3-FF.3,Use the correct homophone,https://uk.ixl.com/english/year-3/use-the-correct-homophone
Key Stage 2,Year 3,Writing,Transcription,Spell words that are often misspelt (English Appendix 1),3-C.3,Spell the word with a consonant blend,https://uk.ixl.com/english/year-3/spell-the-word-with-a-consonant-blend
Key Stage 2,Year 3,Writing,Transcription,Spell words that are often misspelt (English Appendix 1),3-C.6,"Spell the digraph word: ch, sh, th",https://uk.ixl.com/english/year-3/spell-the-digraph-word-ch-sh-th
Key Stage 2,Year 3,Writing,Transcription,Spell words that are often misspelt (English Appendix 1),3-C.7,"Spell the digraph word: ph, qu, wh",https://uk.ixl.com/english/year-3/spell-the-digraph-word-ph-qu-wh
Key Stage 2,Year 3,Writing,Transcription,Spell words that are often misspelt (English Appendix 1),3-C.9,Complete the word with a three-letter consonant blend,https://uk.ixl.com/english/year-3/complete-the-word-with-a-three-letter-consonant-blend
Key Stage 2,Year 3,Writing,Transcription,Spell words that are often misspelt (English Appendix 1),3-C.11,Complete the words with silent letters,https://uk.ixl.com/english/year-3/complete-the-words-with-silent-letters
Key Stage 2,Year 3,Writing,Transcription,Spell words that are often misspelt (English Appendix 1),3-D.1,Complete the word with the correct short vowel,https://uk.ixl.com/english/year-3/complete-the-word-with-the-correct-short-vowel
Key Stage 2,Year 3,Writing,Transcription,Spell words that are often misspelt (English Appendix 1),3-E.3,Spell the silent e word,https://uk.ixl.com/english/year-3/spell-the-silent-e-word
Key Stage 2,Year 3,Writing,Transcription,Spell words that are often misspelt (English Appendix 1),3-F.3,Complete the word with the correct vowel digraph,https://uk.ixl.com/english/year-3/complete-the-word-with-the-correct-vowel-digraph
Key Stage 2,Year 3,Writing,Transcription,Spell words that are often misspelt (English Appendix 1),3-I.2,"Complete the word with the correct diphthong: oi, oy, ou, ow",https://uk.ixl.com/english/year-3/complete-the-word-with-the-correct-diphthong-oi-oy-ou-ow
Key Stage 2,Year 3,Writing,Transcription,Spell words that are often misspelt (English Appendix 1),3-J.1,Complete words with variant vowels,https://uk.ixl.com/english/year-3/complete-words-with-variant-vowels
Key Stage 2,Year 3,Writing,Transcription,Spell words that are often misspelt (English Appendix 1),3-K.4,Spell the soft g or soft c word,https://uk.ixl.com/english/year-3/spell-the-soft-g-or-soft-c-word
Key Stage 2,Year 3,Writing,Transcription,Spell words that are often misspelt (English Appendix 1),3-L.3,Complete the two-syllable words,https://uk.ixl.com/english/year-3/complete-the-two-syllable-words
Key Stage 2,Year 3,Writing,Transcription,Spell words that are often misspelt (English Appendix 1),3-M.3,Spell the consonant-l-e word,https://uk.ixl.com/english/year-3/spell-the-consonant-l-e-word
Key Stage 2,Year 3,Writing,Transcription,Spell words that are often misspelt (English Appendix 1),3-N.3,Spell the sight word,https://uk.ixl.com/english/year-3/spell-the-sight-word
Key Stage 2,Year 3,Writing,Transcription,Spell words that are often misspelt (English Appendix 1),3-BB.4,"Use the prefixes pre-, re- and mis-",https://uk.ixl.com/english/year-3/use-the-prefixes-pre-re-and-mis
Key Stage 2,Year 3,Writing,Transcription,Spell words that are often misspelt (English Appendix 1),3-MM.7,Use regular plurals with -s and -es,https://uk.ixl.com/english/year-3/use-regular-plurals-with-s-and-es
Key Stage 2,Year 3,Writing,Transcription,"Place the possessive apostrophe accurately in words with regular plurals [for example, girls', boys'] and in words with irregular plurals [for example, children's]",3-MM.12,Form the singular or plural possessive,https://uk.ixl.com/english/year-3/form-the-singular-or-plural-possessive
Key Stage 2,Year 3,Writing,Transcription,"Place the possessive apostrophe accurately in words with regular plurals [for example, girls', boys'] and in words with irregular plurals [for example, children's]",3-MM.13,Identify and correct errors with plural and possessive nouns,https://uk.ixl.com/english/year-3/identify-and-correct-errors-with-plural-and-possessive-nouns
Key Stage 2,Year 3,Writing,Transcription,Use the first two or three letters of a word to check its spelling in a dictionary,3-KK.2,Order alphabetically based on the first two letters,https://uk.ixl.com/english/year-3/order-alphabetically-based-on-the-first-two-letters
Key Stage 2,Year 3,Writing,Transcription,Use the first two or three letters of a word to check its spelling in a dictionary,3-KK.3,Order alphabetically based on the first three letters,https://uk.ixl.com/english/year-3/order-alphabetically-based-on-the-first-three-letters
Key Stage 2,Year 3,Writing,Transcription,Use the first two or three letters of a word to check its spelling in a dictionary,3-KK.4,Use guide words,https://uk.ixl.com/english/year-3/use-guide-words
Key Stage 2,Year 3,Writing,Composition,"Plan their writing by: > Discussing writing similar to that which they are planning to write in order to understand and learn from its structure, vocabulary and grammar",3-Y.1,Choose the text that matches the writer's purpose,https://uk.ixl.com/english/year-3/choose-the-text-that-matches-the-writers-purpose
Key Stage 2,Year 3,Writing,Composition,"Draft and write by: > Composing and rehearsing sentences orally (including dialogue), progressively building a varied and rich vocabulary and an increasing range of sentence structures (English Appendix 2)",3-X.1,Use conjunctions,https://uk.ixl.com/english/year-3/use-conjunctions
Key Stage 2,Year 3,Writing,Composition,"Draft and write by: > Composing and rehearsing sentences orally (including dialogue), progressively building a varied and rich vocabulary and an increasing range of sentence structures (English Appendix 2)",3-X.2,Use subordinating conjunctions,https://uk.ixl.com/english/year-3/use-subordinating-conjunctions
Key Stage 2,Year 3,Writing,Composition,"Draft and write by: > Composing and rehearsing sentences orally (including dialogue), progressively building a varied and rich vocabulary and an increasing range of sentence structures (English Appendix 2)",3-AA.1,Choose the sensory details that match the picture,https://uk.ixl.com/english/year-3/choose-the-sensory-details-that-match-the-picture
Key Stage 2,Year 3,Writing,Composition,"Draft and write by: > Composing and rehearsing sentences orally (including dialogue), progressively building a varied and rich vocabulary and an increasing range of sentence structures (English Appendix 2)",3-AA.3,Revise the sentence using a stronger verb,https://uk.ixl.com/english/year-3/revise-the-sentence-using-a-stronger-verb
Key Stage 2,Year 3,Writing,Composition,"Draft and write by: > Composing and rehearsing sentences orally (including dialogue), progressively building a varied and rich vocabulary and an increasing range of sentence structures (English Appendix 2)",3-HH.1,Find the words with related meanings,https://uk.ixl.com/english/year-3/find-the-words-with-related-meanings
Key Stage 2,Year 3,Writing,Composition,"Draft and write by: > Composing and rehearsing sentences orally (including dialogue), progressively building a varied and rich vocabulary and an increasing range of sentence structures (English Appendix 2)",3-HH.2,Describe the difference between related words,https://uk.ixl.com/english/year-3/describe-the-difference-between-related-words
Key Stage 2,Year 3,Writing,Composition,"Draft and write by: > Composing and rehearsing sentences orally (including dialogue), progressively building a varied and rich vocabulary and an increasing range of sentence structures (English Appendix 2)",3-HH.3,Order related words based on meaning,https://uk.ixl.com/english/year-3/order-related-words-based-on-meaning
Key Stage 2,Year 3,Writing,Composition,"Draft and write by: > Composing and rehearsing sentences orally (including dialogue), progressively building a varied and rich vocabulary and an increasing range of sentence structures (English Appendix 2)",3-LL.2,Identify the subject of a sentence,https://uk.ixl.com/english/year-3/identify-the-subject-of-a-sentence
Key Stage 2,Year 3,Writing,Composition,"Draft and write by: > Composing and rehearsing sentences orally (including dialogue), progressively building a varied and rich vocabulary and an increasing range of sentence structures (English Appendix 2)",3-LL.3,Identify the predicate of a sentence,https://uk.ixl.com/english/year-3/identify-the-predicate-of-a-sentence
Key Stage 2,Year 3,Writing,Composition,"Draft and write by: > Composing and rehearsing sentences orally (including dialogue), progressively building a varied and rich vocabulary and an increasing range of sentence structures (English Appendix 2)",3-LL.7,Unscramble the words to make a complete sentence,https://uk.ixl.com/english/year-3/unscramble-the-words-to-make-a-complete-sentence
Key Stage 2,Year 3,Writing,Composition,"Draft and write by: > Composing and rehearsing sentences orally (including dialogue), progressively building a varied and rich vocabulary and an increasing range of sentence structures (English Appendix 2)",3-RR.1,Use the correct article: a or an,https://uk.ixl.com/english/year-3/use-the-correct-article-a-or-an
Key Stage 2,Year 3,Writing,Composition,"Draft and write by: > Composing and rehearsing sentences orally (including dialogue), progressively building a varied and rich vocabulary and an increasing range of sentence structures (English Appendix 2)",3-RR.2,Identify articles,https://uk.ixl.com/english/year-3/identify-articles
Key Stage 2,Year 3,Writing,Composition,"Draft and write by: > Composing and rehearsing sentences orally (including dialogue), progressively building a varied and rich vocabulary and an increasing range of sentence structures (English Appendix 2)",3-SS.7,Identify adverbs,https://uk.ixl.com/english/year-3/identify-adverbs
Key Stage 2,Year 3,Writing,Composition,"Draft and write by: > Composing and rehearsing sentences orally (including dialogue), progressively building a varied and rich vocabulary and an increasing range of sentence structures (English Appendix 2)",3-TT.1,Select the best preposition to match the picture,https://uk.ixl.com/english/year-3/select-the-best-preposition-to-match-the-picture
Key Stage 2,Year 3,Writing,Composition,"Draft and write by: > Composing and rehearsing sentences orally (including dialogue), progressively building a varied and rich vocabulary and an increasing range of sentence structures (English Appendix 2)",3-TT.2,Select the best preposition to complete the sentence,https://uk.ixl.com/english/year-3/select-the-best-preposition-to-complete-the-sentence
Key Stage 2,Year 3,Writing,Composition,Draft and write by: > Organising paragraphs around a theme,3-W.1,Choose topic sentences for narrative paragraphs,https://uk.ixl.com/english/year-3/choose-topic-sentences-for-narrative-paragraphs
Key Stage 2,Year 3,Writing,Composition,Draft and write by: > Organising paragraphs around a theme,3-W.2,Choose topic sentences for expository paragraphs,https://uk.ixl.com/english/year-3/choose-topic-sentences-for-expository-paragraphs
Key Stage 2,Year 3,Writing,Composition,"Draft and write by: > In narratives, creating settings, characters and plot",3-AA.1,Choose the sensory details that match the picture,https://uk.ixl.com/english/year-3/choose-the-sensory-details-that-match-the-picture
Key Stage 2,Year 3,Writing,Composition,"Draft and write by: > In narratives, creating settings, characters and plot",3-AA.2,Add descriptive details to sentences,https://uk.ixl.com/english/year-3/add-descriptive-details-to-sentences
Key Stage 2,Year 3,Writing,Composition,"Draft and write by: > In non-narrative material, using simple organisational devices [for example, headings and sub-headings]",3-VV.5,Greetings and closings of letters,https://uk.ixl.com/english/year-3/greetings-and-closings-of-letters
Key Stage 2,Year 3,Writing,Composition,"Evaluate and edit by: > Proposing changes to grammar and vocabulary to improve consistency, including the accurate use of pronouns in sentences",3-HH.1,Find the words with related meanings,https://uk.ixl.com/english/year-3/find-the-words-with-related-meanings
Key Stage 2,Year 3,Writing,Composition,"Evaluate and edit by: > Proposing changes to grammar and vocabulary to improve consistency, including the accurate use of pronouns in sentences",3-HH.2,Describe the difference between related words,https://uk.ixl.com/english/year-3/describe-the-difference-between-related-words
Key Stage 2,Year 3,Writing,Composition,"Evaluate and edit by: > Proposing changes to grammar and vocabulary to improve consistency, including the accurate use of pronouns in sentences",3-HH.3,Order related words based on meaning,https://uk.ixl.com/english/year-3/order-related-words-based-on-meaning
Key Stage 2,Year 3,Writing,Composition,"Evaluate and edit by: > Proposing changes to grammar and vocabulary to improve consistency, including the accurate use of pronouns in sentences",3-LL.4,Is it a complete sentence or a fragment?,https://uk.ixl.com/english/year-3/is-it-a-complete-sentence-or-a-fragment
Key Stage 2,Year 3,Writing,Composition,"Evaluate and edit by: > Proposing changes to grammar and vocabulary to improve consistency, including the accurate use of pronouns in sentences",3-LL.5,Is it a complete sentence or a run-on?,https://uk.ixl.com/english/year-3/is-it-a-complete-sentence-or-a-run-on
Key Stage 2,Year 3,Writing,Composition,"Evaluate and edit by: > Proposing changes to grammar and vocabulary to improve consistency, including the accurate use of pronouns in sentences",3-LL.6,"Is it a complete sentence, a fragment or a run-on?",https://uk.ixl.com/english/year-3/is-it-a-complete-sentence-a-fragment-or-a-run-on
Key Stage 2,Year 3,Writing,Composition,"Evaluate and edit by: > Proposing changes to grammar and vocabulary to improve consistency, including the accurate use of pronouns in sentences",3-LL.7,Unscramble the words to make a complete sentence,https://uk.ixl.com/english/year-3/unscramble-the-words-to-make-a-complete-sentence
Key Stage 2,Year 3,Writing,Composition,"Evaluate and edit by: > Proposing changes to grammar and vocabulary to improve consistency, including the accurate use of pronouns in sentences",3-NN.2,Choose between subject and object personal pronouns,https://uk.ixl.com/english/year-3/choose-between-subject-and-object-personal-pronouns
Key Stage 2,Year 3,Writing,Composition,"Evaluate and edit by: > Proposing changes to grammar and vocabulary to improve consistency, including the accurate use of pronouns in sentences",3-NN.5,Compound subjects and objects with 'I' and 'me',https://uk.ixl.com/english/year-3/compound-subjects-and-objects-with-i-and-me
Key Stage 2,Year 3,Writing,Composition,"Evaluate and edit by: > Proposing changes to grammar and vocabulary to improve consistency, including the accurate use of pronouns in sentences",3-NN.9,Choose between personal and reflexive pronouns,https://uk.ixl.com/english/year-3/choose-between-personal-and-reflexive-pronouns
Key Stage 2,Year 3,Writing,Composition,"Evaluate and edit by: > Proposing changes to grammar and vocabulary to improve consistency, including the accurate use of pronouns in sentences",3-NN.10,Use reflexive pronouns,https://uk.ixl.com/english/year-3/use-reflexive-pronouns
Key Stage 2,Year 3,Writing,Composition,Proof-read for spelling and punctuation errors,3-LL.1,"Is the sentence a statement, question, command or exclamation?",https://uk.ixl.com/english/year-3/is-the-sentence-a-statement-question-command-or-exclamation
Key Stage 2,Year 3,Writing,Composition,Proof-read for spelling and punctuation errors,3-MM.13,Identify and correct errors with plural and possessive nouns,https://uk.ixl.com/english/year-3/identify-and-correct-errors-with-plural-and-possessive-nouns
Key Stage 2,Year 3,Writing,"Vocabulary, grammar and punctuation","Develop their understanding of the concepts set out in English Appendix 2 by: > Extending the range of sentences with more than one clause by using a wider range of conjunctions, including when, if, because, although",3-X.1,Use conjunctions,https://uk.ixl.com/english/year-3/use-conjunctions
Key Stage 2,Year 3,Writing,"Vocabulary, grammar and punctuation","Develop their understanding of the concepts set out in English Appendix 2 by: > Extending the range of sentences with more than one clause by using a wider range of conjunctions, including when, if, because, although",3-X.2,Use subordinating conjunctions,https://uk.ixl.com/english/year-3/use-subordinating-conjunctions
Key Stage 2,Year 3,Writing,"Vocabulary, grammar and punctuation",Develop their understanding of the concepts set out in English Appendix 2 by: > Using the present perfect form of verbs in contrast to the past tense,3-QQ.15,To have: use the correct form,https://uk.ixl.com/english/year-3/to-have-use-the-correct-form
Key Stage 2,Year 3,Writing,"Vocabulary, grammar and punctuation",Develop their understanding of the concepts set out in English Appendix 2 by: > Choosing nouns or pronouns appropriately for clarity and cohesion and to avoid repetition,3-NN.2,Choose between subject and object personal pronouns,https://uk.ixl.com/english/year-3/choose-between-subject-and-object-personal-pronouns
Key Stage 2,Year 3,Writing,"Vocabulary, grammar and punctuation",Develop their understanding of the concepts set out in English Appendix 2 by: > Choosing nouns or pronouns appropriately for clarity and cohesion and to avoid repetition,3-NN.3,Replace the singular noun with a personal pronoun,https://uk.ixl.com/english/year-3/replace-the-singular-noun-with-a-personal-pronoun
Key Stage 2,Year 3,Writing,"Vocabulary, grammar and punctuation",Develop their understanding of the concepts set out in English Appendix 2 by: > Choosing nouns or pronouns appropriately for clarity and cohesion and to avoid repetition,3-NN.4,Replace the plural noun with a personal pronoun,https://uk.ixl.com/english/year-3/replace-the-plural-noun-with-a-personal-pronoun
Key Stage 2,Year 3,Writing,"Vocabulary, grammar and punctuation",Develop their understanding of the concepts set out in English Appendix 2 by: > Choosing nouns or pronouns appropriately for clarity and cohesion and to avoid repetition,3-NN.9,Choose between personal and reflexive pronouns,https://uk.ixl.com/english/year-3/choose-between-personal-and-reflexive-pronouns
Key Stage 2,Year 3,Writing,"Vocabulary, grammar and punctuation","Develop their understanding of the concepts set out in English Appendix 2 by: > Using conjunctions, adverbs and prepositions to express time and cause",3-X.1,Use conjunctions,https://uk.ixl.com/english/year-3/use-conjunctions
Key Stage 2,Year 3,Writing,"Vocabulary, grammar and punctuation","Develop their understanding of the concepts set out in English Appendix 2 by: > Using conjunctions, adverbs and prepositions to express time and cause",3-X.2,Use subordinating conjunctions,https://uk.ixl.com/english/year-3/use-subordinating-conjunctions
Key Stage 2,Year 3,Writing,"Vocabulary, grammar and punctuation","Develop their understanding of the concepts set out in English Appendix 2 by: > Using conjunctions, adverbs and prepositions to express time and cause",3-SS.6,"Does the adverb tell you how, when or where?",https://uk.ixl.com/english/year-3/does-the-adverb-tell-you-how-when-or-where
Key Stage 2,Year 3,Writing,"Vocabulary, grammar and punctuation","Develop their understanding of the concepts set out in English Appendix 2 by: > Using conjunctions, adverbs and prepositions to express time and cause",3-SS.7,Identify adverbs,https://uk.ixl.com/english/year-3/identify-adverbs
Key Stage 2,Year 3,Writing,"Vocabulary, grammar and punctuation","Develop their understanding of the concepts set out in English Appendix 2 by: > Using conjunctions, adverbs and prepositions to express time and cause",3-TT.1,Select the best preposition to match the picture,https://uk.ixl.com/english/year-3/select-the-best-preposition-to-match-the-picture
Key Stage 2,Year 3,Writing,"Vocabulary, grammar and punctuation","Develop their understanding of the concepts set out in English Appendix 2 by: > Using conjunctions, adverbs and prepositions to express time and cause",3-TT.2,Select the best preposition to complete the sentence,https://uk.ixl.com/english/year-3/select-the-best-preposition-to-complete-the-sentence
Key Stage 2,Year 3,Writing,"Vocabulary, grammar and punctuation",Develop their understanding of the concepts set out in English Appendix 2 by: > Learning the grammar for years 3 and 4 in English Appendix 2,3-X.1,Use conjunctions,https://uk.ixl.com/english/year-3/use-conjunctions
Key Stage 2,Year 3,Writing,"Vocabulary, grammar and punctuation",Develop their understanding of the concepts set out in English Appendix 2 by: > Learning the grammar for years 3 and 4 in English Appendix 2,3-X.2,Use subordinating conjunctions,https://uk.ixl.com/english/year-3/use-subordinating-conjunctions
Key Stage 2,Year 3,Writing,"Vocabulary, grammar and punctuation",Develop their understanding of the concepts set out in English Appendix 2 by: > Learning the grammar for years 3 and 4 in English Appendix 2,3-MM.11,"Identify plurals, singular possessives and plural possessives",https://uk.ixl.com/english/year-3/identify-plurals-singular-possessives-and-plural-possessives
Key Stage 2,Year 3,Writing,"Vocabulary, grammar and punctuation",Develop their understanding of the concepts set out in English Appendix 2 by: > Learning the grammar for years 3 and 4 in English Appendix 2,3-MM.12,Form the singular or plural possessive,https://uk.ixl.com/english/year-3/form-the-singular-or-plural-possessive
Key Stage 2,Year 3,Writing,"Vocabulary, grammar and punctuation",Develop their understanding of the concepts set out in English Appendix 2 by: > Learning the grammar for years 3 and 4 in English Appendix 2,3-MM.13,Identify and correct errors with plural and possessive nouns,https://uk.ixl.com/english/year-3/identify-and-correct-errors-with-plural-and-possessive-nouns
Key Stage 2,Year 3,Writing,"Vocabulary, grammar and punctuation",Develop their understanding of the concepts set out in English Appendix 2 by: > Learning the grammar for years 3 and 4 in English Appendix 2,3-NN.1,Identify personal pronouns,https://uk.ixl.com/english/year-3/identify-personal-pronouns
Key Stage 2,Year 3,Writing,"Vocabulary, grammar and punctuation",Develop their understanding of the concepts set out in English Appendix 2 by: > Learning the grammar for years 3 and 4 in English Appendix 2,3-NN.2,Choose between subject and object personal pronouns,https://uk.ixl.com/english/year-3/choose-between-subject-and-object-personal-pronouns
Key Stage 2,Year 3,Writing,"Vocabulary, grammar and punctuation",Develop their understanding of the concepts set out in English Appendix 2 by: > Learning the grammar for years 3 and 4 in English Appendix 2,3-NN.3,Replace the singular noun with a personal pronoun,https://uk.ixl.com/english/year-3/replace-the-singular-noun-with-a-personal-pronoun
Key Stage 2,Year 3,Writing,"Vocabulary, grammar and punctuation",Develop their understanding of the concepts set out in English Appendix 2 by: > Learning the grammar for years 3 and 4 in English Appendix 2,3-NN.5,Compound subjects and objects with 'I' and 'me',https://uk.ixl.com/english/year-3/compound-subjects-and-objects-with-i-and-me
Key Stage 2,Year 3,Writing,"Vocabulary, grammar and punctuation",Develop their understanding of the concepts set out in English Appendix 2 by: > Learning the grammar for years 3 and 4 in English Appendix 2,3-NN.7,Identify possessive pronouns,https://uk.ixl.com/english/year-3/identify-possessive-pronouns
Key Stage 2,Year 3,Writing,"Vocabulary, grammar and punctuation",Develop their understanding of the concepts set out in English Appendix 2 by: > Learning the grammar for years 3 and 4 in English Appendix 2,3-NN.8,Use possessive pronouns,https://uk.ixl.com/english/year-3/use-possessive-pronouns
Key Stage 2,Year 3,Writing,"Vocabulary, grammar and punctuation",Develop their understanding of the concepts set out in English Appendix 2 by: > Learning the grammar for years 3 and 4 in English Appendix 2,3-NN.10,Use reflexive pronouns,https://uk.ixl.com/english/year-3/use-reflexive-pronouns
Key Stage 2,Year 3,Writing,"Vocabulary, grammar and punctuation",Develop their understanding of the concepts set out in English Appendix 2 by: > Learning the grammar for years 3 and 4 in English Appendix 2,3-QQ.15,To have: use the correct form,https://uk.ixl.com/english/year-3/to-have-use-the-correct-form
Key Stage 2,Year 3,Writing,"Vocabulary, grammar and punctuation",Develop their understanding of the concepts set out in English Appendix 2 by: > Learning the grammar for years 3 and 4 in English Appendix 2,3-RR.1,Use the correct article: a or an,https://uk.ixl.com/english/year-3/use-the-correct-article-a-or-an
Key Stage 2,Year 3,Writing,"Vocabulary, grammar and punctuation",Develop their understanding of the concepts set out in English Appendix 2 by: > Learning the grammar for years 3 and 4 in English Appendix 2,3-RR.2,Identify articles,https://uk.ixl.com/english/year-3/identify-articles
Key Stage 2,Year 3,Writing,"Vocabulary, grammar and punctuation",Develop their understanding of the concepts set out in English Appendix 2 by: > Learning the grammar for years 3 and 4 in English Appendix 2,3-SS.6,"Does the adverb tell you how, when or where?",https://uk.ixl.com/english/year-3/does-the-adverb-tell-you-how-when-or-where
Key Stage 2,Year 3,Writing,"Vocabulary, grammar and punctuation",Develop their understanding of the concepts set out in English Appendix 2 by: > Learning the grammar for years 3 and 4 in English Appendix 2,3-SS.7,Identify adverbs,https://uk.ixl.com/english/year-3/identify-adverbs
Key Stage 2,Year 3,Writing,"Vocabulary, grammar and punctuation",Develop their understanding of the concepts set out in English Appendix 2 by: > Learning the grammar for years 3 and 4 in English Appendix 2,3-TT.1,Select the best preposition to match the picture,https://uk.ixl.com/english/year-3/select-the-best-preposition-to-match-the-picture
Key Stage 2,Year 3,Writing,"Vocabulary, grammar and punctuation",Develop their understanding of the concepts set out in English Appendix 2 by: > Learning the grammar for years 3 and 4 in English Appendix 2,3-TT.2,Select the best preposition to complete the sentence,https://uk.ixl.com/english/year-3/select-the-best-preposition-to-complete-the-sentence
Key Stage 2,Year 3,Writing,"Vocabulary, grammar and punctuation",Develop their understanding of the concepts set out in English Appendix 2 by: > Learning the grammar for years 3 and 4 in English Appendix 2,4-KK.8,Is the sentence simple or compound?,https://uk.ixl.com/english/year-4/is-the-sentence-simple-or-compound
Key Stage 2,Year 3,Writing,"Vocabulary, grammar and punctuation",Develop their understanding of the concepts set out in English Appendix 2 by: > Learning the grammar for years 3 and 4 in English Appendix 2,5-II.15,Choose between the past tense and past participle,https://uk.ixl.com/english/year-5/choose-between-the-past-tense-and-past-participle
Key Stage 2,Year 3,Writing,"Vocabulary, grammar and punctuation",Develop their understanding of the concepts set out in English Appendix 2 by: > Learning the grammar for years 3 and 4 in English Appendix 2,5-II.16,Use the perfect verb tenses,https://uk.ixl.com/english/year-5/use-the-perfect-verb-tenses
Key Stage 2,Year 3,Writing,"Vocabulary, grammar and punctuation",Develop their understanding of the concepts set out in English Appendix 2 by: > Learning the grammar for years 3 and 4 in English Appendix 2,5-II.17,Form the perfect verb tenses,https://uk.ixl.com/english/year-5/form-the-perfect-verb-tenses
Key Stage 2,Year 3,Writing,"Vocabulary, grammar and punctuation",Indicate grammatical and other features by: > Indicating possession by using the possessive apostrophe with plural nouns,3-MM.12,Form the singular or plural possessive,https://uk.ixl.com/english/year-3/form-the-singular-or-plural-possessive
Key Stage 2,Year 3,Writing,"Vocabulary, grammar and punctuation",Indicate grammatical and other features by: > Indicating possession by using the possessive apostrophe with plural nouns,3-MM.13,Identify and correct errors with plural and possessive nouns,https://uk.ixl.com/english/year-3/identify-and-correct-errors-with-plural-and-possessive-nouns
Key Stage 2,Year 4,Reading,Word Reading,"Apply their growing knowledge of root words, prefixes and suffixes (etymology and morphology) as listed in English Appendix 1, both to read aloud and to understand the meaning of new words they meet",4-Z.1,"Identify base words, prefixes and suffixes",https://uk.ixl.com/english/year-4/identify-base-words-prefixes-and-suffixes
Key Stage 2,Year 4,Reading,Word Reading,"Apply their growing knowledge of root words, prefixes and suffixes (etymology and morphology) as listed in English Appendix 1, both to read aloud and to understand the meaning of new words they meet",4-Z.2,"Determine the meaning of a word with pre-, re- or mis-",https://uk.ixl.com/english/year-4/determine-the-meaning-of-a-word-with-pre-re-or-mis
Key Stage 2,Year 4,Reading,Word Reading,"Apply their growing knowledge of root words, prefixes and suffixes (etymology and morphology) as listed in English Appendix 1, both to read aloud and to understand the meaning of new words they meet",4-Z.3,"Use the prefixes pre-, re- and mis-",https://uk.ixl.com/english/year-4/use-the-prefixes-pre-re-and-mis
Key Stage 2,Year 4,Reading,Word Reading,"Apply their growing knowledge of root words, prefixes and suffixes (etymology and morphology) as listed in English Appendix 1, both to read aloud and to understand the meaning of new words they meet",4-Z.4,Determine the meaning of a word with -ful or -less,https://uk.ixl.com/english/year-4/determine-the-meaning-of-a-word-with-ful-or-less
Key Stage 2,Year 4,Reading,Word Reading,"Apply their growing knowledge of root words, prefixes and suffixes (etymology and morphology) as listed in English Appendix 1, both to read aloud and to understand the meaning of new words they meet",4-Z.5,Determine the meaning of a word with -ly or -ness,https://uk.ixl.com/english/year-4/determine-the-meaning-of-a-word-with-ly-or-ness
Key Stage 2,Year 4,Reading,Word Reading,"Apply their growing knowledge of root words, prefixes and suffixes (etymology and morphology) as listed in English Appendix 1, both to read aloud and to understand the meaning of new words they meet",4-Z.6,Determine the meaning of a word with -able or -ment,https://uk.ixl.com/english/year-4/determine-the-meaning-of-a-word-with-able-or-ment
Key Stage 2,Year 4,Reading,Word Reading,"Apply their growing knowledge of root words, prefixes and suffixes (etymology and morphology) as listed in English Appendix 1, both to read aloud and to understand the meaning of new words they meet",4-Z.7,Determine the meaning of a word with a suffix: review,https://uk.ixl.com/english/year-4/determine-the-meaning-of-a-word-with-a-suffix-review
Key Stage 2,Year 4,Reading,Word Reading,"Apply their growing knowledge of root words, prefixes and suffixes (etymology and morphology) as listed in English Appendix 1, both to read aloud and to understand the meaning of new words they meet",4-Z.8,Determine the meanings of words with prefixes and suffixes: review,https://uk.ixl.com/english/year-4/determine-the-meanings-of-words-with-prefixes-and-suffixes-review
Key Stage 2,Year 4,Reading,Word Reading,"Apply their growing knowledge of root words, prefixes and suffixes (etymology and morphology) as listed in English Appendix 1, both to read aloud and to understand the meaning of new words they meet",4-AA.1,Use Greek and Latin roots as clues to the meanings of words,https://uk.ixl.com/english/year-4/use-greek-and-latin-roots-as-clues-to-the-meanings-of-words
Key Stage 2,Year 4,Reading,Word Reading,"Apply their growing knowledge of root words, prefixes and suffixes (etymology and morphology) as listed in English Appendix 1, both to read aloud and to understand the meaning of new words they meet",4-AA.2,Determine the meanings of Greek and Latin roots,https://uk.ixl.com/english/year-4/determine-the-meanings-of-greek-and-latin-roots
Key Stage 2,Year 4,Reading,Word Reading,"Apply their growing knowledge of root words, prefixes and suffixes (etymology and morphology) as listed in English Appendix 1, both to read aloud and to understand the meaning of new words they meet",4-AA.3,Determine the meanings of words with Greek and Latin roots,https://uk.ixl.com/english/year-4/determine-the-meanings-of-words-with-greek-and-latin-roots
Key Stage 2,Year 4,Reading,Word Reading,"Read further exception words, noting the unusual correspondences between spelling and sound, and where these occur in the word",3-N.1,Choose the sight word that you hear,https://uk.ixl.com/english/year-3/choose-the-sight-word-that-you-hear
Key Stage 2,Year 4,Reading,Comprehension,"Develop positive attitudes to reading and understanding of what they read by: > Listening to and discussing a wide range of fiction, poetry, plays, non-fiction and reference books or textbooks",4-P.1,Read fantasy with illustrations,https://uk.ixl.com/english/year-4/read-fantasy-with-illustrations
Key Stage 2,Year 4,Reading,Comprehension,"Develop positive attitudes to reading and understanding of what they read by: > Listening to and discussing a wide range of fiction, poetry, plays, non-fiction and reference books or textbooks",4-P.2,Read historical fiction with illustrations,https://uk.ixl.com/english/year-4/read-historical-fiction-with-illustrations
Key Stage 2,Year 4,Reading,Comprehension,"Develop positive attitudes to reading and understanding of what they read by: > Listening to and discussing a wide range of fiction, poetry, plays, non-fiction and reference books or textbooks",4-P.3,Read science fiction with illustrations,https://uk.ixl.com/english/year-4/read-science-fiction-with-illustrations
Key Stage 2,Year 4,Reading,Comprehension,"Develop positive attitudes to reading and understanding of what they read by: > Listening to and discussing a wide range of fiction, poetry, plays, non-fiction and reference books or textbooks",4-P.4,Read realistic fiction with illustrations,https://uk.ixl.com/english/year-4/read-realistic-fiction-with-illustrations
Key Stage 2,Year 4,Reading,Comprehension,"Develop positive attitudes to reading and understanding of what they read by: > Listening to and discussing a wide range of fiction, poetry, plays, non-fiction and reference books or textbooks",4-Q.1,Read realistic fiction: set 1,https://uk.ixl.com/english/year-4/read-realistic-fiction-set-1
Key Stage 2,Year 4,Reading,Comprehension,"Develop positive attitudes to reading and understanding of what they read by: > Listening to and discussing a wide range of fiction, poetry, plays, non-fiction and reference books or textbooks",4-Q.2,Read realistic fiction: set 2,https://uk.ixl.com/english/year-4/read-realistic-fiction-set-2
Key Stage 2,Year 4,Reading,Comprehension,"Develop positive attitudes to reading and understanding of what they read by: > Listening to and discussing a wide range of fiction, poetry, plays, non-fiction and reference books or textbooks",4-Q.3,Read poetry,https://uk.ixl.com/english/year-4/read-poetry
Key Stage 2,Year 4,Reading,Comprehension,"Develop positive attitudes to reading and understanding of what they read by: > Listening to and discussing a wide range of fiction, poetry, plays, non-fiction and reference books or textbooks",4-R.1,Read about animals,https://uk.ixl.com/english/year-4/read-about-animals
Key Stage 2,Year 4,Reading,Comprehension,"Develop positive attitudes to reading and understanding of what they read by: > Listening to and discussing a wide range of fiction, poetry, plays, non-fiction and reference books or textbooks",4-R.2,Read about food,https://uk.ixl.com/english/year-4/read-about-food
Key Stage 2,Year 4,Reading,Comprehension,"Develop positive attitudes to reading and understanding of what they read by: > Listening to and discussing a wide range of fiction, poetry, plays, non-fiction and reference books or textbooks",4-R.3,"Read about art, music and traditions",https://uk.ixl.com/english/year-4/read-about-art-music-and-traditions
Key Stage 2,Year 4,Reading,Comprehension,"Develop positive attitudes to reading and understanding of what they read by: > Listening to and discussing a wide range of fiction, poetry, plays, non-fiction and reference books or textbooks",4-R.4,Read about sports and hobbies,https://uk.ixl.com/english/year-4/read-about-sports-and-hobbies
Key Stage 2,Year 4,Reading,Comprehension,"Develop positive attitudes to reading and understanding of what they read by: > Listening to and discussing a wide range of fiction, poetry, plays, non-fiction and reference books or textbooks",4-S.1,Read about famous people,https://uk.ixl.com/english/year-4/read-about-famous-people
Key Stage 2,Year 4,Reading,Comprehension,"Develop positive attitudes to reading and understanding of what they read by: > Listening to and discussing a wide range of fiction, poetry, plays, non-fiction and reference books or textbooks",4-S.2,Read about famous places,https://uk.ixl.com/english/year-4/read-about-famous-places
Key Stage 2,Year 4,Reading,Comprehension,"Develop positive attitudes to reading and understanding of what they read by: > Listening to and discussing a wide range of fiction, poetry, plays, non-fiction and reference books or textbooks",4-S.3,Read about business and technology,https://uk.ixl.com/english/year-4/read-about-business-and-technology
Key Stage 2,Year 4,Reading,Comprehension,"Develop positive attitudes to reading and understanding of what they read by: > Listening to and discussing a wide range of fiction, poetry, plays, non-fiction and reference books or textbooks",4-S.4,Read about science and nature,https://uk.ixl.com/english/year-4/read-about-science-and-nature
Key Stage 2,Year 4,Reading,Comprehension,Develop positive attitudes to reading and understanding of what they read by: > Reading books that are structured in different ways and reading for a range of purposes,4-H.1,Identify the author's purpose: mixed media,https://uk.ixl.com/english/year-4/identify-the-authors-purpose-mixed-media
Key Stage 2,Year 4,Reading,Comprehension,Develop positive attitudes to reading and understanding of what they read by: > Reading books that are structured in different ways and reading for a range of purposes,4-H.2,Identify the author's purpose: passages,https://uk.ixl.com/english/year-4/identify-the-authors-purpose-passages
Key Stage 2,Year 4,Reading,Comprehension,Develop positive attitudes to reading and understanding of what they read by: > Using dictionaries to check the meaning of words that they have read,4-JJ.6,Use dictionary entries,https://uk.ixl.com/english/year-4/use-dictionary-entries
Key Stage 2,Year 4,Reading,Comprehension,Develop positive attitudes to reading and understanding of what they read by: > Using dictionaries to check the meaning of words that they have read,4-JJ.7,Use dictionary definitions,https://uk.ixl.com/english/year-4/use-dictionary-definitions
Key Stage 2,Year 4,Reading,Comprehension,"Develop positive attitudes to reading and understanding of what they read by: > Increasing their familiarity with a wide range of books, including fairy stories, myths and legends, and retelling some of these orally",4-P.1,Read fantasy with illustrations,https://uk.ixl.com/english/year-4/read-fantasy-with-illustrations
Key Stage 2,Year 4,Reading,Comprehension,"Develop positive attitudes to reading and understanding of what they read by: > Increasing their familiarity with a wide range of books, including fairy stories, myths and legends, and retelling some of these orally",4-P.2,Read historical fiction with illustrations,https://uk.ixl.com/english/year-4/read-historical-fiction-with-illustrations
Key Stage 2,Year 4,Reading,Comprehension,"Develop positive attitudes to reading and understanding of what they read by: > Increasing their familiarity with a wide range of books, including fairy stories, myths and legends, and retelling some of these orally",4-P.3,Read science fiction with illustrations,https://uk.ixl.com/english/year-4/read-science-fiction-with-illustrations
Key Stage 2,Year 4,Reading,Comprehension,"Develop positive attitudes to reading and understanding of what they read by: > Increasing their familiarity with a wide range of books, including fairy stories, myths and legends, and retelling some of these orally",4-P.4,Read realistic fiction with illustrations,https://uk.ixl.com/english/year-4/read-realistic-fiction-with-illustrations
Key Stage 2,Year 4,Reading,Comprehension,"Develop positive attitudes to reading and understanding of what they read by: > Increasing their familiarity with a wide range of books, including fairy stories, myths and legends, and retelling some of these orally",4-Q.1,Read realistic fiction: set 1,https://uk.ixl.com/english/year-4/read-realistic-fiction-set-1
Key Stage 2,Year 4,Reading,Comprehension,"Develop positive attitudes to reading and understanding of what they read by: > Increasing their familiarity with a wide range of books, including fairy stories, myths and legends, and retelling some of these orally",4-Q.2,Read realistic fiction: set 2,https://uk.ixl.com/english/year-4/read-realistic-fiction-set-2
Key Stage 2,Year 4,Reading,Comprehension,"Develop positive attitudes to reading and understanding of what they read by: > Increasing their familiarity with a wide range of books, including fairy stories, myths and legends, and retelling some of these orally",4-Q.3,Read poetry,https://uk.ixl.com/english/year-4/read-poetry
Key Stage 2,Year 4,Reading,Comprehension,Develop positive attitudes to reading and understanding of what they read by: > Identifying themes and conventions in a wide range of books,4-G.1,"Determine the themes of myths, fables and folktales",https://uk.ixl.com/english/year-4/determine-the-themes-of-myths-fables-and-folktales
Key Stage 2,Year 4,Reading,Comprehension,Develop positive attitudes to reading and understanding of what they read by: > Identifying themes and conventions in a wide range of books,4-L.1,Distinguish points of view,https://uk.ixl.com/english/year-4/distinguish-points-of-view
Key Stage 2,Year 4,Reading,Comprehension,"Develop positive attitudes to reading and understanding of what they read by: > Preparing poems and play scripts to read aloud and to perform, showing understanding through intonation, tone, volume and action",4-Q.3,Read poetry,https://uk.ixl.com/english/year-4/read-poetry
Key Stage 2,Year 4,Reading,Comprehension,Develop positive attitudes to reading and understanding of what they read by: > Discussing words and phrases that capture the reader's interest and imagination,4-J.1,Sort sensory details,https://uk.ixl.com/english/year-4/sort-sensory-details
Key Stage 2,Year 4,Reading,Comprehension,Develop positive attitudes to reading and understanding of what they read by: > Discussing words and phrases that capture the reader's interest and imagination,4-K.1,Determine the meanings of similes,https://uk.ixl.com/english/year-4/determine-the-meanings-of-similes
Key Stage 2,Year 4,Reading,Comprehension,Develop positive attitudes to reading and understanding of what they read by: > Discussing words and phrases that capture the reader's interest and imagination,4-GG.1,Describe the difference between related words,https://uk.ixl.com/english/year-4/describe-the-difference-between-related-words
Key Stage 2,Year 4,Reading,Comprehension,Develop positive attitudes to reading and understanding of what they read by: > Discussing words and phrases that capture the reader's interest and imagination,4-GG.2,Positive and negative connotation,https://uk.ixl.com/english/year-4/positive-and-negative-connotation
Key Stage 2,Year 4,Reading,Comprehension,"Develop positive attitudes to reading and understanding of what they read by: > Recognising some different forms of poetry [for example, free verse, narrative poetry]",4-Q.3,Read poetry,https://uk.ixl.com/english/year-4/read-poetry
Key Stage 2,Year 4,Reading,Comprehension,"Understand what they read, in books they can read independently, by: > Checking that the text makes sense to them, discussing their understanding and explaining the meaning of words in context",4-DD.3,Find synonyms in context,https://uk.ixl.com/english/year-4/find-synonyms-in-context
Key Stage 2,Year 4,Reading,Comprehension,"Understand what they read, in books they can read independently, by: > Checking that the text makes sense to them, discussing their understanding and explaining the meaning of words in context",4-DD.6,Find antonyms in context,https://uk.ixl.com/english/year-4/find-antonyms-in-context
Key Stage 2,Year 4,Reading,Comprehension,"Understand what they read, in books they can read independently, by: > Checking that the text makes sense to them, discussing their understanding and explaining the meaning of words in context",4-FF.1,Which definition matches the sentence?,https://uk.ixl.com/english/year-4/which-definition-matches-the-sentence
Key Stage 2,Year 4,Reading,Comprehension,"Understand what they read, in books they can read independently, by: > Checking that the text makes sense to them, discussing their understanding and explaining the meaning of words in context",4-FF.2,Which sentence matches the definition?,https://uk.ixl.com/english/year-4/which-sentence-matches-the-definition
Key Stage 2,Year 4,Reading,Comprehension,"Understand what they read, in books they can read independently, by: > Checking that the text makes sense to them, discussing their understanding and explaining the meaning of words in context",4-II.1,Determine the meaning of words using synonyms in context,https://uk.ixl.com/english/year-4/determine-the-meaning-of-words-using-synonyms-in-context
Key Stage 2,Year 4,Reading,Comprehension,"Understand what they read, in books they can read independently, by: > Checking that the text makes sense to them, discussing their understanding and explaining the meaning of words in context",4-II.2,Use context to identify the meaning of a word,https://uk.ixl.com/english/year-4/use-context-to-identify-the-meaning-of-a-word
Key Stage 2,Year 4,Reading,Comprehension,"Understand what they read, in books they can read independently, by: > Drawing inferences such as inferring characters' feelings, thoughts and motives from their actions, and justifying inferences with evidence",4-M.1,Use actions and dialogue to understand characters,https://uk.ixl.com/english/year-4/use-actions-and-dialogue-to-understand-characters
Key Stage 2,Year 4,Reading,Comprehension,"Understand what they read, in books they can read independently, by: > Drawing inferences such as inferring characters' feelings, thoughts and motives from their actions, and justifying inferences with evidence",4-M.2,Draw inferences from a text,https://uk.ixl.com/english/year-4/draw-inferences-from-a-text
Key Stage 2,Year 4,Reading,Comprehension,"Understand what they read, in books they can read independently, by: > Predicting what might happen from details stated and implied",4-M.3,Make predictions about a story,https://uk.ixl.com/english/year-4/make-predictions-about-a-story
Key Stage 2,Year 4,Reading,Comprehension,"Understand what they read, in books they can read independently, by: > Identifying main ideas drawn from more than one paragraph and summarising these",4-F.1,Use key details to determine the main idea,https://uk.ixl.com/english/year-4/use-key-details-to-determine-the-main-idea
Key Stage 2,Year 4,Reading,Comprehension,"Understand what they read, in books they can read independently, by: > Identifying main ideas drawn from more than one paragraph and summarising these",4-F.2,Determine the main idea of a passage,https://uk.ixl.com/english/year-4/determine-the-main-idea-of-a-passage
Key Stage 2,Year 4,Reading,Comprehension,"Understand what they read, in books they can read independently, by: > Identifying how language, structure, and presentation contribute to meaning",4-I.1,Determine the order of events in informational texts,https://uk.ixl.com/english/year-4/determine-the-order-of-events-in-informational-texts
Key Stage 2,Year 4,Reading,Comprehension,"Understand what they read, in books they can read independently, by: > Identifying how language, structure, and presentation contribute to meaning",4-I.2,Compare and contrast in informational texts,https://uk.ixl.com/english/year-4/compare-and-contrast-in-informational-texts
Key Stage 2,Year 4,Reading,Comprehension,"Understand what they read, in books they can read independently, by: > Identifying how language, structure, and presentation contribute to meaning",4-I.4,Match causes and effects in informational texts,https://uk.ixl.com/english/year-4/match-causes-and-effects-in-informational-texts
Key Stage 2,Year 4,Reading,Comprehension,"Understand what they read, in books they can read independently, by: > Identifying how language, structure, and presentation contribute to meaning",4-I.5,Match problems with their solutions,https://uk.ixl.com/english/year-4/match-problems-with-their-solutions
Key Stage 2,Year 4,Reading,Comprehension,"Understand what they read, in books they can read independently, by: > Identifying how language, structure, and presentation contribute to meaning",4-I.6,Identify text structures,https://uk.ixl.com/english/year-4/identify-text-structures
Key Stage 2,Year 4,Reading,Comprehension,"Understand what they read, in books they can read independently, by: > Identifying how language, structure, and presentation contribute to meaning",4-J.1,Sort sensory details,https://uk.ixl.com/english/year-4/sort-sensory-details
Key Stage 2,Year 4,Reading,Comprehension,"Understand what they read, in books they can read independently, by: > Identifying how language, structure, and presentation contribute to meaning",4-N.1,Identify story elements,https://uk.ixl.com/english/year-4/identify-story-elements
Key Stage 2,Year 4,Reading,Comprehension,"Understand what they read, in books they can read independently, by: > Identifying how language, structure, and presentation contribute to meaning",4-GG.1,Describe the difference between related words,https://uk.ixl.com/english/year-4/describe-the-difference-between-related-words
Key Stage 2,Year 4,Reading,Comprehension,"Understand what they read, in books they can read independently, by: > Identifying how language, structure, and presentation contribute to meaning",4-GG.2,Positive and negative connotation,https://uk.ixl.com/english/year-4/positive-and-negative-connotation
Key Stage 2,Year 4,Reading,Comprehension,Retrieve and record information from non-fiction,4-F.1,Use key details to determine the main idea,https://uk.ixl.com/english/year-4/use-key-details-to-determine-the-main-idea
Key Stage 2,Year 4,Reading,Comprehension,Retrieve and record information from non-fiction,4-F.2,Determine the main idea of a passage,https://uk.ixl.com/english/year-4/determine-the-main-idea-of-a-passage
Key Stage 2,Year 4,Reading,Comprehension,Retrieve and record information from non-fiction,4-R.1,Read about animals,https://uk.ixl.com/english/year-4/read-about-animals
Key Stage 2,Year 4,Reading,Comprehension,Retrieve and record information from non-fiction,4-R.2,Read about food,https://uk.ixl.com/english/year-4/read-about-food
Key Stage 2,Year 4,Reading,Comprehension,Retrieve and record information from non-fiction,4-R.3,"Read about art, music and traditions",https://uk.ixl.com/english/year-4/read-about-art-music-and-traditions
Key Stage 2,Year 4,Reading,Comprehension,Retrieve and record information from non-fiction,4-R.4,Read about sports and hobbies,https://uk.ixl.com/english/year-4/read-about-sports-and-hobbies
Key Stage 2,Year 4,Reading,Comprehension,Retrieve and record information from non-fiction,4-S.1,Read about famous people,https://uk.ixl.com/english/year-4/read-about-famous-people
Key Stage 2,Year 4,Reading,Comprehension,Retrieve and record information from non-fiction,4-S.2,Read about famous places,https://uk.ixl.com/english/year-4/read-about-famous-places
Key Stage 2,Year 4,Reading,Comprehension,Retrieve and record information from non-fiction,4-S.3,Read about business and technology,https://uk.ixl.com/english/year-4/read-about-business-and-technology
Key Stage 2,Year 4,Reading,Comprehension,Retrieve and record information from non-fiction,4-S.4,Read about science and nature,https://uk.ixl.com/english/year-4/read-about-science-and-nature
Key Stage 2,Year 4,Reading,Comprehension,Retrieve and record information from non-fiction,4-T.3,Organise information by topic,https://uk.ixl.com/english/year-4/organise-information-by-topic
Key Stage 2,Year 4,Writing,Transcription,Use further prefixes and suffixes and understand how to add them (English Appendix 1),4-Z.1,"Identify base words, prefixes and suffixes",https://uk.ixl.com/english/year-4/identify-base-words-prefixes-and-suffixes
Key Stage 2,Year 4,Writing,Transcription,Use further prefixes and suffixes and understand how to add them (English Appendix 1),4-Z.3,"Use the prefixes pre-, re- and mis-",https://uk.ixl.com/english/year-4/use-the-prefixes-pre-re-and-mis
Key Stage 2,Year 4,Writing,Transcription,Spell further homophones,4-EE.1,Homophones with pictures,https://uk.ixl.com/english/year-4/homophones-with-pictures
Key Stage 2,Year 4,Writing,Transcription,Spell further homophones,4-EE.3,Use the correct homophone,https://uk.ixl.com/english/year-4/use-the-correct-homophone
Key Stage 2,Year 4,Writing,Transcription,Spell words that are often misspelt (English Appendix 1),3-C.6,"Spell the digraph word: ch, sh, th",https://uk.ixl.com/english/year-3/spell-the-digraph-word-ch-sh-th
Key Stage 2,Year 4,Writing,Transcription,Spell words that are often misspelt (English Appendix 1),3-C.7,"Spell the digraph word: ph, qu, wh",https://uk.ixl.com/english/year-3/spell-the-digraph-word-ph-qu-wh
Key Stage 2,Year 4,Writing,Transcription,Spell words that are often misspelt (English Appendix 1),3-C.11,Complete the words with silent letters,https://uk.ixl.com/english/year-3/complete-the-words-with-silent-letters
Key Stage 2,Year 4,Writing,Transcription,Spell words that are often misspelt (English Appendix 1),3-J.1,Complete words with variant vowels,https://uk.ixl.com/english/year-3/complete-words-with-variant-vowels
Key Stage 2,Year 4,Writing,Transcription,Spell words that are often misspelt (English Appendix 1),3-K.4,Spell the soft g or soft c word,https://uk.ixl.com/english/year-3/spell-the-soft-g-or-soft-c-word
Key Stage 2,Year 4,Writing,Transcription,Spell words that are often misspelt (English Appendix 1),3-MM.7,Use regular plurals with -s and -es,https://uk.ixl.com/english/year-3/use-regular-plurals-with-s-and-es
Key Stage 2,Year 4,Writing,Transcription,Spell words that are often misspelt (English Appendix 1),4-A.3,"Spell the long a word: silent e, ai, ay, ea, ey, eigh",https://uk.ixl.com/english/year-4/spell-the-long-a-word-silent-e-ai-ay-ea-ey-eigh
Key Stage 2,Year 4,Writing,Transcription,Spell words that are often misspelt (English Appendix 1),4-A.4,"Spell the long e word: silent e, ee, ea, ie",https://uk.ixl.com/english/year-4/spell-the-long-e-word-silent-e-ee-ea-ie
Key Stage 2,Year 4,Writing,Transcription,Spell words that are often misspelt (English Appendix 1),4-A.5,"Spell the long i word: silent e, ie, y, igh, ind, ild",https://uk.ixl.com/english/year-4/spell-the-long-i-word-silent-e-ie-y-igh-ind-ild
Key Stage 2,Year 4,Writing,Transcription,Spell words that are often misspelt (English Appendix 1),4-A.6,"Spell the long o word: silent e, oa, ow, old, ost, olt",https://uk.ixl.com/english/year-4/spell-the-long-o-word-silent-e-oa-ow-old-ost-olt
Key Stage 2,Year 4,Writing,Transcription,Spell words that are often misspelt (English Appendix 1),4-A.7,"Spell the long u word: silent e, ue, oo, ew, ui",https://uk.ixl.com/english/year-4/spell-the-long-u-word-silent-e-ue-oo-ew-ui
Key Stage 2,Year 4,Writing,Transcription,Spell words that are often misspelt (English Appendix 1),4-B.1,Complete the word with a three-letter consonant blend,https://uk.ixl.com/english/year-4/complete-the-word-with-a-three-letter-consonant-blend
Key Stage 2,Year 4,Writing,Transcription,Spell words that are often misspelt (English Appendix 1),4-C.1,Spell words with open and closed syllables,https://uk.ixl.com/english/year-4/spell-words-with-open-and-closed-syllables
Key Stage 2,Year 4,Writing,Transcription,Spell words that are often misspelt (English Appendix 1),4-C.2,Spell consonant-l-e words,https://uk.ixl.com/english/year-4/spell-consonant-l-e-words
Key Stage 2,Year 4,Writing,Transcription,Spell words that are often misspelt (English Appendix 1),4-D.1,Spell words with vowel diphthong patterns,https://uk.ixl.com/english/year-4/spell-words-with-vowel-diphthong-patterns
Key Stage 2,Year 4,Writing,Transcription,Spell words that are often misspelt (English Appendix 1),4-D.2,Spell words with r vowel patterns,https://uk.ixl.com/english/year-4/spell-words-with-r-vowel-patterns
Key Stage 2,Year 4,Writing,Transcription,Spell words that are often misspelt (English Appendix 1),4-E.1,Spell the sight word,https://uk.ixl.com/english/year-4/spell-the-sight-word
Key Stage 2,Year 4,Writing,Transcription,"Place the possessive apostrophe accurately in words with regular plurals [for example, girls', boys'] and in words with irregular plurals [for example, children's]",4-LL.10,Form the singular or plural possessive,https://uk.ixl.com/english/year-4/form-the-singular-or-plural-possessive
Key Stage 2,Year 4,Writing,Transcription,"Place the possessive apostrophe accurately in words with regular plurals [for example, girls', boys'] and in words with irregular plurals [for example, children's]",4-LL.11,Identify and correct errors with plural and possessive nouns,https://uk.ixl.com/english/year-4/identify-and-correct-errors-with-plural-and-possessive-nouns
Key Stage 2,Year 4,Writing,Transcription,Use the first two or three letters of a word to check its spelling in a dictionary,4-JJ.2,Order alphabetically based on the first two letters,https://uk.ixl.com/english/year-4/order-alphabetically-based-on-the-first-two-letters
Key Stage 2,Year 4,Writing,Transcription,Use the first two or three letters of a word to check its spelling in a dictionary,4-JJ.3,Order alphabetically based on the first three letters,https://uk.ixl.com/english/year-4/order-alphabetically-based-on-the-first-three-letters
Key Stage 2,Year 4,Writing,Transcription,Use the first two or three letters of a word to check its spelling in a dictionary,4-JJ.4,Order alphabetically: challenge,https://uk.ixl.com/english/year-4/order-alphabetically-challenge
Key Stage 2,Year 4,Writing,Transcription,Use the first two or three letters of a word to check its spelling in a dictionary,4-JJ.5,Use guide words,https://uk.ixl.com/english/year-4/use-guide-words
Key Stage 2,Year 4,Writing,Composition,"Plan their writing by: > Discussing writing similar to that which they are planning to write in order to understand and learn from its structure, vocabulary and grammar",4-V.1,Choose the text that matches the writer's purpose,https://uk.ixl.com/english/year-4/choose-the-text-that-matches-the-writers-purpose
Key Stage 2,Year 4,Writing,Composition,Plan their writing by: > Discussing and recording ideas,4-T.2,Order items from most general to most specific,https://uk.ixl.com/english/year-4/order-items-from-most-general-to-most-specific
Key Stage 2,Year 4,Writing,Composition,"Draft and write by: > Composing and rehearsing sentences orally (including dialogue), progressively building a varied and rich vocabulary and an increasing range of sentence structures (English Appendix 2)",4-J.1,Sort sensory details,https://uk.ixl.com/english/year-4/sort-sensory-details
Key Stage 2,Year 4,Writing,Composition,"Draft and write by: > Composing and rehearsing sentences orally (including dialogue), progressively building a varied and rich vocabulary and an increasing range of sentence structures (English Appendix 2)",4-GG.1,Describe the difference between related words,https://uk.ixl.com/english/year-4/describe-the-difference-between-related-words
Key Stage 2,Year 4,Writing,Composition,"Draft and write by: > Composing and rehearsing sentences orally (including dialogue), progressively building a varied and rich vocabulary and an increasing range of sentence structures (English Appendix 2)",4-GG.2,Positive and negative connotation,https://uk.ixl.com/english/year-4/positive-and-negative-connotation
Key Stage 2,Year 4,Writing,Composition,"Draft and write by: > Composing and rehearsing sentences orally (including dialogue), progressively building a varied and rich vocabulary and an increasing range of sentence structures (English Appendix 2)",4-KK.2,Identify the complete subject of a sentence,https://uk.ixl.com/english/year-4/identify-the-complete-subject-of-a-sentence
Key Stage 2,Year 4,Writing,Composition,"Draft and write by: > Composing and rehearsing sentences orally (including dialogue), progressively building a varied and rich vocabulary and an increasing range of sentence structures (English Appendix 2)",4-KK.3,Identify the complete predicate of a sentence,https://uk.ixl.com/english/year-4/identify-the-complete-predicate-of-a-sentence
Key Stage 2,Year 4,Writing,Composition,"Draft and write by: > Composing and rehearsing sentences orally (including dialogue), progressively building a varied and rich vocabulary and an increasing range of sentence structures (English Appendix 2)",4-KK.4,Identify the simple subject or predicate of a sentence,https://uk.ixl.com/english/year-4/identify-the-simple-subject-or-predicate-of-a-sentence
Key Stage 2,Year 4,Writing,Composition,"Draft and write by: > Composing and rehearsing sentences orally (including dialogue), progressively building a varied and rich vocabulary and an increasing range of sentence structures (English Appendix 2)",4-KK.8,Is the sentence simple or compound?,https://uk.ixl.com/english/year-4/is-the-sentence-simple-or-compound
Key Stage 2,Year 4,Writing,Composition,"Draft and write by: > Composing and rehearsing sentences orally (including dialogue), progressively building a varied and rich vocabulary and an increasing range of sentence structures (English Appendix 2)",4-KK.9,Order the words to create a sentence,https://uk.ixl.com/english/year-4/order-the-words-to-create-a-sentence
Key Stage 2,Year 4,Writing,Composition,Draft and write by: > Organising paragraphs around a theme,4-T.2,Order items from most general to most specific,https://uk.ixl.com/english/year-4/order-items-from-most-general-to-most-specific
Key Stage 2,Year 4,Writing,Composition,Draft and write by: > Organising paragraphs around a theme,4-T.3,Organise information by topic,https://uk.ixl.com/english/year-4/organise-information-by-topic
Key Stage 2,Year 4,Writing,Composition,Draft and write by: > Organising paragraphs around a theme,4-U.1,Choose topic sentences for narrative paragraphs,https://uk.ixl.com/english/year-4/choose-topic-sentences-for-narrative-paragraphs
Key Stage 2,Year 4,Writing,Composition,Draft and write by: > Organising paragraphs around a theme,4-U.2,Choose topic sentences for expository paragraphs,https://uk.ixl.com/english/year-4/choose-topic-sentences-for-expository-paragraphs
Key Stage 2,Year 4,Writing,Composition,Draft and write by: > Organising paragraphs around a theme,4-W.2,Use time-order words,https://uk.ixl.com/english/year-4/use-time-order-words
Key Stage 2,Year 4,Writing,Composition,Draft and write by: > Organising paragraphs around a theme,4-W.3,Use coordinating conjunctions,https://uk.ixl.com/english/year-4/use-coordinating-conjunctions
Key Stage 2,Year 4,Writing,Composition,Draft and write by: > Organising paragraphs around a theme,4-W.4,Use subordinating conjunctions,https://uk.ixl.com/english/year-4/use-subordinating-conjunctions
Key Stage 2,Year 4,Writing,Composition,Draft and write by: > Organising paragraphs around a theme,4-W.5,Choose the best transition,https://uk.ixl.com/english/year-4/choose-the-best-transition
Key Stage 2,Year 4,Writing,Composition,"Draft and write by: > In narratives, creating settings, characters and plot",4-Y.1,Add descriptive details to sentences,https://uk.ixl.com/english/year-4/add-descriptive-details-to-sentences
Key Stage 2,Year 4,Writing,Composition,"Draft and write by: > In narratives, creating settings, characters and plot",4-Y.2,Show character emotions and traits,https://uk.ixl.com/english/year-4/show-character-emotions-and-traits
Key Stage 2,Year 4,Writing,Composition,"Draft and write by: > In non-narrative material, using simple organisational devices [for example, headings and sub-headings]",4-XX.1,Greetings and closings of letters,https://uk.ixl.com/english/year-4/greetings-and-closings-of-letters
Key Stage 2,Year 4,Writing,Composition,"Evaluate and edit by: > Proposing changes to grammar and vocabulary to improve consistency, including the accurate use of pronouns in sentences",4-Y.1,Add descriptive details to sentences,https://uk.ixl.com/english/year-4/add-descriptive-details-to-sentences
Key Stage 2,Year 4,Writing,Composition,"Evaluate and edit by: > Proposing changes to grammar and vocabulary to improve consistency, including the accurate use of pronouns in sentences",4-Y.3,Revise the sentence using a stronger verb,https://uk.ixl.com/english/year-4/revise-the-sentence-using-a-stronger-verb
Key Stage 2,Year 4,Writing,Composition,"Evaluate and edit by: > Proposing changes to grammar and vocabulary to improve consistency, including the accurate use of pronouns in sentences",4-GG.1,Describe the difference between related words,https://uk.ixl.com/english/year-4/describe-the-difference-between-related-words
Key Stage 2,Year 4,Writing,Composition,"Evaluate and edit by: > Proposing changes to grammar and vocabulary to improve consistency, including the accurate use of pronouns in sentences",4-GG.2,Positive and negative connotation,https://uk.ixl.com/english/year-4/positive-and-negative-connotation
Key Stage 2,Year 4,Writing,Composition,"Evaluate and edit by: > Proposing changes to grammar and vocabulary to improve consistency, including the accurate use of pronouns in sentences",4-KK.5,Is it a complete sentence or a fragment?,https://uk.ixl.com/english/year-4/is-it-a-complete-sentence-or-a-fragment
Key Stage 2,Year 4,Writing,Composition,"Evaluate and edit by: > Proposing changes to grammar and vocabulary to improve consistency, including the accurate use of pronouns in sentences",4-KK.6,Is it a complete sentence or a run-on?,https://uk.ixl.com/english/year-4/is-it-a-complete-sentence-or-a-run-on
Key Stage 2,Year 4,Writing,Composition,"Evaluate and edit by: > Proposing changes to grammar and vocabulary to improve consistency, including the accurate use of pronouns in sentences",4-KK.7,"Is it a complete sentence, a fragment or a run-on?",https://uk.ixl.com/english/year-4/is-it-a-complete-sentence-a-fragment-or-a-run-on
Key Stage 2,Year 4,Writing,Composition,"Evaluate and edit by: > Proposing changes to grammar and vocabulary to improve consistency, including the accurate use of pronouns in sentences",4-KK.9,Order the words to create a sentence,https://uk.ixl.com/english/year-4/order-the-words-to-create-a-sentence
Key Stage 2,Year 4,Writing,Composition,"Evaluate and edit by: > Proposing changes to grammar and vocabulary to improve consistency, including the accurate use of pronouns in sentences",4-LL.11,Identify and correct errors with plural and possessive nouns,https://uk.ixl.com/english/year-4/identify-and-correct-errors-with-plural-and-possessive-nouns
Key Stage 2,Year 4,Writing,Composition,"Evaluate and edit by: > Proposing changes to grammar and vocabulary to improve consistency, including the accurate use of pronouns in sentences",4-MM.3,Replace the noun with a personal pronoun,https://uk.ixl.com/english/year-4/replace-the-noun-with-a-personal-pronoun
Key Stage 2,Year 4,Writing,Composition,Proof-read for spelling and punctuation errors,4-EE.2,Identify homophones,https://uk.ixl.com/english/year-4/identify-homophones
Key Stage 2,Year 4,Writing,Composition,Proof-read for spelling and punctuation errors,4-KK.1,"Is the sentence a statement, question, command or exclamation?",https://uk.ixl.com/english/year-4/is-the-sentence-a-statement-question-command-or-exclamation
Key Stage 2,Year 4,Writing,Composition,Proof-read for spelling and punctuation errors,4-LL.11,Identify and correct errors with plural and possessive nouns,https://uk.ixl.com/english/year-4/identify-and-correct-errors-with-plural-and-possessive-nouns
Key Stage 2,Year 4,Writing,"Vocabulary, grammar and punctuation","Develop their understanding of the concepts set out in English Appendix 2 by: > Extending the range of sentences with more than one clause by using a wider range of conjunctions, including when, if, because, although",4-W.3,Use coordinating conjunctions,https://uk.ixl.com/english/year-4/use-coordinating-conjunctions
Key Stage 2,Year 4,Writing,"Vocabulary, grammar and punctuation","Develop their understanding of the concepts set out in English Appendix 2 by: > Extending the range of sentences with more than one clause by using a wider range of conjunctions, including when, if, because, although",4-W.4,Use subordinating conjunctions,https://uk.ixl.com/english/year-4/use-subordinating-conjunctions
Key Stage 2,Year 4,Writing,"Vocabulary, grammar and punctuation","Develop their understanding of the concepts set out in English Appendix 2 by: > Extending the range of sentences with more than one clause by using a wider range of conjunctions, including when, if, because, although",4-KK.8,Is the sentence simple or compound?,https://uk.ixl.com/english/year-4/is-the-sentence-simple-or-compound
Key Stage 2,Year 4,Writing,"Vocabulary, grammar and punctuation",Develop their understanding of the concepts set out in English Appendix 2 by: > Using the present perfect form of verbs in contrast to the past tense,5-II.15,Choose between the past tense and past participle,https://uk.ixl.com/english/year-5/choose-between-the-past-tense-and-past-participle
Key Stage 2,Year 4,Writing,"Vocabulary, grammar and punctuation",Develop their understanding of the concepts set out in English Appendix 2 by: > Using the present perfect form of verbs in contrast to the past tense,5-II.16,Use the perfect verb tenses,https://uk.ixl.com/english/year-5/use-the-perfect-verb-tenses
Key Stage 2,Year 4,Writing,"Vocabulary, grammar and punctuation",Develop their understanding of the concepts set out in English Appendix 2 by: > Choosing nouns or pronouns appropriately for clarity and cohesion and to avoid repetition,4-MM.2,Choose between subject and object personal pronouns,https://uk.ixl.com/english/year-4/choose-between-subject-and-object-personal-pronouns
Key Stage 2,Year 4,Writing,"Vocabulary, grammar and punctuation",Develop their understanding of the concepts set out in English Appendix 2 by: > Choosing nouns or pronouns appropriately for clarity and cohesion and to avoid repetition,4-MM.3,Replace the noun with a personal pronoun,https://uk.ixl.com/english/year-4/replace-the-noun-with-a-personal-pronoun
Key Stage 2,Year 4,Writing,"Vocabulary, grammar and punctuation",Develop their understanding of the concepts set out in English Appendix 2 by: > Choosing nouns or pronouns appropriately for clarity and cohesion and to avoid repetition,4-MM.7,Choose between personal and reflexive pronouns,https://uk.ixl.com/english/year-4/choose-between-personal-and-reflexive-pronouns
Key Stage 2,Year 4,Writing,"Vocabulary, grammar and punctuation","Develop their understanding of the concepts set out in English Appendix 2 by: > Using conjunctions, adverbs and prepositions to express time and cause",4-W.4,Use subordinating conjunctions,https://uk.ixl.com/english/year-4/use-subordinating-conjunctions
Key Stage 2,Year 4,Writing,"Vocabulary, grammar and punctuation","Develop their understanding of the concepts set out in English Appendix 2 by: > Using conjunctions, adverbs and prepositions to express time and cause",4-SS.4,Prepositions: review,https://uk.ixl.com/english/year-4/prepositions-review
Key Stage 2,Year 4,Writing,"Vocabulary, grammar and punctuation",Develop their understanding of the concepts set out in English Appendix 2 by: > Learning the grammar for years 3 and 4 in English Appendix 2,4-KK.8,Is the sentence simple or compound?,https://uk.ixl.com/english/year-4/is-the-sentence-simple-or-compound
Key Stage 2,Year 4,Writing,"Vocabulary, grammar and punctuation",Develop their understanding of the concepts set out in English Appendix 2 by: > Learning the grammar for years 3 and 4 in English Appendix 2,4-LL.9,"Identify plurals, singular possessives and plural possessives",https://uk.ixl.com/english/year-4/identify-plurals-singular-possessives-and-plural-possessives
Key Stage 2,Year 4,Writing,"Vocabulary, grammar and punctuation",Develop their understanding of the concepts set out in English Appendix 2 by: > Learning the grammar for years 3 and 4 in English Appendix 2,4-LL.10,Form the singular or plural possessive,https://uk.ixl.com/english/year-4/form-the-singular-or-plural-possessive
Key Stage 2,Year 4,Writing,"Vocabulary, grammar and punctuation",Develop their understanding of the concepts set out in English Appendix 2 by: > Learning the grammar for years 3 and 4 in English Appendix 2,4-LL.11,Identify and correct errors with plural and possessive nouns,https://uk.ixl.com/english/year-4/identify-and-correct-errors-with-plural-and-possessive-nouns
Key Stage 2,Year 4,Writing,"Vocabulary, grammar and punctuation",Develop their understanding of the concepts set out in English Appendix 2 by: > Learning the grammar for years 3 and 4 in English Appendix 2,4-MM.1,Identify personal pronouns,https://uk.ixl.com/english/year-4/identify-personal-pronouns
Key Stage 2,Year 4,Writing,"Vocabulary, grammar and punctuation",Develop their understanding of the concepts set out in English Appendix 2 by: > Learning the grammar for years 3 and 4 in English Appendix 2,4-MM.2,Choose between subject and object personal pronouns,https://uk.ixl.com/english/year-4/choose-between-subject-and-object-personal-pronouns
Key Stage 2,Year 4,Writing,"Vocabulary, grammar and punctuation",Develop their understanding of the concepts set out in English Appendix 2 by: > Learning the grammar for years 3 and 4 in English Appendix 2,4-MM.3,Replace the noun with a personal pronoun,https://uk.ixl.com/english/year-4/replace-the-noun-with-a-personal-pronoun
Key Stage 2,Year 4,Writing,"Vocabulary, grammar and punctuation",Develop their understanding of the concepts set out in English Appendix 2 by: > Learning the grammar for years 3 and 4 in English Appendix 2,4-MM.4,Compound subjects and objects with 'I' and 'me',https://uk.ixl.com/english/year-4/compound-subjects-and-objects-with-i-and-me
Key Stage 2,Year 4,Writing,"Vocabulary, grammar and punctuation",Develop their understanding of the concepts set out in English Appendix 2 by: > Learning the grammar for years 3 and 4 in English Appendix 2,4-MM.5,Identify possessive pronouns,https://uk.ixl.com/english/year-4/identify-possessive-pronouns
Key Stage 2,Year 4,Writing,"Vocabulary, grammar and punctuation",Develop their understanding of the concepts set out in English Appendix 2 by: > Learning the grammar for years 3 and 4 in English Appendix 2,4-MM.6,Use possessive pronouns,https://uk.ixl.com/english/year-4/use-possessive-pronouns
Key Stage 2,Year 4,Writing,"Vocabulary, grammar and punctuation",Develop their understanding of the concepts set out in English Appendix 2 by: > Learning the grammar for years 3 and 4 in English Appendix 2,4-MM.8,Use reflexive pronouns,https://uk.ixl.com/english/year-4/use-reflexive-pronouns
Key Stage 2,Year 4,Writing,"Vocabulary, grammar and punctuation",Develop their understanding of the concepts set out in English Appendix 2 by: > Learning the grammar for years 3 and 4 in English Appendix 2,4-QQ.1,Use the correct article: a or an,https://uk.ixl.com/english/year-4/use-the-correct-article-a-or-an
Key Stage 2,Year 4,Writing,"Vocabulary, grammar and punctuation",Develop their understanding of the concepts set out in English Appendix 2 by: > Learning the grammar for years 3 and 4 in English Appendix 2,4-QQ.2,"Use the correct article: a, an or the",https://uk.ixl.com/english/year-4/use-the-correct-article-a-an-or-the
Key Stage 2,Year 4,Writing,"Vocabulary, grammar and punctuation",Develop their understanding of the concepts set out in English Appendix 2 by: > Learning the grammar for years 3 and 4 in English Appendix 2,4-RR.4,"Does the adverb tell you how, when or where?",https://uk.ixl.com/english/year-4/does-the-adverb-tell-you-how-when-or-where
Key Stage 2,Year 4,Writing,"Vocabulary, grammar and punctuation",Develop their understanding of the concepts set out in English Appendix 2 by: > Learning the grammar for years 3 and 4 in English Appendix 2,4-RR.5,Identify adverbs,https://uk.ixl.com/english/year-4/identify-adverbs
Key Stage 2,Year 4,Writing,"Vocabulary, grammar and punctuation",Develop their understanding of the concepts set out in English Appendix 2 by: > Learning the grammar for years 3 and 4 in English Appendix 2,4-SS.1,Identify prepositions,https://uk.ixl.com/english/year-4/identify-prepositions
Key Stage 2,Year 4,Writing,"Vocabulary, grammar and punctuation",Develop their understanding of the concepts set out in English Appendix 2 by: > Learning the grammar for years 3 and 4 in English Appendix 2,4-SS.2,Identify prepositions and their objects,https://uk.ixl.com/english/year-4/identify-prepositions-and-their-objects
Key Stage 2,Year 4,Writing,"Vocabulary, grammar and punctuation",Develop their understanding of the concepts set out in English Appendix 2 by: > Learning the grammar for years 3 and 4 in English Appendix 2,4-SS.3,Identify prepositional phrases,https://uk.ixl.com/english/year-4/identify-prepositional-phrases
Key Stage 2,Year 4,Writing,"Vocabulary, grammar and punctuation",Develop their understanding of the concepts set out in English Appendix 2 by: > Learning the grammar for years 3 and 4 in English Appendix 2,4-SS.4,Prepositions: review,https://uk.ixl.com/english/year-4/prepositions-review
Key Stage 2,Year 4,Writing,"Vocabulary, grammar and punctuation",Develop their understanding of the concepts set out in English Appendix 2 by: > Learning the grammar for years 3 and 4 in English Appendix 2,4-TT.1,Identify coordinating conjunctions,https://uk.ixl.com/english/year-4/identify-coordinating-conjunctions
Key Stage 2,Year 4,Writing,"Vocabulary, grammar and punctuation",Develop their understanding of the concepts set out in English Appendix 2 by: > Learning the grammar for years 3 and 4 in English Appendix 2,4-TT.2,Identify subordinating conjunctions,https://uk.ixl.com/english/year-4/identify-subordinating-conjunctions
Key Stage 2,Year 4,Writing,"Vocabulary, grammar and punctuation",Develop their understanding of the concepts set out in English Appendix 2 by: > Learning the grammar for years 3 and 4 in English Appendix 2,5-II.15,Choose between the past tense and past participle,https://uk.ixl.com/english/year-5/choose-between-the-past-tense-and-past-participle
Key Stage 2,Year 4,Writing,"Vocabulary, grammar and punctuation",Develop their understanding of the concepts set out in English Appendix 2 by: > Learning the grammar for years 3 and 4 in English Appendix 2,5-II.16,Use the perfect verb tenses,https://uk.ixl.com/english/year-5/use-the-perfect-verb-tenses
Key Stage 2,Year 4,Writing,"Vocabulary, grammar and punctuation",Develop their understanding of the concepts set out in English Appendix 2 by: > Learning the grammar for years 3 and 4 in English Appendix 2,5-II.17,Form the perfect verb tenses,https://uk.ixl.com/english/year-5/form-the-perfect-verb-tenses
Key Stage 2,Year 4,Writing,"Vocabulary, grammar and punctuation",Indicate grammatical and other features by: > Using commas after fronted adverbials,4-VV.1,Commas with direct addresses and after introductory words,https://uk.ixl.com/english/year-4/commas-with-direct-addresses-and-after-introductory-words
Key Stage 2,Year 4,Writing,"Vocabulary, grammar and punctuation",Indicate grammatical and other features by: > Indicating possession by using the possessive apostrophe with plural nouns,4-LL.10,Form the singular or plural possessive,https://uk.ixl.com/english/year-4/form-the-singular-or-plural-possessive
Key Stage 2,Year 5,Reading,Word Reading,"Apply their growing knowledge of root words, prefixes and suffixes (morphology and etymology), as listed in English Appendix 1, both to read aloud and to understand the meaning of new words that they meet",5-T.1,"Identify base words, prefixes and suffixes",https://uk.ixl.com/english/year-5/identify-base-words-prefixes-and-suffixes
Key Stage 2,Year 5,Reading,Word Reading,"Apply their growing knowledge of root words, prefixes and suffixes (morphology and etymology), as listed in English Appendix 1, both to read aloud and to understand the meaning of new words that they meet",5-T.2,"Determine the meaning of a word with pre-, re- or mis-",https://uk.ixl.com/english/year-5/determine-the-meaning-of-a-word-with-pre-re-or-mis
Key Stage 2,Year 5,Reading,Word Reading,"Apply their growing knowledge of root words, prefixes and suffixes (morphology and etymology), as listed in English Appendix 1, both to read aloud and to understand the meaning of new words that they meet",5-T.3,"Use the prefixes pre-, re- and mis-",https://uk.ixl.com/english/year-5/use-the-prefixes-pre-re-and-mis
Key Stage 2,Year 5,Reading,Word Reading,"Apply their growing knowledge of root words, prefixes and suffixes (morphology and etymology), as listed in English Appendix 1, both to read aloud and to understand the meaning of new words that they meet",5-T.4,Determine the meaning of a word with -ful or -less,https://uk.ixl.com/english/year-5/determine-the-meaning-of-a-word-with-ful-or-less
Key Stage 2,Year 5,Reading,Word Reading,"Apply their growing knowledge of root words, prefixes and suffixes (morphology and etymology), as listed in English Appendix 1, both to read aloud and to understand the meaning of new words that they meet",5-T.5,Determine the meaning of a word with -ly or -ness,https://uk.ixl.com/english/year-5/determine-the-meaning-of-a-word-with-ly-or-ness
Key Stage 2,Year 5,Reading,Word Reading,"Apply their growing knowledge of root words, prefixes and suffixes (morphology and etymology), as listed in English Appendix 1, both to read aloud and to understand the meaning of new words that they meet",5-T.6,Determine the meaning of a word with -able or -ment,https://uk.ixl.com/english/year-5/determine-the-meaning-of-a-word-with-able-or-ment
Key Stage 2,Year 5,Reading,Word Reading,"Apply their growing knowledge of root words, prefixes and suffixes (morphology and etymology), as listed in English Appendix 1, both to read aloud and to understand the meaning of new words that they meet",5-T.7,Determine the meaning of a word with a suffix: review,https://uk.ixl.com/english/year-5/determine-the-meaning-of-a-word-with-a-suffix-review
Key Stage 2,Year 5,Reading,Word Reading,"Apply their growing knowledge of root words, prefixes and suffixes (morphology and etymology), as listed in English Appendix 1, both to read aloud and to understand the meaning of new words that they meet",5-T.8,Determine the meanings of words with prefixes and suffixes: review,https://uk.ixl.com/english/year-5/determine-the-meanings-of-words-with-prefixes-and-suffixes-review
Key Stage 2,Year 5,Reading,Word Reading,"Apply their growing knowledge of root words, prefixes and suffixes (morphology and etymology), as listed in English Appendix 1, both to read aloud and to understand the meaning of new words that they meet",5-U.1,Sort words by shared Greek or Latin roots,https://uk.ixl.com/english/year-5/sort-words-by-shared-greek-or-latin-roots
Key Stage 2,Year 5,Reading,Word Reading,"Apply their growing knowledge of root words, prefixes and suffixes (morphology and etymology), as listed in English Appendix 1, both to read aloud and to understand the meaning of new words that they meet",5-U.2,Use Greek and Latin roots as clues to the meanings of words,https://uk.ixl.com/english/year-5/use-greek-and-latin-roots-as-clues-to-the-meanings-of-words
Key Stage 2,Year 5,Reading,Word Reading,"Apply their growing knowledge of root words, prefixes and suffixes (morphology and etymology), as listed in English Appendix 1, both to read aloud and to understand the meaning of new words that they meet",5-U.3,Use the meanings of words as clues to the meanings of Greek and Latin roots,https://uk.ixl.com/english/year-5/use-the-meanings-of-words-as-clues-to-the-meanings-of-greek-and-latin-roots
Key Stage 2,Year 5,Reading,Word Reading,"Apply their growing knowledge of root words, prefixes and suffixes (morphology and etymology), as listed in English Appendix 1, both to read aloud and to understand the meaning of new words that they meet",5-U.4,Determine the meanings of Greek and Latin roots,https://uk.ixl.com/english/year-5/determine-the-meanings-of-greek-and-latin-roots
Key Stage 2,Year 5,Reading,Word Reading,"Apply their growing knowledge of root words, prefixes and suffixes (morphology and etymology), as listed in English Appendix 1, both to read aloud and to understand the meaning of new words that they meet",5-U.5,Determine the meanings of words with Greek and Latin roots,https://uk.ixl.com/english/year-5/determine-the-meanings-of-words-with-greek-and-latin-roots
Key Stage 2,Year 5,Reading,Word Reading,"Apply their growing knowledge of root words, prefixes and suffixes (morphology and etymology), as listed in English Appendix 1, both to read aloud and to understand the meaning of new words that they meet",5-U.6,Match words with Greek and Latin roots to their meanings,https://uk.ixl.com/english/year-5/match-words-with-greek-and-latin-roots-to-their-meanings
Key Stage 2,Year 5,Reading,Comprehension,"Maintain positive attitudes to reading and understanding of what they read by: > Continuing to read and discuss an increasingly wide range of fiction, poetry, plays, non-fiction and reference books or textbooks",5-K.1,Read fantasy with illustrations,https://uk.ixl.com/english/year-5/read-fantasy-with-illustrations
Key Stage 2,Year 5,Reading,Comprehension,"Maintain positive attitudes to reading and understanding of what they read by: > Continuing to read and discuss an increasingly wide range of fiction, poetry, plays, non-fiction and reference books or textbooks",5-K.2,Read realistic fiction with illustrations,https://uk.ixl.com/english/year-5/read-realistic-fiction-with-illustrations
Key Stage 2,Year 5,Reading,Comprehension,"Maintain positive attitudes to reading and understanding of what they read by: > Continuing to read and discuss an increasingly wide range of fiction, poetry, plays, non-fiction and reference books or textbooks",5-K.3,Read science fiction with illustrations,https://uk.ixl.com/english/year-5/read-science-fiction-with-illustrations
Key Stage 2,Year 5,Reading,Comprehension,"Maintain positive attitudes to reading and understanding of what they read by: > Continuing to read and discuss an increasingly wide range of fiction, poetry, plays, non-fiction and reference books or textbooks",5-L.1,Read realistic fiction,https://uk.ixl.com/english/year-5/read-realistic-fiction
Key Stage 2,Year 5,Reading,Comprehension,"Maintain positive attitudes to reading and understanding of what they read by: > Continuing to read and discuss an increasingly wide range of fiction, poetry, plays, non-fiction and reference books or textbooks",5-L.2,Read historical fiction,https://uk.ixl.com/english/year-5/read-historical-fiction
Key Stage 2,Year 5,Reading,Comprehension,"Maintain positive attitudes to reading and understanding of what they read by: > Continuing to read and discuss an increasingly wide range of fiction, poetry, plays, non-fiction and reference books or textbooks",5-L.3,Read poetry,https://uk.ixl.com/english/year-5/read-poetry
Key Stage 2,Year 5,Reading,Comprehension,"Maintain positive attitudes to reading and understanding of what they read by: > Continuing to read and discuss an increasingly wide range of fiction, poetry, plays, non-fiction and reference books or textbooks",5-L.4,Read drama,https://uk.ixl.com/english/year-5/read-drama
Key Stage 2,Year 5,Reading,Comprehension,"Maintain positive attitudes to reading and understanding of what they read by: > Continuing to read and discuss an increasingly wide range of fiction, poetry, plays, non-fiction and reference books or textbooks",5-M.1,Read about animals,https://uk.ixl.com/english/year-5/read-about-animals
Key Stage 2,Year 5,Reading,Comprehension,"Maintain positive attitudes to reading and understanding of what they read by: > Continuing to read and discuss an increasingly wide range of fiction, poetry, plays, non-fiction and reference books or textbooks",5-M.2,"Read about art, music and traditions",https://uk.ixl.com/english/year-5/read-about-art-music-and-traditions
Key Stage 2,Year 5,Reading,Comprehension,"Maintain positive attitudes to reading and understanding of what they read by: > Continuing to read and discuss an increasingly wide range of fiction, poetry, plays, non-fiction and reference books or textbooks",5-M.3,Read about famous places,https://uk.ixl.com/english/year-5/read-about-famous-places
Key Stage 2,Year 5,Reading,Comprehension,"Maintain positive attitudes to reading and understanding of what they read by: > Continuing to read and discuss an increasingly wide range of fiction, poetry, plays, non-fiction and reference books or textbooks",5-M.4,Read about sports and hobbies,https://uk.ixl.com/english/year-5/read-about-sports-and-hobbies
Key Stage 2,Year 5,Reading,Comprehension,"Maintain positive attitudes to reading and understanding of what they read by: > Continuing to read and discuss an increasingly wide range of fiction, poetry, plays, non-fiction and reference books or textbooks",5-N.1,Read about famous people,https://uk.ixl.com/english/year-5/read-about-famous-people
Key Stage 2,Year 5,Reading,Comprehension,"Maintain positive attitudes to reading and understanding of what they read by: > Continuing to read and discuss an increasingly wide range of fiction, poetry, plays, non-fiction and reference books or textbooks",5-N.2,Read about business and technology,https://uk.ixl.com/english/year-5/read-passages-about-business-and-technology
Key Stage 2,Year 5,Reading,Comprehension,"Maintain positive attitudes to reading and understanding of what they read by: > Continuing to read and discuss an increasingly wide range of fiction, poetry, plays, non-fiction and reference books or textbooks",5-N.3,Read about science and nature,https://uk.ixl.com/english/year-5/read-about-science-and-nature
Key Stage 2,Year 5,Reading,Comprehension,"Maintain positive attitudes to reading and understanding of what they read by: > Continuing to read and discuss an increasingly wide range of fiction, poetry, plays, non-fiction and reference books or textbooks",5-N.4,Read about history,https://uk.ixl.com/english/year-5/read-about-history
Key Stage 2,Year 5,Reading,Comprehension,Maintain positive attitudes to reading and understanding of what they read by: > Reading books that are structured in different ways and reading for a range of purposes,5-C.1,Identify the purpose of a text,https://uk.ixl.com/english/year-5/identify-the-purpose-of-a-text
Key Stage 2,Year 5,Reading,Comprehension,"Maintain positive attitudes to reading and understanding of what they read by: > Increasing their familiarity with a wide range of books, including myths, legends and traditional stories, modern fiction, fiction from our literary heritage, and books from other cultures and traditions",5-K.1,Read fantasy with illustrations,https://uk.ixl.com/english/year-5/read-fantasy-with-illustrations
Key Stage 2,Year 5,Reading,Comprehension,"Maintain positive attitudes to reading and understanding of what they read by: > Increasing their familiarity with a wide range of books, including myths, legends and traditional stories, modern fiction, fiction from our literary heritage, and books from other cultures and traditions",5-K.2,Read realistic fiction with illustrations,https://uk.ixl.com/english/year-5/read-realistic-fiction-with-illustrations
Key Stage 2,Year 5,Reading,Comprehension,"Maintain positive attitudes to reading and understanding of what they read by: > Increasing their familiarity with a wide range of books, including myths, legends and traditional stories, modern fiction, fiction from our literary heritage, and books from other cultures and traditions",5-K.3,Read science fiction with illustrations,https://uk.ixl.com/english/year-5/read-science-fiction-with-illustrations
Key Stage 2,Year 5,Reading,Comprehension,"Maintain positive attitudes to reading and understanding of what they read by: > Increasing their familiarity with a wide range of books, including myths, legends and traditional stories, modern fiction, fiction from our literary heritage, and books from other cultures and traditions",5-L.1,Read realistic fiction,https://uk.ixl.com/english/year-5/read-realistic-fiction
Key Stage 2,Year 5,Reading,Comprehension,"Maintain positive attitudes to reading and understanding of what they read by: > Increasing their familiarity with a wide range of books, including myths, legends and traditional stories, modern fiction, fiction from our literary heritage, and books from other cultures and traditions",5-L.2,Read historical fiction,https://uk.ixl.com/english/year-5/read-historical-fiction
Key Stage 2,Year 5,Reading,Comprehension,"Maintain positive attitudes to reading and understanding of what they read by: > Increasing their familiarity with a wide range of books, including myths, legends and traditional stories, modern fiction, fiction from our literary heritage, and books from other cultures and traditions",5-L.3,Read poetry,https://uk.ixl.com/english/year-5/read-poetry
Key Stage 2,Year 5,Reading,Comprehension,"Maintain positive attitudes to reading and understanding of what they read by: > Increasing their familiarity with a wide range of books, including myths, legends and traditional stories, modern fiction, fiction from our literary heritage, and books from other cultures and traditions",5-L.4,Read drama,https://uk.ixl.com/english/year-5/read-drama
Key Stage 2,Year 5,Reading,Comprehension,"Maintain positive attitudes to reading and understanding of what they read by: > Recommending books that they have read to their peers, giving reasons for their choices",5-R.3,Choose reasons to support an opinion,https://uk.ixl.com/english/year-5/choose-reasons-to-support-an-opinion
Key Stage 2,Year 5,Reading,Comprehension,Maintain positive attitudes to reading and understanding of what they read by: > Identifying and discussing themes and conventions in and across a wide range of writing,5-B.1,"Determine the themes of myths, fables and folktales",https://uk.ixl.com/english/year-5/determine-the-themes-of-myths-fables-and-folktales
Key Stage 2,Year 5,Reading,Comprehension,Maintain positive attitudes to reading and understanding of what they read by: > Identifying and discussing themes and conventions in and across a wide range of writing,5-G.1,Distinguish points of view,https://uk.ixl.com/english/year-5/distinguish-points-of-view
Key Stage 2,Year 5,Reading,Comprehension,Maintain positive attitudes to reading and understanding of what they read by: > Making comparisons within and across books,5-A.3,Combine main ideas from two texts,https://uk.ixl.com/english/year-5/combine-main-ideas-from-two-texts
Key Stage 2,Year 5,Reading,Comprehension,Maintain positive attitudes to reading and understanding of what they read by: > Making comparisons within and across books,5-D.2,Compare and contrast in informational texts,https://uk.ixl.com/english/year-5/compare-and-contrast-in-informational-texts
Key Stage 2,Year 5,Reading,Comprehension,Maintain positive attitudes to reading and understanding of what they read by: > Making comparisons within and across books,5-H.2,Compare and contrast characters,https://uk.ixl.com/english/year-5/compare-and-contrast-characters
Key Stage 2,Year 5,Reading,Comprehension,Maintain positive attitudes to reading and understanding of what they read by: > Making comparisons within and across books,5-J.1,Compare mythological illustrations,https://uk.ixl.com/english/year-5/compare-mythological-illustrations
Key Stage 2,Year 5,Reading,Comprehension,Maintain positive attitudes to reading and understanding of what they read by: > Learning a wider range of poetry by heart,5-L.3,Read poetry,https://uk.ixl.com/english/year-5/read-poetry
Key Stage 2,Year 5,Reading,Comprehension,"Understand what they read by: > Checking that the book makes sense to them, discussing their understanding and exploring the meaning of words in context",5-X.6,Find antonyms in context,https://uk.ixl.com/english/year-5/find-antonyms-in-context
Key Stage 2,Year 5,Reading,Comprehension,"Understand what they read by: > Checking that the book makes sense to them, discussing their understanding and exploring the meaning of words in context",5-Z.1,Which definition matches the sentence?,https://uk.ixl.com/english/year-5/which-definition-matches-the-sentence
Key Stage 2,Year 5,Reading,Comprehension,"Understand what they read by: > Checking that the book makes sense to them, discussing their understanding and exploring the meaning of words in context",5-Z.2,Which sentence matches the definition?,https://uk.ixl.com/english/year-5/which-sentence-matches-the-definition
Key Stage 2,Year 5,Reading,Comprehension,"Understand what they read by: > Checking that the book makes sense to them, discussing their understanding and exploring the meaning of words in context",5-BB.1,Find words using context,https://uk.ixl.com/english/year-5/find-words-using-context
Key Stage 2,Year 5,Reading,Comprehension,"Understand what they read by: > Checking that the book makes sense to them, discussing their understanding and exploring the meaning of words in context",5-BB.2,Determine the meaning of words using synonyms in context,https://uk.ixl.com/english/year-5/determine-the-meaning-of-words-using-synonyms-in-context
Key Stage 2,Year 5,Reading,Comprehension,"Understand what they read by: > Checking that the book makes sense to them, discussing their understanding and exploring the meaning of words in context",5-BB.3,Use context to identify the meaning of a word,https://uk.ixl.com/english/year-5/use-context-to-identify-the-meaning-of-a-word
Key Stage 2,Year 5,Reading,Comprehension,"Understand what they read by: > Checking that the book makes sense to them, discussing their understanding and exploring the meaning of words in context",5-BB.4,Determine the meaning of domain-specific words with pictures,https://uk.ixl.com/english/year-5/determine-the-meaning-of-domain-specific-words-with-pictures
Key Stage 2,Year 5,Reading,Comprehension,"Understand what they read by: > Drawing inferences such as inferring characters' feelings, thoughts and motives from their actions, and justifying inferences with evidence",5-H.1,Use actions and dialogue to understand characters,https://uk.ixl.com/english/year-5/use-actions-and-dialogue-to-understand-characters
Key Stage 2,Year 5,Reading,Comprehension,"Understand what they read by: > Drawing inferences such as inferring characters' feelings, thoughts and motives from their actions, and justifying inferences with evidence",5-H.2,Compare and contrast characters,https://uk.ixl.com/english/year-5/compare-and-contrast-characters
Key Stage 2,Year 5,Reading,Comprehension,"Understand what they read by: > Drawing inferences such as inferring characters' feelings, thoughts and motives from their actions, and justifying inferences with evidence",5-H.3,Draw inferences from a text,https://uk.ixl.com/english/year-5/draw-inferences-from-a-text
Key Stage 2,Year 5,Reading,Comprehension,"Understand what they read by: > Drawing inferences such as inferring characters' feelings, thoughts and motives from their actions, and justifying inferences with evidence",5-R.4,Identify supporting details in literary texts,https://uk.ixl.com/english/year-5/identify-supporting-details-in-literary-texts
Key Stage 2,Year 5,Reading,Comprehension,"Understand what they read by: > Drawing inferences such as inferring characters' feelings, thoughts and motives from their actions, and justifying inferences with evidence",5-R.5,Identify supporting details in informational texts,https://uk.ixl.com/english/year-5/identify-supporting-details-in-informational-texts
Key Stage 2,Year 5,Reading,Comprehension,Understand what they read by: > Predicting what might happen from details stated and implied,5-H.4,Make predictions about a story,https://uk.ixl.com/english/year-5/make-predictions-about-a-story
Key Stage 2,Year 5,Reading,Comprehension,"Understand what they read by: > Summarising the main ideas drawn from more than one paragraph, identifying key details that support the main ideas",5-A.1,Use key details to determine the main idea,https://uk.ixl.com/english/year-5/use-key-details-to-determine-the-main-idea
Key Stage 2,Year 5,Reading,Comprehension,"Understand what they read by: > Summarising the main ideas drawn from more than one paragraph, identifying key details that support the main ideas",5-A.2,Determine the main idea of a passage,https://uk.ixl.com/english/year-5/determine-the-main-idea-of-a-passage
Key Stage 2,Year 5,Reading,Comprehension,"Understand what they read by: > Summarising the main ideas drawn from more than one paragraph, identifying key details that support the main ideas",5-A.3,Combine main ideas from two texts,https://uk.ixl.com/english/year-5/combine-main-ideas-from-two-texts
Key Stage 2,Year 5,Reading,Comprehension,"Understand what they read by: > Summarising the main ideas drawn from more than one paragraph, identifying key details that support the main ideas",5-R.4,Identify supporting details in literary texts,https://uk.ixl.com/english/year-5/identify-supporting-details-in-literary-texts
Key Stage 2,Year 5,Reading,Comprehension,"Understand what they read by: > Summarising the main ideas drawn from more than one paragraph, identifying key details that support the main ideas",5-R.5,Identify supporting details in informational texts,https://uk.ixl.com/english/year-5/identify-supporting-details-in-informational-texts
Key Stage 2,Year 5,Reading,Comprehension,"Understand what they read by: > Identifying how language, structure and presentation contribute to meaning",5-D.1,Determine the order of events in informational texts,https://uk.ixl.com/english/year-5/determine-the-order-of-events-in-informational-texts
Key Stage 2,Year 5,Reading,Comprehension,"Understand what they read by: > Identifying how language, structure and presentation contribute to meaning",5-D.2,Compare and contrast in informational texts,https://uk.ixl.com/english/year-5/compare-and-contrast-in-informational-texts
Key Stage 2,Year 5,Reading,Comprehension,"Understand what they read by: > Identifying how language, structure and presentation contribute to meaning",5-D.3,Match causes and effects in informational texts,https://uk.ixl.com/english/year-5/match-causes-and-effects-in-informational-texts
Key Stage 2,Year 5,Reading,Comprehension,"Understand what they read by: > Identifying how language, structure and presentation contribute to meaning",5-D.4,Match problems with their solutions,https://uk.ixl.com/english/year-5/match-problems-with-their-solutions
Key Stage 2,Year 5,Reading,Comprehension,"Understand what they read by: > Identifying how language, structure and presentation contribute to meaning",5-F.3,Analyse the effects of figures of speech on meaning and tone,https://uk.ixl.com/english/year-5/analyse-the-effects-of-figures-of-speech-on-meaning-and-tone
Key Stage 2,Year 5,Reading,Comprehension,"Understand what they read by: > Identifying how language, structure and presentation contribute to meaning",5-I.1,Identify story elements,https://uk.ixl.com/english/year-5/identify-story-elements
Key Stage 2,Year 5,Reading,Comprehension,"Understand what they read by: > Identifying how language, structure and presentation contribute to meaning",5-AA.1,Describe the difference between related words,https://uk.ixl.com/english/year-5/describe-the-difference-between-related-words
Key Stage 2,Year 5,Reading,Comprehension,"Understand what they read by: > Identifying how language, structure and presentation contribute to meaning",5-AA.2,Positive and negative connotation,https://uk.ixl.com/english/year-5/positive-and-negative-connotation
Key Stage 2,Year 5,Reading,Comprehension,"Discuss and evaluate how authors use language, including figurative language, considering the impact on the reader",5-E.1,Sort sensory details,https://uk.ixl.com/english/year-5/sort-sensory-details
Key Stage 2,Year 5,Reading,Comprehension,"Discuss and evaluate how authors use language, including figurative language, considering the impact on the reader",5-F.1,Identify similes and metaphors,https://uk.ixl.com/english/year-5/identify-similes-and-metaphors
Key Stage 2,Year 5,Reading,Comprehension,"Discuss and evaluate how authors use language, including figurative language, considering the impact on the reader",5-F.2,Determine the meanings of similes and metaphors,https://uk.ixl.com/english/year-5/determine-the-meanings-of-similes-and-metaphors
Key Stage 2,Year 5,Reading,Comprehension,"Discuss and evaluate how authors use language, including figurative language, considering the impact on the reader",5-F.3,Analyse the effects of figures of speech on meaning and tone,https://uk.ixl.com/english/year-5/analyse-the-effects-of-figures-of-speech-on-meaning-and-tone
Key Stage 2,Year 5,Reading,Comprehension,"Discuss and evaluate how authors use language, including figurative language, considering the impact on the reader",5-AA.1,Describe the difference between related words,https://uk.ixl.com/english/year-5/describe-the-difference-between-related-words
Key Stage 2,Year 5,Reading,Comprehension,"Discuss and evaluate how authors use language, including figurative language, considering the impact on the reader",5-AA.2,Positive and negative connotation,https://uk.ixl.com/english/year-5/positive-and-negative-connotation
Key Stage 2,Year 5,Reading,Comprehension,Distinguish between statements of fact and opinion,5-R.1,Distinguish facts from opinions,https://uk.ixl.com/english/year-5/distinguish-facts-from-opinions
Key Stage 2,Year 5,Reading,Comprehension,"Retrieve, record and present information from non-fiction",5-A.1,Use key details to determine the main idea,https://uk.ixl.com/english/year-5/use-key-details-to-determine-the-main-idea
Key Stage 2,Year 5,Reading,Comprehension,"Retrieve, record and present information from non-fiction",5-A.2,Determine the main idea of a passage,https://uk.ixl.com/english/year-5/determine-the-main-idea-of-a-passage
Key Stage 2,Year 5,Reading,Comprehension,"Retrieve, record and present information from non-fiction",5-M.1,Read about animals,https://uk.ixl.com/english/year-5/read-about-animals
Key Stage 2,Year 5,Reading,Comprehension,"Retrieve, record and present information from non-fiction",5-M.2,"Read about art, music and traditions",https://uk.ixl.com/english/year-5/read-about-art-music-and-traditions
Key Stage 2,Year 5,Reading,Comprehension,"Retrieve, record and present information from non-fiction",5-M.3,Read about famous places,https://uk.ixl.com/english/year-5/read-about-famous-places
Key Stage 2,Year 5,Reading,Comprehension,"Retrieve, record and present information from non-fiction",5-M.4,Read about sports and hobbies,https://uk.ixl.com/english/year-5/read-about-sports-and-hobbies
Key Stage 2,Year 5,Reading,Comprehension,"Retrieve, record and present information from non-fiction",5-N.1,Read about famous people,https://uk.ixl.com/english/year-5/read-about-famous-people
Key Stage 2,Year 5,Reading,Comprehension,"Retrieve, record and present information from non-fiction",5-N.2,Read about business and technology,https://uk.ixl.com/english/year-5/read-passages-about-business-and-technology
Key Stage 2,Year 5,Reading,Comprehension,"Retrieve, record and present information from non-fiction",5-N.3,Read about science and nature,https://uk.ixl.com/english/year-5/read-about-science-and-nature
Key Stage 2,Year 5,Reading,Comprehension,"Retrieve, record and present information from non-fiction",5-N.4,Read about history,https://uk.ixl.com/english/year-5/read-about-history
Key Stage 2,Year 5,Reading,Comprehension,"Retrieve, record and present information from non-fiction",5-O.3,Organise information by topic,https://uk.ixl.com/english/year-5/organise-information-by-topic
Key Stage 2,Year 5,Reading,Comprehension,"Retrieve, record and present information from non-fiction",5-R.6,Identify and correct plagiarism,https://uk.ixl.com/english/year-5/identify-and-correct-plagiarism
Key Stage 2,Year 5,Reading,Comprehension,Provide reasoned justifications for their views,5-R.1,Distinguish facts from opinions,https://uk.ixl.com/english/year-5/distinguish-facts-from-opinions
Key Stage 2,Year 5,Reading,Comprehension,Provide reasoned justifications for their views,5-R.2,Identify an author's statement of opinion,https://uk.ixl.com/english/year-5/identify-an-authors-statement-of-opinion
Key Stage 2,Year 5,Reading,Comprehension,Provide reasoned justifications for their views,5-R.3,Choose reasons to support an opinion,https://uk.ixl.com/english/year-5/choose-reasons-to-support-an-opinion
Key Stage 2,Year 5,Reading,Comprehension,Provide reasoned justifications for their views,5-R.4,Identify supporting details in literary texts,https://uk.ixl.com/english/year-5/identify-supporting-details-in-literary-texts
Key Stage 2,Year 5,Reading,Comprehension,Provide reasoned justifications for their views,5-R.5,Identify supporting details in informational texts,https://uk.ixl.com/english/year-5/identify-supporting-details-in-informational-texts
Key Stage 2,Year 5,Writing,Transcription,Use further prefixes and suffixes and understand the guidance for adding them,5-T.6,Determine the meaning of a word with -able or -ment,https://uk.ixl.com/english/year-5/determine-the-meaning-of-a-word-with-able-or-ment
Key Stage 2,Year 5,Writing,Transcription,Continue to distinguish between homophones and other words which are often confused,5-Y.1,Homophones with pictures,https://uk.ixl.com/english/year-5/homophones-with-pictures
Key Stage 2,Year 5,Writing,Transcription,Continue to distinguish between homophones and other words which are often confused,5-Y.3,Use the correct homophone,https://uk.ixl.com/english/year-5/use-the-correct-homophone
Key Stage 2,Year 5,Writing,Transcription,"Use knowledge of morphology and etymology in spelling and understand that the spelling of some words needs to be learnt specifically, as listed in English Appendix 1",3-C.6,"Spell the digraph word: ch, sh, th",https://uk.ixl.com/english/year-3/spell-the-digraph-word-ch-sh-th
Key Stage 2,Year 5,Writing,Transcription,"Use knowledge of morphology and etymology in spelling and understand that the spelling of some words needs to be learnt specifically, as listed in English Appendix 1",3-C.7,"Spell the digraph word: ph, qu, wh",https://uk.ixl.com/english/year-3/spell-the-digraph-word-ph-qu-wh
Key Stage 2,Year 5,Writing,Transcription,"Use knowledge of morphology and etymology in spelling and understand that the spelling of some words needs to be learnt specifically, as listed in English Appendix 1",3-C.11,Complete the words with silent letters,https://uk.ixl.com/english/year-3/complete-the-words-with-silent-letters
Key Stage 2,Year 5,Writing,Transcription,"Use knowledge of morphology and etymology in spelling and understand that the spelling of some words needs to be learnt specifically, as listed in English Appendix 1",3-D.1,Complete the word with the correct short vowel,https://uk.ixl.com/english/year-3/complete-the-word-with-the-correct-short-vowel
Key Stage 2,Year 5,Writing,Transcription,"Use knowledge of morphology and etymology in spelling and understand that the spelling of some words needs to be learnt specifically, as listed in English Appendix 1",3-J.1,Complete words with variant vowels,https://uk.ixl.com/english/year-3/complete-words-with-variant-vowels
Key Stage 2,Year 5,Writing,Transcription,"Use knowledge of morphology and etymology in spelling and understand that the spelling of some words needs to be learnt specifically, as listed in English Appendix 1",3-K.4,Spell the soft g or soft c word,https://uk.ixl.com/english/year-3/spell-the-soft-g-or-soft-c-word
Key Stage 2,Year 5,Writing,Transcription,"Use knowledge of morphology and etymology in spelling and understand that the spelling of some words needs to be learnt specifically, as listed in English Appendix 1",4-A.3,"Spell the long a word: silent e, ai, ay, ea, ey, eigh",https://uk.ixl.com/english/year-4/spell-the-long-a-word-silent-e-ai-ay-ea-ey-eigh
Key Stage 2,Year 5,Writing,Transcription,"Use knowledge of morphology and etymology in spelling and understand that the spelling of some words needs to be learnt specifically, as listed in English Appendix 1",4-A.4,"Spell the long e word: silent e, ee, ea, ie",https://uk.ixl.com/english/year-4/spell-the-long-e-word-silent-e-ee-ea-ie
Key Stage 2,Year 5,Writing,Transcription,"Use knowledge of morphology and etymology in spelling and understand that the spelling of some words needs to be learnt specifically, as listed in English Appendix 1",4-A.5,"Spell the long i word: silent e, ie, y, igh, ind, ild",https://uk.ixl.com/english/year-4/spell-the-long-i-word-silent-e-ie-y-igh-ind-ild
Key Stage 2,Year 5,Writing,Transcription,"Use knowledge of morphology and etymology in spelling and understand that the spelling of some words needs to be learnt specifically, as listed in English Appendix 1",4-A.6,"Spell the long o word: silent e, oa, ow, old, ost, olt",https://uk.ixl.com/english/year-4/spell-the-long-o-word-silent-e-oa-ow-old-ost-olt
Key Stage 2,Year 5,Writing,Transcription,"Use knowledge of morphology and etymology in spelling and understand that the spelling of some words needs to be learnt specifically, as listed in English Appendix 1",4-A.7,"Spell the long u word: silent e, ue, oo, ew, ui",https://uk.ixl.com/english/year-4/spell-the-long-u-word-silent-e-ue-oo-ew-ui
Key Stage 2,Year 5,Writing,Transcription,"Use knowledge of morphology and etymology in spelling and understand that the spelling of some words needs to be learnt specifically, as listed in English Appendix 1",4-B.1,Complete the word with a three-letter consonant blend,https://uk.ixl.com/english/year-4/complete-the-word-with-a-three-letter-consonant-blend
Key Stage 2,Year 5,Writing,Transcription,"Use knowledge of morphology and etymology in spelling and understand that the spelling of some words needs to be learnt specifically, as listed in English Appendix 1",4-C.1,Spell words with open and closed syllables,https://uk.ixl.com/english/year-4/spell-words-with-open-and-closed-syllables
Key Stage 2,Year 5,Writing,Transcription,"Use knowledge of morphology and etymology in spelling and understand that the spelling of some words needs to be learnt specifically, as listed in English Appendix 1",4-C.2,Spell consonant-l-e words,https://uk.ixl.com/english/year-4/spell-consonant-l-e-words
Key Stage 2,Year 5,Writing,Transcription,"Use knowledge of morphology and etymology in spelling and understand that the spelling of some words needs to be learnt specifically, as listed in English Appendix 1",4-D.1,Spell words with vowel diphthong patterns,https://uk.ixl.com/english/year-4/spell-words-with-vowel-diphthong-patterns
Key Stage 2,Year 5,Writing,Transcription,"Use knowledge of morphology and etymology in spelling and understand that the spelling of some words needs to be learnt specifically, as listed in English Appendix 1",4-D.2,Spell words with r vowel patterns,https://uk.ixl.com/english/year-4/spell-words-with-r-vowel-patterns
Key Stage 2,Year 5,Writing,Transcription,"Use knowledge of morphology and etymology in spelling and understand that the spelling of some words needs to be learnt specifically, as listed in English Appendix 1",4-E.1,Spell the sight word,https://uk.ixl.com/english/year-4/spell-the-sight-word
Key Stage 2,Year 5,Writing,Transcription,Use dictionaries to check the spelling and meaning of words,5-CC.5,Use guide words,https://uk.ixl.com/english/year-5/use-guide-words
Key Stage 2,Year 5,Writing,Transcription,Use dictionaries to check the spelling and meaning of words,5-CC.6,Use dictionary entries,https://uk.ixl.com/english/year-5/use-dictionary-entries
Key Stage 2,Year 5,Writing,Transcription,Use dictionaries to check the spelling and meaning of words,5-CC.7,Use dictionary definitions,https://uk.ixl.com/english/year-5/use-dictionary-definitions
Key Stage 2,Year 5,Writing,Transcription,"Use the first three or four letters of a word to check spelling, meaning or both of these in a dictionary",5-CC.3,Order alphabetically based on the first three letters,https://uk.ixl.com/english/year-5/order-alphabetically-based-on-the-first-three-letters
Key Stage 2,Year 5,Writing,Transcription,"Use the first three or four letters of a word to check spelling, meaning or both of these in a dictionary",5-CC.4,Order alphabetically: challenge,https://uk.ixl.com/english/year-5/order-alphabetically-challenge
Key Stage 2,Year 5,Writing,Transcription,"Use the first three or four letters of a word to check spelling, meaning or both of these in a dictionary",5-CC.5,Use guide words,https://uk.ixl.com/english/year-5/use-guide-words
Key Stage 2,Year 5,Writing,Transcription,Use a thesaurus,5-CC.8,Use thesaurus entries,https://uk.ixl.com/english/year-5/use-thesaurus-entries
Key Stage 2,Year 5,Writing,Composition,"Plan their writing by: > Identifying the audience for and purpose of the writing, selecting the appropriate form and using other similar writing as models for their own",5-C.1,Identify the purpose of a text,https://uk.ixl.com/english/year-5/identify-the-purpose-of-a-text
Key Stage 2,Year 5,Writing,Composition,"Plan their writing by: > Noting and developing initial ideas, drawing on reading and research where necessary",5-O.2,Order items from most general to most specific,https://uk.ixl.com/english/year-5/order-items-from-most-general-to-most-specific
Key Stage 2,Year 5,Writing,Composition,"Plan their writing by: > Noting and developing initial ideas, drawing on reading and research where necessary",5-O.3,Organise information by topic,https://uk.ixl.com/english/year-5/organise-information-by-topic
Key Stage 2,Year 5,Writing,Composition,"Plan their writing by: > In writing narratives, considering how authors have developed characters and settings in what pupils have read, listened to or seen performed",5-G.1,Distinguish points of view,https://uk.ixl.com/english/year-5/distinguish-points-of-view
Key Stage 2,Year 5,Writing,Composition,"Plan their writing by: > In writing narratives, considering how authors have developed characters and settings in what pupils have read, listened to or seen performed",5-H.1,Use actions and dialogue to understand characters,https://uk.ixl.com/english/year-5/use-actions-and-dialogue-to-understand-characters
Key Stage 2,Year 5,Writing,Composition,"Plan their writing by: > In writing narratives, considering how authors have developed characters and settings in what pupils have read, listened to or seen performed",5-I.1,Identify story elements,https://uk.ixl.com/english/year-5/identify-story-elements
Key Stage 2,Year 5,Writing,Composition,"Draft and write by: > Selecting appropriate grammar and vocabulary, understanding how such choices can change and enhance meaning",5-E.1,Sort sensory details,https://uk.ixl.com/english/year-5/sort-sensory-details
Key Stage 2,Year 5,Writing,Composition,"Draft and write by: > Selecting appropriate grammar and vocabulary, understanding how such choices can change and enhance meaning",5-Q.4,Choose the best transition,https://uk.ixl.com/english/year-5/choose-the-best-transition
Key Stage 2,Year 5,Writing,Composition,"Draft and write by: > Selecting appropriate grammar and vocabulary, understanding how such choices can change and enhance meaning",5-S.2,Revise the sentence using a stronger verb,https://uk.ixl.com/english/year-5/revise-the-sentence-using-a-stronger-verb
Key Stage 2,Year 5,Writing,Composition,"Draft and write by: > Selecting appropriate grammar and vocabulary, understanding how such choices can change and enhance meaning",5-AA.1,Describe the difference between related words,https://uk.ixl.com/english/year-5/describe-the-difference-between-related-words
Key Stage 2,Year 5,Writing,Composition,"Draft and write by: > Selecting appropriate grammar and vocabulary, understanding how such choices can change and enhance meaning",5-AA.2,Positive and negative connotation,https://uk.ixl.com/english/year-5/positive-and-negative-connotation
Key Stage 2,Year 5,Writing,Composition,"Draft and write by: > Selecting appropriate grammar and vocabulary, understanding how such choices can change and enhance meaning",5-DD.8,Is the sentence simple or compound?,https://uk.ixl.com/english/year-5/is-the-sentence-simple-or-compound
Key Stage 2,Year 5,Writing,Composition,"Draft and write by: > Selecting appropriate grammar and vocabulary, understanding how such choices can change and enhance meaning",5-DD.9,Order the words to create a sentence,https://uk.ixl.com/english/year-5/order-the-words-to-create-a-sentence
Key Stage 2,Year 5,Writing,Composition,"Draft and write by: > Selecting appropriate grammar and vocabulary, understanding how such choices can change and enhance meaning",5-FF.10,Use relative pronouns: who and whom,https://uk.ixl.com/english/year-5/use-relative-pronouns-who-and-whom
Key Stage 2,Year 5,Writing,Composition,"Draft and write by: > Selecting appropriate grammar and vocabulary, understanding how such choices can change and enhance meaning",5-FF.11,"Use relative pronouns: who, whom, whose, which and that",https://uk.ixl.com/english/year-5/use-relative-pronouns-who-whom-whose-which-and-that
Key Stage 2,Year 5,Writing,Composition,"Draft and write by: > Selecting appropriate grammar and vocabulary, understanding how such choices can change and enhance meaning",5-GG.5,Use the correct modal verb,https://uk.ixl.com/english/year-5/use-the-correct-modal-verb
Key Stage 2,Year 5,Writing,Composition,"Draft and write by: > Selecting appropriate grammar and vocabulary, understanding how such choices can change and enhance meaning",5-LL.1,Identify prepositions,https://uk.ixl.com/english/year-5/identify-prepositions
Key Stage 2,Year 5,Writing,Composition,"Draft and write by: > Selecting appropriate grammar and vocabulary, understanding how such choices can change and enhance meaning",5-LL.2,Identify prepositions and their objects,https://uk.ixl.com/english/year-5/identify-prepositions-and-their-objects
Key Stage 2,Year 5,Writing,Composition,"Draft and write by: > Selecting appropriate grammar and vocabulary, understanding how such choices can change and enhance meaning",5-LL.3,Identify prepositional phrases,https://uk.ixl.com/english/year-5/identify-prepositional-phrases
Key Stage 2,Year 5,Writing,Composition,"Draft and write by: > Selecting appropriate grammar and vocabulary, understanding how such choices can change and enhance meaning",5-LL.4,Prepositions: review,https://uk.ixl.com/english/year-5/prepositions-review
Key Stage 2,Year 5,Writing,Composition,"Draft and write by: > In narratives, describing settings, characters and atmosphere and integrating dialogue to convey character and advance the action",5-E.1,Sort sensory details,https://uk.ixl.com/english/year-5/sort-sensory-details
Key Stage 2,Year 5,Writing,Composition,"Draft and write by: > In narratives, describing settings, characters and atmosphere and integrating dialogue to convey character and advance the action",5-S.1,Show character emotions and traits,https://uk.ixl.com/english/year-5/show-character-emotions-and-traits
Key Stage 2,Year 5,Writing,Composition,Draft and write by: > Précising longer passages,5-O.4,Remove the sentence that does not belong,https://uk.ixl.com/english/year-5/remove-the-sentence-that-does-not-belong
Key Stage 2,Year 5,Writing,Composition,Draft and write by: > Using a wide range of devices to build cohesion within and across paragraphs,5-O.3,Organise information by topic,https://uk.ixl.com/english/year-5/organise-information-by-topic
Key Stage 2,Year 5,Writing,Composition,Draft and write by: > Using a wide range of devices to build cohesion within and across paragraphs,5-O.4,Remove the sentence that does not belong,https://uk.ixl.com/english/year-5/remove-the-sentence-that-does-not-belong
Key Stage 2,Year 5,Writing,Composition,Draft and write by: > Using a wide range of devices to build cohesion within and across paragraphs,5-P.1,Choose the best topic sentence,https://uk.ixl.com/english/year-5/choose-the-best-topic-sentence
Key Stage 2,Year 5,Writing,Composition,Draft and write by: > Using a wide range of devices to build cohesion within and across paragraphs,5-P.2,Choose the best concluding sentence,https://uk.ixl.com/english/year-5/choose-the-best-concluding-sentence
Key Stage 2,Year 5,Writing,Composition,Draft and write by: > Using a wide range of devices to build cohesion within and across paragraphs,5-Q.2,Use coordinating conjunctions,https://uk.ixl.com/english/year-5/use-coordinating-conjunctions
Key Stage 2,Year 5,Writing,Composition,Draft and write by: > Using a wide range of devices to build cohesion within and across paragraphs,5-Q.3,Use subordinating conjunctions,https://uk.ixl.com/english/year-5/use-subordinating-conjunctions
Key Stage 2,Year 5,Writing,Composition,Draft and write by: > Using a wide range of devices to build cohesion within and across paragraphs,5-Q.4,Choose the best transition,https://uk.ixl.com/english/year-5/choose-the-best-transition
Key Stage 2,Year 5,Writing,Composition,"Draft and write by: > Using further organisational and presentational devices to structure text and to guide the reader [for example, headings, bullet points, underlining]",5-QQ.2,Capitalising titles,https://uk.ixl.com/english/year-5/capitalising-titles
Key Stage 2,Year 5,Writing,Composition,"Draft and write by: > Using further organisational and presentational devices to structure text and to guide the reader [for example, headings, bullet points, underlining]",5-QQ.3,Formatting titles,https://uk.ixl.com/english/year-5/formatting-titles
Key Stage 2,Year 5,Writing,Composition,"Draft and write by: > Using further organisational and presentational devices to structure text and to guide the reader [for example, headings, bullet points, underlining]",5-QQ.4,Formatting and capitalising titles,https://uk.ixl.com/english/year-5/formatting-and-capitalising-titles
Key Stage 2,Year 5,Writing,Composition,"Evaluate and edit by: > Proposing changes to vocabulary, grammar and punctuation to enhance effects and clarify meaning",5-S.2,Revise the sentence using a stronger verb,https://uk.ixl.com/english/year-5/revise-the-sentence-using-a-stronger-verb
Key Stage 2,Year 5,Writing,Composition,"Evaluate and edit by: > Proposing changes to vocabulary, grammar and punctuation to enhance effects and clarify meaning",5-AA.1,Describe the difference between related words,https://uk.ixl.com/english/year-5/describe-the-difference-between-related-words
Key Stage 2,Year 5,Writing,Composition,"Evaluate and edit by: > Proposing changes to vocabulary, grammar and punctuation to enhance effects and clarify meaning",5-AA.2,Positive and negative connotation,https://uk.ixl.com/english/year-5/positive-and-negative-connotation
Key Stage 2,Year 5,Writing,Composition,"Evaluate and edit by: > Proposing changes to vocabulary, grammar and punctuation to enhance effects and clarify meaning",5-DD.5,Is it a complete sentence or a fragment?,https://uk.ixl.com/english/year-5/is-it-a-complete-sentence-or-a-fragment
Key Stage 2,Year 5,Writing,Composition,"Evaluate and edit by: > Proposing changes to vocabulary, grammar and punctuation to enhance effects and clarify meaning",5-DD.6,Is it a complete sentence or a run-on?,https://uk.ixl.com/english/year-5/is-it-a-complete-sentence-or-a-run-on
Key Stage 2,Year 5,Writing,Composition,"Evaluate and edit by: > Proposing changes to vocabulary, grammar and punctuation to enhance effects and clarify meaning",5-DD.7,"Is it a complete sentence, a fragment or a run-on?",https://uk.ixl.com/english/year-5/is-it-a-complete-sentence-a-fragment-or-a-run-on
Key Stage 2,Year 5,Writing,Composition,"Evaluate and edit by: > Proposing changes to vocabulary, grammar and punctuation to enhance effects and clarify meaning",5-DD.9,Order the words to create a sentence,https://uk.ixl.com/english/year-5/order-the-words-to-create-a-sentence
Key Stage 2,Year 5,Writing,Composition,"Evaluate and edit by: > Proposing changes to vocabulary, grammar and punctuation to enhance effects and clarify meaning",5-EE.13,Identify and correct errors with plural and possessive nouns,https://uk.ixl.com/english/year-5/identify-and-correct-errors-with-plural-and-possessive-nouns
Key Stage 2,Year 5,Writing,Composition,"Evaluate and edit by: > Proposing changes to vocabulary, grammar and punctuation to enhance effects and clarify meaning",5-FF.3,Replace the noun with a personal pronoun,https://uk.ixl.com/english/year-5/replace-the-noun-with-a-personal-pronoun
Key Stage 2,Year 5,Writing,Composition,"Evaluate and edit by: > Proposing changes to vocabulary, grammar and punctuation to enhance effects and clarify meaning",5-KK.4,Order adjectives,https://uk.ixl.com/english/year-5/order-adjectives
Key Stage 2,Year 5,Writing,Composition,"Evaluate and edit by: > Proposing changes to vocabulary, grammar and punctuation to enhance effects and clarify meaning",5-OO.1,Commas with direct addresses and after introductory words,https://uk.ixl.com/english/year-5/commas-with-direct-addresses-and-after-introductory-words
Key Stage 2,Year 5,Writing,Composition,Evaluate and edit by: > Ensuring the consistent and correct use of tense throughout a piece of writing,5-II.11,"Is the sentence in the past, present or future tense?",https://uk.ixl.com/english/year-5/is-the-sentence-in-the-past-present-or-future-tense
Key Stage 2,Year 5,Writing,Composition,Evaluate and edit by: > Ensuring the consistent and correct use of tense throughout a piece of writing,5-II.15,Choose between the past tense and past participle,https://uk.ixl.com/english/year-5/choose-between-the-past-tense-and-past-participle
Key Stage 2,Year 5,Writing,Composition,"Evaluate and edit by: > Ensuring correct subject and verb agreement when using singular and plural, distinguishing between the language of speech and writing and choosing the appropriate register",5-HH.1,Is the subject singular or plural?,https://uk.ixl.com/english/year-5/is-the-subject-singular-or-plural
Key Stage 2,Year 5,Writing,Composition,"Evaluate and edit by: > Ensuring correct subject and verb agreement when using singular and plural, distinguishing between the language of speech and writing and choosing the appropriate register",5-HH.2,Use the correct subject or verb,https://uk.ixl.com/english/year-5/use-the-correct-subject-or-verb
Key Stage 2,Year 5,Writing,Composition,"Evaluate and edit by: > Ensuring correct subject and verb agreement when using singular and plural, distinguishing between the language of speech and writing and choosing the appropriate register",5-HH.3,Pronoun-verb agreement,https://uk.ixl.com/english/year-5/pronoun-verb-agreement
Key Stage 2,Year 5,Writing,Composition,"Evaluate and edit by: > Ensuring correct subject and verb agreement when using singular and plural, distinguishing between the language of speech and writing and choosing the appropriate register",5-HH.4,Use the correct subject or verb – with compound subjects,https://uk.ixl.com/english/year-5/use-the-correct-subject-or-verb-with-compound-subjects
Key Stage 2,Year 5,Writing,Composition,Proof-read for spelling and punctuation errors,5-Y.2,Identify homophones,https://uk.ixl.com/english/year-5/identify-homophones
Key Stage 2,Year 5,Writing,Composition,Proof-read for spelling and punctuation errors,5-DD.1,"Is the sentence declarative, interrogative, imperative or exclamatory?",https://uk.ixl.com/english/year-5/is-the-sentence-declarative-interrogative-imperative-or-exclamatory
Key Stage 2,Year 5,Writing,Composition,Proof-read for spelling and punctuation errors,6-S.1,Use the correct frequently confused word,https://uk.ixl.com/english/year-6/use-the-correct-frequently-confused-word
Key Stage 2,Year 5,Writing,"Vocabulary, grammar and punctuation","Develop their understanding of the concepts set out in English Appendix 2 by: > Recognising vocabulary and structures that are appropriate for formal speech and writing, including subjunctive forms",5-AA.1,Describe the difference between related words,https://uk.ixl.com/english/year-5/describe-the-difference-between-related-words
Key Stage 2,Year 5,Writing,"Vocabulary, grammar and punctuation","Develop their understanding of the concepts set out in English Appendix 2 by: > Recognising vocabulary and structures that are appropriate for formal speech and writing, including subjunctive forms",5-AA.2,Positive and negative connotation,https://uk.ixl.com/english/year-5/positive-and-negative-connotation
Key Stage 2,Year 5,Writing,"Vocabulary, grammar and punctuation",Develop their understanding of the concepts set out in English Appendix 2 by: > Using the perfect form of verbs to mark relationships of time and cause,5-II.16,Use the perfect verb tenses,https://uk.ixl.com/english/year-5/use-the-perfect-verb-tenses
Key Stage 2,Year 5,Writing,"Vocabulary, grammar and punctuation",Develop their understanding of the concepts set out in English Appendix 2 by: > Using the perfect form of verbs to mark relationships of time and cause,5-II.17,Form the perfect verb tenses,https://uk.ixl.com/english/year-5/form-the-perfect-verb-tenses
Key Stage 2,Year 5,Writing,"Vocabulary, grammar and punctuation",Develop their understanding of the concepts set out in English Appendix 2 by: > Using expanded noun phrases to convey complicated information concisely,5-JJ.1,Use the correct article: a or an,https://uk.ixl.com/english/year-5/use-the-correct-article-a-or-an
Key Stage 2,Year 5,Writing,"Vocabulary, grammar and punctuation",Develop their understanding of the concepts set out in English Appendix 2 by: > Using expanded noun phrases to convey complicated information concisely,5-JJ.2,"Use the correct article: a, an or the",https://uk.ixl.com/english/year-5/use-the-correct-article-a-an-or-the
Key Stage 2,Year 5,Writing,"Vocabulary, grammar and punctuation",Develop their understanding of the concepts set out in English Appendix 2 by: > Using expanded noun phrases to convey complicated information concisely,5-KK.4,Order adjectives,https://uk.ixl.com/english/year-5/order-adjectives
Key Stage 2,Year 5,Writing,"Vocabulary, grammar and punctuation",Develop their understanding of the concepts set out in English Appendix 2 by: > Using modal verbs or adverbs to indicate degrees of possibility,5-GG.5,Use the correct modal verb,https://uk.ixl.com/english/year-5/use-the-correct-modal-verb
Key Stage 2,Year 5,Writing,"Vocabulary, grammar and punctuation","Develop their understanding of the concepts set out in English Appendix 2 by: > Using relative clauses beginning with who, which, where, when, whose, that or with an implied (i.e. omitted) relative pronoun",5-FF.10,Use relative pronouns: who and whom,https://uk.ixl.com/english/year-5/use-relative-pronouns-who-and-whom
Key Stage 2,Year 5,Writing,"Vocabulary, grammar and punctuation","Develop their understanding of the concepts set out in English Appendix 2 by: > Using relative clauses beginning with who, which, where, when, whose, that or with an implied (i.e. omitted) relative pronoun",5-FF.11,"Use relative pronouns: who, whom, whose, which and that",https://uk.ixl.com/english/year-5/use-relative-pronouns-who-whom-whose-which-and-that
Key Stage 2,Year 5,Writing,"Vocabulary, grammar and punctuation",Develop their understanding of the concepts set out in English Appendix 2 by: > Learning the grammar for years 5 and 6 in English Appendix 2,5-Q.4,Choose the best transition,https://uk.ixl.com/english/year-5/choose-the-best-transition
Key Stage 2,Year 5,Writing,"Vocabulary, grammar and punctuation",Develop their understanding of the concepts set out in English Appendix 2 by: > Learning the grammar for years 5 and 6 in English Appendix 2,5-FF.9,Identify relative pronouns,https://uk.ixl.com/english/year-5/identify-relative-pronouns
Key Stage 2,Year 5,Writing,"Vocabulary, grammar and punctuation",Develop their understanding of the concepts set out in English Appendix 2 by: > Learning the grammar for years 5 and 6 in English Appendix 2,5-FF.10,Use relative pronouns: who and whom,https://uk.ixl.com/english/year-5/use-relative-pronouns-who-and-whom
Key Stage 2,Year 5,Writing,"Vocabulary, grammar and punctuation",Develop their understanding of the concepts set out in English Appendix 2 by: > Learning the grammar for years 5 and 6 in English Appendix 2,5-FF.11,"Use relative pronouns: who, whom, whose, which and that",https://uk.ixl.com/english/year-5/use-relative-pronouns-who-whom-whose-which-and-that
Key Stage 2,Year 5,Writing,"Vocabulary, grammar and punctuation",Develop their understanding of the concepts set out in English Appendix 2 by: > Learning the grammar for years 5 and 6 in English Appendix 2,5-GG.4,What does the modal verb show?,https://uk.ixl.com/english/year-5/what-does-the-modal-verb-show
Key Stage 2,Year 5,Writing,"Vocabulary, grammar and punctuation",Develop their understanding of the concepts set out in English Appendix 2 by: > Learning the grammar for years 5 and 6 in English Appendix 2,5-GG.5,Use the correct modal verb,https://uk.ixl.com/english/year-5/use-the-correct-modal-verb
Key Stage 2,Year 5,Writing,"Vocabulary, grammar and punctuation",Develop their understanding of the concepts set out in English Appendix 2 by: > Learning the grammar for years 5 and 6 in English Appendix 2,5-KK.5,"Does the adverb tell you how, when or where?",https://uk.ixl.com/english/year-5/does-the-adverb-tell-you-how-when-or-where
Key Stage 2,Year 5,Writing,"Vocabulary, grammar and punctuation",Develop their understanding of the concepts set out in English Appendix 2 by: > Learning the grammar for years 5 and 6 in English Appendix 2,5-KK.6,Identify adverbs,https://uk.ixl.com/english/year-5/identify-adverbs
Key Stage 2,Year 5,Writing,"Vocabulary, grammar and punctuation",Indicate grammatical and other features by: > Using commas to clarify meaning or avoid ambiguity in writing,5-OO.1,Commas with direct addresses and after introductory words,https://uk.ixl.com/english/year-5/commas-with-direct-addresses-and-after-introductory-words
Key Stage 2,Year 6,Reading,Word Reading,"Apply their growing knowledge of root words, prefixes and suffixes (morphology and etymology), as listed in English Appendix 1, both to read aloud and to understand the meaning of new words that they meet",6-U.1,Words with pre-,https://uk.ixl.com/english/year-6/words-with-pre
Key Stage 2,Year 6,Reading,Word Reading,"Apply their growing knowledge of root words, prefixes and suffixes (morphology and etymology), as listed in English Appendix 1, both to read aloud and to understand the meaning of new words that they meet",6-U.2,Words with re-,https://uk.ixl.com/english/year-6/words-with-re
Key Stage 2,Year 6,Reading,Word Reading,"Apply their growing knowledge of root words, prefixes and suffixes (morphology and etymology), as listed in English Appendix 1, both to read aloud and to understand the meaning of new words that they meet",6-U.3,Words with sub-,https://uk.ixl.com/english/year-6/words-with-sub
Key Stage 2,Year 6,Reading,Word Reading,"Apply their growing knowledge of root words, prefixes and suffixes (morphology and etymology), as listed in English Appendix 1, both to read aloud and to understand the meaning of new words that they meet",6-U.4,Words with mis-,https://uk.ixl.com/english/year-6/words-with-mis
Key Stage 2,Year 6,Reading,Word Reading,"Apply their growing knowledge of root words, prefixes and suffixes (morphology and etymology), as listed in English Appendix 1, both to read aloud and to understand the meaning of new words that they meet",6-U.5,"Words with un-, dis-, in-, im- and non-",https://uk.ixl.com/english/year-6/words-with-un-dis-in-im-and-non
Key Stage 2,Year 6,Reading,Word Reading,"Apply their growing knowledge of root words, prefixes and suffixes (morphology and etymology), as listed in English Appendix 1, both to read aloud and to understand the meaning of new words that they meet",6-U.6,Words with -ful,https://uk.ixl.com/english/year-6/words-with-ful
Key Stage 2,Year 6,Reading,Word Reading,"Apply their growing knowledge of root words, prefixes and suffixes (morphology and etymology), as listed in English Appendix 1, both to read aloud and to understand the meaning of new words that they meet",6-U.7,Words with -less,https://uk.ixl.com/english/year-6/words-with-less
Key Stage 2,Year 6,Reading,Word Reading,"Apply their growing knowledge of root words, prefixes and suffixes (morphology and etymology), as listed in English Appendix 1, both to read aloud and to understand the meaning of new words that they meet",6-U.8,Words with -able and -ible,https://uk.ixl.com/english/year-6/words-with-able-and-ible
Key Stage 2,Year 6,Reading,Word Reading,"Apply their growing knowledge of root words, prefixes and suffixes (morphology and etymology), as listed in English Appendix 1, both to read aloud and to understand the meaning of new words that they meet",6-V.1,Sort words by shared Greek or Latin roots,https://uk.ixl.com/english/year-6/sort-words-by-shared-greek-or-latin-roots
Key Stage 2,Year 6,Reading,Word Reading,"Apply their growing knowledge of root words, prefixes and suffixes (morphology and etymology), as listed in English Appendix 1, both to read aloud and to understand the meaning of new words that they meet",6-V.2,Use Greek and Latin roots as clues to the meanings of words,https://uk.ixl.com/english/year-6/use-greek-and-latin-roots-as-clues-to-the-meanings-of-words
Key Stage 2,Year 6,Reading,Word Reading,"Apply their growing knowledge of root words, prefixes and suffixes (morphology and etymology), as listed in English Appendix 1, both to read aloud and to understand the meaning of new words that they meet",6-V.3,Use the meanings of words as clues to the meanings of Greek and Latin roots,https://uk.ixl.com/english/year-6/use-the-meanings-of-words-as-clues-to-the-meanings-of-greek-and-latin-roots
Key Stage 2,Year 6,Reading,Word Reading,"Apply their growing knowledge of root words, prefixes and suffixes (morphology and etymology), as listed in English Appendix 1, both to read aloud and to understand the meaning of new words that they meet",6-V.4,Use words as clues to the meanings of Greek and Latin roots,https://uk.ixl.com/english/year-6/use-words-as-clues-to-the-meanings-of-greek-and-latin-roots
Key Stage 2,Year 6,Reading,Word Reading,"Apply their growing knowledge of root words, prefixes and suffixes (morphology and etymology), as listed in English Appendix 1, both to read aloud and to understand the meaning of new words that they meet",6-V.5,Determine the meanings of Greek and Latin roots,https://uk.ixl.com/english/year-6/determine-the-meanings-of-greek-and-latin-roots
Key Stage 2,Year 6,Reading,Word Reading,"Apply their growing knowledge of root words, prefixes and suffixes (morphology and etymology), as listed in English Appendix 1, both to read aloud and to understand the meaning of new words that they meet",6-V.6,Determine the meanings of words with Greek and Latin roots,https://uk.ixl.com/english/year-6/determine-the-meanings-of-words-with-greek-and-latin-roots
Key Stage 2,Year 6,Reading,Comprehension,"Maintain positive attitudes to reading and understanding of what they read by: > Continuing to read and discuss an increasingly wide range of fiction, poetry, plays, non-fiction and reference books or textbooks",6-K.1,Read fantasy with illustrations,https://uk.ixl.com/english/year-6/read-fantasy-with-illustrations
Key Stage 2,Year 6,Reading,Comprehension,"Maintain positive attitudes to reading and understanding of what they read by: > Continuing to read and discuss an increasingly wide range of fiction, poetry, plays, non-fiction and reference books or textbooks",6-K.2,Read realistic fiction with illustrations,https://uk.ixl.com/english/year-6/read-realistic-fiction-with-illustrations
Key Stage 2,Year 6,Reading,Comprehension,"Maintain positive attitudes to reading and understanding of what they read by: > Continuing to read and discuss an increasingly wide range of fiction, poetry, plays, non-fiction and reference books or textbooks",6-K.3,Read historical fiction with illustrations,https://uk.ixl.com/english/year-6/read-historical-fiction-with-illustrations
Key Stage 2,Year 6,Reading,Comprehension,"Maintain positive attitudes to reading and understanding of what they read by: > Continuing to read and discuss an increasingly wide range of fiction, poetry, plays, non-fiction and reference books or textbooks",6-L.1,Read realistic fiction,https://uk.ixl.com/english/year-6/read-realistic-fiction
Key Stage 2,Year 6,Reading,Comprehension,"Maintain positive attitudes to reading and understanding of what they read by: > Continuing to read and discuss an increasingly wide range of fiction, poetry, plays, non-fiction and reference books or textbooks",6-L.2,Read historical fiction,https://uk.ixl.com/english/year-6/read-historical-fiction
Key Stage 2,Year 6,Reading,Comprehension,"Maintain positive attitudes to reading and understanding of what they read by: > Continuing to read and discuss an increasingly wide range of fiction, poetry, plays, non-fiction and reference books or textbooks",6-L.3,Read poetry,https://uk.ixl.com/english/year-6/read-poetry
Key Stage 2,Year 6,Reading,Comprehension,"Maintain positive attitudes to reading and understanding of what they read by: > Continuing to read and discuss an increasingly wide range of fiction, poetry, plays, non-fiction and reference books or textbooks",6-L.4,Read drama,https://uk.ixl.com/english/year-6/read-drama
Key Stage 2,Year 6,Reading,Comprehension,"Maintain positive attitudes to reading and understanding of what they read by: > Continuing to read and discuss an increasingly wide range of fiction, poetry, plays, non-fiction and reference books or textbooks",6-M.1,Read about animals,https://uk.ixl.com/english/year-6/read-about-animals
Key Stage 2,Year 6,Reading,Comprehension,"Maintain positive attitudes to reading and understanding of what they read by: > Continuing to read and discuss an increasingly wide range of fiction, poetry, plays, non-fiction and reference books or textbooks",6-M.2,"Read about art, music and traditions",https://uk.ixl.com/english/year-6/read-about-art-music-and-traditions
Key Stage 2,Year 6,Reading,Comprehension,"Maintain positive attitudes to reading and understanding of what they read by: > Continuing to read and discuss an increasingly wide range of fiction, poetry, plays, non-fiction and reference books or textbooks",6-M.3,Read about famous places,https://uk.ixl.com/english/year-6/read-about-famous-places
Key Stage 2,Year 6,Reading,Comprehension,"Maintain positive attitudes to reading and understanding of what they read by: > Continuing to read and discuss an increasingly wide range of fiction, poetry, plays, non-fiction and reference books or textbooks",6-M.4,Read about sports and hobbies,https://uk.ixl.com/english/year-6/read-about-sports-and-hobbies
Key Stage 2,Year 6,Reading,Comprehension,"Maintain positive attitudes to reading and understanding of what they read by: > Continuing to read and discuss an increasingly wide range of fiction, poetry, plays, non-fiction and reference books or textbooks",6-N.1,Read about famous people,https://uk.ixl.com/english/year-6/read-about-famous-people
Key Stage 2,Year 6,Reading,Comprehension,"Maintain positive attitudes to reading and understanding of what they read by: > Continuing to read and discuss an increasingly wide range of fiction, poetry, plays, non-fiction and reference books or textbooks",6-N.2,Read about business and technology,https://uk.ixl.com/english/year-6/read-about-business-and-technology
Key Stage 2,Year 6,Reading,Comprehension,"Maintain positive attitudes to reading and understanding of what they read by: > Continuing to read and discuss an increasingly wide range of fiction, poetry, plays, non-fiction and reference books or textbooks",6-N.3,Read about science and nature,https://uk.ixl.com/english/year-6/read-about-science-and-nature
Key Stage 2,Year 6,Reading,Comprehension,"Maintain positive attitudes to reading and understanding of what they read by: > Continuing to read and discuss an increasingly wide range of fiction, poetry, plays, non-fiction and reference books or textbooks",6-N.4,Read about history,https://uk.ixl.com/english/year-6/read-about-history
Key Stage 2,Year 6,Reading,Comprehension,Maintain positive attitudes to reading and understanding of what they read by: > Reading books that are structured in different ways and reading for a range of purposes,6-C.1,Identify the purpose of a text,https://uk.ixl.com/english/year-6/identify-the-purpose-of-a-text
Key Stage 2,Year 6,Reading,Comprehension,"Maintain positive attitudes to reading and understanding of what they read by: > Increasing their familiarity with a wide range of books, including myths, legends and traditional stories, modern fiction, fiction from our literary heritage, and books from other cultures and traditions",6-K.1,Read fantasy with illustrations,https://uk.ixl.com/english/year-6/read-fantasy-with-illustrations
Key Stage 2,Year 6,Reading,Comprehension,"Maintain positive attitudes to reading and understanding of what they read by: > Increasing their familiarity with a wide range of books, including myths, legends and traditional stories, modern fiction, fiction from our literary heritage, and books from other cultures and traditions",6-K.2,Read realistic fiction with illustrations,https://uk.ixl.com/english/year-6/read-realistic-fiction-with-illustrations
Key Stage 2,Year 6,Reading,Comprehension,"Maintain positive attitudes to reading and understanding of what they read by: > Increasing their familiarity with a wide range of books, including myths, legends and traditional stories, modern fiction, fiction from our literary heritage, and books from other cultures and traditions",6-K.3,Read historical fiction with illustrations,https://uk.ixl.com/english/year-6/read-historical-fiction-with-illustrations
Key Stage 2,Year 6,Reading,Comprehension,"Maintain positive attitudes to reading and understanding of what they read by: > Increasing their familiarity with a wide range of books, including myths, legends and traditional stories, modern fiction, fiction from our literary heritage, and books from other cultures and traditions",6-L.1,Read realistic fiction,https://uk.ixl.com/english/year-6/read-realistic-fiction
Key Stage 2,Year 6,Reading,Comprehension,"Maintain positive attitudes to reading and understanding of what they read by: > Increasing their familiarity with a wide range of books, including myths, legends and traditional stories, modern fiction, fiction from our literary heritage, and books from other cultures and traditions",6-L.2,Read historical fiction,https://uk.ixl.com/english/year-6/read-historical-fiction
Key Stage 2,Year 6,Reading,Comprehension,"Maintain positive attitudes to reading and understanding of what they read by: > Increasing their familiarity with a wide range of books, including myths, legends and traditional stories, modern fiction, fiction from our literary heritage, and books from other cultures and traditions",6-L.3,Read poetry,https://uk.ixl.com/english/year-6/read-poetry
Key Stage 2,Year 6,Reading,Comprehension,"Maintain positive attitudes to reading and understanding of what they read by: > Increasing their familiarity with a wide range of books, including myths, legends and traditional stories, modern fiction, fiction from our literary heritage, and books from other cultures and traditions",6-L.4,Read drama,https://uk.ixl.com/english/year-6/read-drama
Key Stage 2,Year 6,Reading,Comprehension,"Maintain positive attitudes to reading and understanding of what they read by: > Recommending books that they have read to their peers, giving reasons for their choices",6-Q.3,Choose reasons to support an opinion,https://uk.ixl.com/english/year-6/choose-reasons-to-support-an-opinion
Key Stage 2,Year 6,Reading,Comprehension,Maintain positive attitudes to reading and understanding of what they read by: > Identifying and discussing themes and conventions in and across a wide range of writing,6-B.1,Determine the themes of short stories,https://uk.ixl.com/english/year-6/determine-the-themes-of-short-stories
Key Stage 2,Year 6,Reading,Comprehension,Maintain positive attitudes to reading and understanding of what they read by: > Identifying and discussing themes and conventions in and across a wide range of writing,6-G.1,Compare and contrast points of view,https://uk.ixl.com/english/year-6/compare-and-contrast-points-of-view
Key Stage 2,Year 6,Reading,Comprehension,Maintain positive attitudes to reading and understanding of what they read by: > Making comparisons within and across books,6-D.2,Compare and contrast in informational texts,https://uk.ixl.com/english/year-6/compare-and-contrast-in-informational-texts
Key Stage 2,Year 6,Reading,Comprehension,Maintain positive attitudes to reading and understanding of what they read by: > Making comparisons within and across books,6-G.1,Compare and contrast points of view,https://uk.ixl.com/english/year-6/compare-and-contrast-points-of-view
Key Stage 2,Year 6,Reading,Comprehension,Maintain positive attitudes to reading and understanding of what they read by: > Making comparisons within and across books,6-H.2,Compare and contrast characters,https://uk.ixl.com/english/year-6/compare-and-contrast-characters
Key Stage 2,Year 6,Reading,Comprehension,Maintain positive attitudes to reading and understanding of what they read by: > Making comparisons within and across books,6-J.1,Compare mythological illustrations,https://uk.ixl.com/english/year-6/compare-mythological-illustrations
Key Stage 2,Year 6,Reading,Comprehension,Maintain positive attitudes to reading and understanding of what they read by: > Learning a wider range of poetry by heart,6-L.3,Read poetry,https://uk.ixl.com/english/year-6/read-poetry
Key Stage 2,Year 6,Reading,Comprehension,"Understand what they read by: > Checking that the book makes sense to them, discussing their understanding and exploring the meaning of words in context",6-X.4,Find antonyms in context,https://uk.ixl.com/english/year-6/find-antonyms-in-context
Key Stage 2,Year 6,Reading,Comprehension,"Understand what they read by: > Checking that the book makes sense to them, discussing their understanding and exploring the meaning of words in context",6-AA.1,Which definition matches the sentence?,https://uk.ixl.com/english/year-6/which-definition-matches-the-sentence
Key Stage 2,Year 6,Reading,Comprehension,"Understand what they read by: > Checking that the book makes sense to them, discussing their understanding and exploring the meaning of words in context",6-AA.2,Which sentence matches the definition?,https://uk.ixl.com/english/year-6/which-sentence-matches-the-definition
Key Stage 2,Year 6,Reading,Comprehension,"Understand what they read by: > Checking that the book makes sense to them, discussing their understanding and exploring the meaning of words in context",6-CC.1,Find words using context,https://uk.ixl.com/english/year-6/find-words-using-context
Key Stage 2,Year 6,Reading,Comprehension,"Understand what they read by: > Checking that the book makes sense to them, discussing their understanding and exploring the meaning of words in context",6-CC.2,Determine the meaning of words using synonyms in context,https://uk.ixl.com/english/year-6/determine-the-meaning-of-words-using-synonyms-in-context
Key Stage 2,Year 6,Reading,Comprehension,"Understand what they read by: > Checking that the book makes sense to them, discussing their understanding and exploring the meaning of words in context",6-CC.3,Use context to identify the meaning of a word,https://uk.ixl.com/english/year-6/use-context-to-identify-the-meaning-of-a-word
Key Stage 2,Year 6,Reading,Comprehension,"Understand what they read by: > Checking that the book makes sense to them, discussing their understanding and exploring the meaning of words in context",6-CC.4,Determine the meaning of domain-specific words with pictures,https://uk.ixl.com/english/year-6/determine-the-meaning-of-domain-specific-words-with-pictures
Key Stage 2,Year 6,Reading,Comprehension,"Understand what they read by: > Drawing inferences such as inferring characters' feelings, thoughts and motives from their actions, and justifying inferences with evidence",6-H.1,Use actions and dialogue to understand characters,https://uk.ixl.com/english/year-6/use-actions-and-dialogue-to-understand-characters
Key Stage 2,Year 6,Reading,Comprehension,"Understand what they read by: > Drawing inferences such as inferring characters' feelings, thoughts and motives from their actions, and justifying inferences with evidence",6-H.2,Compare and contrast characters,https://uk.ixl.com/english/year-6/compare-and-contrast-characters
Key Stage 2,Year 6,Reading,Comprehension,"Understand what they read by: > Drawing inferences such as inferring characters' feelings, thoughts and motives from their actions, and justifying inferences with evidence",6-H.3,Draw inferences from a text,https://uk.ixl.com/english/year-6/draw-inferences-from-a-text
Key Stage 2,Year 6,Reading,Comprehension,"Understand what they read by: > Drawing inferences such as inferring characters' feelings, thoughts and motives from their actions, and justifying inferences with evidence",6-Q.4,Identify supporting details in literary texts,https://uk.ixl.com/english/year-6/identify-supporting-details-in-literary-texts
Key Stage 2,Year 6,Reading,Comprehension,"Understand what they read by: > Drawing inferences such as inferring characters' feelings, thoughts and motives from their actions, and justifying inferences with evidence",6-Q.5,Identify supporting details in informational texts,https://uk.ixl.com/english/year-6/identify-supporting-details-in-informational-texts
Key Stage 2,Year 6,Reading,Comprehension,Understand what they read by: > Predicting what might happen from details stated and implied,5-H.4,Make predictions about a story,https://uk.ixl.com/english/year-5/make-predictions-about-a-story
Key Stage 2,Year 6,Reading,Comprehension,"Understand what they read by: > Summarising the main ideas drawn from more than one paragraph, identifying key details that support the main ideas",6-A.1,Use key details to determine the main idea,https://uk.ixl.com/english/year-6/use-key-details-to-determine-the-main-idea
Key Stage 2,Year 6,Reading,Comprehension,"Understand what they read by: > Summarising the main ideas drawn from more than one paragraph, identifying key details that support the main ideas",6-A.2,Determine the main idea of a passage,https://uk.ixl.com/english/year-6/determine-the-main-idea-of-a-passage
Key Stage 2,Year 6,Reading,Comprehension,"Understand what they read by: > Summarising the main ideas drawn from more than one paragraph, identifying key details that support the main ideas",6-A.3,Combine main ideas from two texts,https://uk.ixl.com/english/year-6/combine-main-ideas-from-two-texts
Key Stage 2,Year 6,Reading,Comprehension,"Understand what they read by: > Summarising the main ideas drawn from more than one paragraph, identifying key details that support the main ideas",6-Q.4,Identify supporting details in literary texts,https://uk.ixl.com/english/year-6/identify-supporting-details-in-literary-texts
Key Stage 2,Year 6,Reading,Comprehension,"Understand what they read by: > Summarising the main ideas drawn from more than one paragraph, identifying key details that support the main ideas",6-Q.5,Identify supporting details in informational texts,https://uk.ixl.com/english/year-6/identify-supporting-details-in-informational-texts
Key Stage 2,Year 6,Reading,Comprehension,"Understand what they read by: > Identifying how language, structure and presentation contribute to meaning",6-D.1,Determine the order of events in informational texts,https://uk.ixl.com/english/year-6/determine-the-order-of-events-in-informational-texts
Key Stage 2,Year 6,Reading,Comprehension,"Understand what they read by: > Identifying how language, structure and presentation contribute to meaning",6-D.2,Compare and contrast in informational texts,https://uk.ixl.com/english/year-6/compare-and-contrast-in-informational-texts
Key Stage 2,Year 6,Reading,Comprehension,"Understand what they read by: > Identifying how language, structure and presentation contribute to meaning",6-D.3,Match causes and effects in informational texts,https://uk.ixl.com/english/year-6/match-causes-and-effects-in-informational-texts
Key Stage 2,Year 6,Reading,Comprehension,"Understand what they read by: > Identifying how language, structure and presentation contribute to meaning",6-D.4,Match problems with their solutions,https://uk.ixl.com/english/year-6/match-problems-with-their-solutions
Key Stage 2,Year 6,Reading,Comprehension,"Understand what they read by: > Identifying how language, structure and presentation contribute to meaning",6-D.5,Identify text structures,https://uk.ixl.com/english/year-6/identify-text-structures
Key Stage 2,Year 6,Reading,Comprehension,"Understand what they read by: > Identifying how language, structure and presentation contribute to meaning",6-F.3,Analyse the effects of figures of speech on meaning and tone,https://uk.ixl.com/english/year-6/analyse-the-effects-of-figures-of-speech-on-meaning-and-tone
Key Stage 2,Year 6,Reading,Comprehension,"Understand what they read by: > Identifying how language, structure and presentation contribute to meaning",6-I.1,Identify story elements,https://uk.ixl.com/english/year-6/identify-story-elements
Key Stage 2,Year 6,Reading,Comprehension,"Understand what they read by: > Identifying how language, structure and presentation contribute to meaning",6-BB.1,Describe the difference between related words,https://uk.ixl.com/english/year-6/describe-the-difference-between-related-words
Key Stage 2,Year 6,Reading,Comprehension,"Understand what they read by: > Identifying how language, structure and presentation contribute to meaning",6-BB.2,Positive and negative connotation,https://uk.ixl.com/english/year-6/positive-and-negative-connotation
Key Stage 2,Year 6,Reading,Comprehension,"Discuss and evaluate how authors use language, including figurative language, considering the impact on the reader",6-C.2,Which sentence is more formal?,https://uk.ixl.com/english/year-6/which-sentence-is-more-formal
Key Stage 2,Year 6,Reading,Comprehension,"Discuss and evaluate how authors use language, including figurative language, considering the impact on the reader",6-E.1,Sort sensory details,https://uk.ixl.com/english/year-6/sort-sensory-details
Key Stage 2,Year 6,Reading,Comprehension,"Discuss and evaluate how authors use language, including figurative language, considering the impact on the reader",6-F.1,Identify similes and metaphors,https://uk.ixl.com/english/year-6/identify-similes-and-metaphors
Key Stage 2,Year 6,Reading,Comprehension,"Discuss and evaluate how authors use language, including figurative language, considering the impact on the reader",6-F.2,Determine the meanings of similes and metaphors,https://uk.ixl.com/english/year-6/determine-the-meanings-of-similes-and-metaphors
Key Stage 2,Year 6,Reading,Comprehension,"Discuss and evaluate how authors use language, including figurative language, considering the impact on the reader",6-F.3,Analyse the effects of figures of speech on meaning and tone,https://uk.ixl.com/english/year-6/analyse-the-effects-of-figures-of-speech-on-meaning-and-tone
Key Stage 2,Year 6,Reading,Comprehension,"Discuss and evaluate how authors use language, including figurative language, considering the impact on the reader",6-BB.1,Describe the difference between related words,https://uk.ixl.com/english/year-6/describe-the-difference-between-related-words
Key Stage 2,Year 6,Reading,Comprehension,"Discuss and evaluate how authors use language, including figurative language, considering the impact on the reader",6-BB.2,Positive and negative connotation,https://uk.ixl.com/english/year-6/positive-and-negative-connotation
Key Stage 2,Year 6,Reading,Comprehension,Distinguish between statements of fact and opinion,6-Q.1,Distinguish facts from opinions,https://uk.ixl.com/english/year-6/distinguish-facts-from-opinions
Key Stage 2,Year 6,Reading,Comprehension,"Retrieve, record and present information from non-fiction",6-O.5,Organise information by topic,https://uk.ixl.com/english/year-6/organise-information-by-topic
Key Stage 2,Year 6,Reading,Comprehension,"Retrieve, record and present information from non-fiction",6-Q.5,Identify supporting details in informational texts,https://uk.ixl.com/english/year-6/identify-supporting-details-in-informational-texts
Key Stage 2,Year 6,Reading,Comprehension,"Retrieve, record and present information from non-fiction",6-T.1,Identify and correct plagiarism,https://uk.ixl.com/english/year-6/identify-and-correct-plagiarism
Key Stage 2,Year 6,Reading,Comprehension,Provide reasoned justifications for their views,6-Q.1,Distinguish facts from opinions,https://uk.ixl.com/english/year-6/distinguish-facts-from-opinions
Key Stage 2,Year 6,Reading,Comprehension,Provide reasoned justifications for their views,6-Q.2,Identify an author's statement of opinion,https://uk.ixl.com/english/year-6/identify-an-authors-statement-of-opinion
Key Stage 2,Year 6,Reading,Comprehension,Provide reasoned justifications for their views,6-Q.3,Choose reasons to support an opinion,https://uk.ixl.com/english/year-6/choose-reasons-to-support-an-opinion
Key Stage 2,Year 6,Reading,Comprehension,Provide reasoned justifications for their views,6-Q.4,Identify supporting details in literary texts,https://uk.ixl.com/english/year-6/identify-supporting-details-in-literary-texts
Key Stage 2,Year 6,Reading,Comprehension,Provide reasoned justifications for their views,6-Q.5,Identify supporting details in informational texts,https://uk.ixl.com/english/year-6/identify-supporting-details-in-informational-texts
Key Stage 2,Year 6,Writing,Transcription,Use further prefixes and suffixes and understand the guidance for adding them,6-U.8,Words with -able and -ible,https://uk.ixl.com/english/year-6/words-with-able-and-ible
Key Stage 2,Year 6,Writing,Transcription,Continue to distinguish between homophones and other words which are often confused,6-S.1,Use the correct frequently confused word,https://uk.ixl.com/english/year-6/use-the-correct-frequently-confused-word
Key Stage 2,Year 6,Writing,Transcription,Continue to distinguish between homophones and other words which are often confused,6-Z.1,Use the correct homophone,https://uk.ixl.com/english/year-6/use-the-correct-homophone
Key Stage 2,Year 6,Writing,Transcription,Use dictionaries to check the spelling and meaning of words,6-DD.4,Use guide words,https://uk.ixl.com/english/year-6/use-guide-words
Key Stage 2,Year 6,Writing,Transcription,Use dictionaries to check the spelling and meaning of words,6-DD.5,Use dictionary entries,https://uk.ixl.com/english/year-6/use-dictionary-entries
Key Stage 2,Year 6,Writing,Transcription,Use dictionaries to check the spelling and meaning of words,6-DD.6,Use dictionary definitions,https://uk.ixl.com/english/year-6/use-dictionary-definitions
Key Stage 2,Year 6,Writing,Transcription,"Use the first three or four letters of a word to check spelling, meaning or both of these in a dictionary",6-DD.2,Order alphabetically based on the first three letters,https://uk.ixl.com/english/year-6/order-alphabetically-based-on-the-first-three-letters
Key Stage 2,Year 6,Writing,Transcription,"Use the first three or four letters of a word to check spelling, meaning or both of these in a dictionary",6-DD.3,Order alphabetically: challenge,https://uk.ixl.com/english/year-6/order-alphabetically-challenge
Key Stage 2,Year 6,Writing,Transcription,"Use the first three or four letters of a word to check spelling, meaning or both of these in a dictionary",6-DD.4,Use guide words,https://uk.ixl.com/english/year-6/use-guide-words
Key Stage 2,Year 6,Writing,Transcription,Use a thesaurus,6-DD.7,Use thesaurus entries,https://uk.ixl.com/english/year-6/use-thesaurus-entries
Key Stage 2,Year 6,Writing,Composition,"Plan their writing by: > Identifying the audience for and purpose of the writing, selecting the appropriate form and using other similar writing as models for their own",6-C.1,Identify the purpose of a text,https://uk.ixl.com/english/year-6/identify-the-purpose-of-a-text
Key Stage 2,Year 6,Writing,Composition,"Plan their writing by: > Identifying the audience for and purpose of the writing, selecting the appropriate form and using other similar writing as models for their own",6-C.2,Which sentence is more formal?,https://uk.ixl.com/english/year-6/which-sentence-is-more-formal
Key Stage 2,Year 6,Writing,Composition,"Plan their writing by: > Noting and developing initial ideas, drawing on reading and research where necessary",6-O.4,Order items from most general to most specific,https://uk.ixl.com/english/year-6/order-items-from-most-general-to-most-specific
Key Stage 2,Year 6,Writing,Composition,"Plan their writing by: > Noting and developing initial ideas, drawing on reading and research where necessary",6-O.5,Organise information by topic,https://uk.ixl.com/english/year-6/organise-information-by-topic
Key Stage 2,Year 6,Writing,Composition,"Plan their writing by: > In writing narratives, considering how authors have developed characters and settings in what pupils have read, listened to or seen performed",6-H.1,Use actions and dialogue to understand characters,https://uk.ixl.com/english/year-6/use-actions-and-dialogue-to-understand-characters
Key Stage 2,Year 6,Writing,Composition,"Plan their writing by: > In writing narratives, considering how authors have developed characters and settings in what pupils have read, listened to or seen performed",6-I.1,Identify story elements,https://uk.ixl.com/english/year-6/identify-story-elements
Key Stage 2,Year 6,Writing,Composition,"Draft and write by: > Selecting appropriate grammar and vocabulary, understanding how such choices can change and enhance meaning",6-C.2,Which sentence is more formal?,https://uk.ixl.com/english/year-6/which-sentence-is-more-formal
Key Stage 2,Year 6,Writing,Composition,"Draft and write by: > Selecting appropriate grammar and vocabulary, understanding how such choices can change and enhance meaning",6-E.1,Sort sensory details,https://uk.ixl.com/english/year-6/sort-sensory-details
Key Stage 2,Year 6,Writing,Composition,"Draft and write by: > Selecting appropriate grammar and vocabulary, understanding how such choices can change and enhance meaning",6-R.2,Revise the sentence using a stronger verb,https://uk.ixl.com/english/year-6/revise-the-sentence-using-a-stronger-verb
Key Stage 2,Year 6,Writing,Composition,"Draft and write by: > Selecting appropriate grammar and vocabulary, understanding how such choices can change and enhance meaning",6-X.1,Choose the synonym,https://uk.ixl.com/english/year-6/choose-the-synonym
Key Stage 2,Year 6,Writing,Composition,"Draft and write by: > Selecting appropriate grammar and vocabulary, understanding how such choices can change and enhance meaning",6-X.3,Choose the antonym,https://uk.ixl.com/english/year-6/choose-the-antonym
Key Stage 2,Year 6,Writing,Composition,"Draft and write by: > Selecting appropriate grammar and vocabulary, understanding how such choices can change and enhance meaning",6-BB.1,Describe the difference between related words,https://uk.ixl.com/english/year-6/describe-the-difference-between-related-words
Key Stage 2,Year 6,Writing,Composition,"Draft and write by: > Selecting appropriate grammar and vocabulary, understanding how such choices can change and enhance meaning",6-BB.2,Positive and negative connotation,https://uk.ixl.com/english/year-6/positive-and-negative-connotation
Key Stage 2,Year 6,Writing,Composition,"Draft and write by: > Selecting appropriate grammar and vocabulary, understanding how such choices can change and enhance meaning",6-EE.4,Is it a complete sentence or a fragment?,https://uk.ixl.com/english/year-6/is-it-a-complete-sentence-or-a-fragment
Key Stage 2,Year 6,Writing,Composition,"Draft and write by: > Selecting appropriate grammar and vocabulary, understanding how such choices can change and enhance meaning",6-EE.5,Is it a complete sentence or a run-on?,https://uk.ixl.com/english/year-6/is-it-a-complete-sentence-or-a-run-on
Key Stage 2,Year 6,Writing,Composition,"Draft and write by: > Selecting appropriate grammar and vocabulary, understanding how such choices can change and enhance meaning",6-EE.6,"Is it a complete sentence, a fragment or a run-on?",https://uk.ixl.com/english/year-6/is-it-a-complete-sentence-a-fragment-or-a-run-on
Key Stage 2,Year 6,Writing,Composition,"Draft and write by: > Selecting appropriate grammar and vocabulary, understanding how such choices can change and enhance meaning",6-EE.7,Identify dependent and independent clauses,https://uk.ixl.com/english/year-6/identify-dependent-and-independent-clauses
Key Stage 2,Year 6,Writing,Composition,"Draft and write by: > Selecting appropriate grammar and vocabulary, understanding how such choices can change and enhance meaning",6-EE.8,Is the sentence simple or compound?,https://uk.ixl.com/english/year-6/is-the-sentence-simple-or-compound
Key Stage 2,Year 6,Writing,Composition,"Draft and write by: > Selecting appropriate grammar and vocabulary, understanding how such choices can change and enhance meaning",6-EE.9,"Is the sentence simple, compound or complex?",https://uk.ixl.com/english/year-6/is-the-sentence-simple-compound-or-complex
Key Stage 2,Year 6,Writing,Composition,"Draft and write by: > Selecting appropriate grammar and vocabulary, understanding how such choices can change and enhance meaning",6-LL.1,Identify prepositions,https://uk.ixl.com/english/year-6/identify-prepositions
Key Stage 2,Year 6,Writing,Composition,"Draft and write by: > Selecting appropriate grammar and vocabulary, understanding how such choices can change and enhance meaning",6-LL.2,Identify prepositions and their objects,https://uk.ixl.com/english/year-6/identify-prepositions-and-their-objects
Key Stage 2,Year 6,Writing,Composition,"Draft and write by: > Selecting appropriate grammar and vocabulary, understanding how such choices can change and enhance meaning",6-LL.3,Identify prepositional phrases,https://uk.ixl.com/english/year-6/identify-prepositional-phrases
Key Stage 2,Year 6,Writing,Composition,"Draft and write by: > Selecting appropriate grammar and vocabulary, understanding how such choices can change and enhance meaning",6-LL.4,Prepositions: review,https://uk.ixl.com/english/year-6/prepositions-review
Key Stage 2,Year 6,Writing,Composition,"Draft and write by: > In narratives, describing settings, characters and atmosphere and integrating dialogue to convey character and advance the action",6-R.1,Show character emotions and traits,https://uk.ixl.com/english/year-6/show-character-emotions-and-traits
Key Stage 2,Year 6,Writing,Composition,Draft and write by: > Précising longer passages,6-O.6,Remove the sentence that does not belong,https://uk.ixl.com/english/year-6/remove-the-sentence-that-does-not-belong
Key Stage 2,Year 6,Writing,Composition,Draft and write by: > Using a wide range of devices to build cohesion within and across paragraphs,6-O.2,Use coordinating conjunctions,https://uk.ixl.com/english/year-6/use-coordinating-conjunctions
Key Stage 2,Year 6,Writing,Composition,Draft and write by: > Using a wide range of devices to build cohesion within and across paragraphs,6-O.3,Choose the best transition,https://uk.ixl.com/english/year-6/choose-the-best-transition
Key Stage 2,Year 6,Writing,Composition,Draft and write by: > Using a wide range of devices to build cohesion within and across paragraphs,6-O.5,Organise information by topic,https://uk.ixl.com/english/year-6/organise-information-by-topic
Key Stage 2,Year 6,Writing,Composition,Draft and write by: > Using a wide range of devices to build cohesion within and across paragraphs,6-O.6,Remove the sentence that does not belong,https://uk.ixl.com/english/year-6/remove-the-sentence-that-does-not-belong
Key Stage 2,Year 6,Writing,Composition,Draft and write by: > Using a wide range of devices to build cohesion within and across paragraphs,6-P.1,Choose the best topic sentence,https://uk.ixl.com/english/year-6/choose-the-best-topic-sentence
Key Stage 2,Year 6,Writing,Composition,Draft and write by: > Using a wide range of devices to build cohesion within and across paragraphs,6-P.2,Choose the best concluding sentence,https://uk.ixl.com/english/year-6/choose-the-best-concluding-sentence
Key Stage 2,Year 6,Writing,Composition,Draft and write by: > Using a wide range of devices to build cohesion within and across paragraphs,6-MM.3,Use the correct pair of correlative conjunctions,https://uk.ixl.com/english/year-6/use-the-correct-pair-of-correlative-conjunctions
Key Stage 2,Year 6,Writing,Composition,Draft and write by: > Using a wide range of devices to build cohesion within and across paragraphs,6-MM.4,Fill in the missing correlative conjunction,https://uk.ixl.com/english/year-6/fill-in-the-missing-correlative-conjunction
Key Stage 2,Year 6,Writing,Composition,"Draft and write by: > Using further organisational and presentational devices to structure text and to guide the reader [for example, headings, bullet points, underlining]",6-QQ.1,Formatting titles,https://uk.ixl.com/english/year-6/formatting-titles
Key Stage 2,Year 6,Writing,Composition,"Draft and write by: > Using further organisational and presentational devices to structure text and to guide the reader [for example, headings, bullet points, underlining]",6-QQ.2,Formatting and capitalising titles,https://uk.ixl.com/english/year-6/formatting-and-capitalising-titles
Key Stage 2,Year 6,Writing,Composition,Evaluate and edit by: > Assessing the effectiveness of their own and others' writing,7-N.3,Suggest appropriate revisions,https://uk.ixl.com/english/year-7/suggest-appropriate-revisions
Key Stage 2,Year 6,Writing,Composition,"Evaluate and edit by: > Proposing changes to vocabulary, grammar and punctuation to enhance effects and clarify meaning",6-R.2,Revise the sentence using a stronger verb,https://uk.ixl.com/english/year-6/revise-the-sentence-using-a-stronger-verb
Key Stage 2,Year 6,Writing,Composition,"Evaluate and edit by: > Proposing changes to vocabulary, grammar and punctuation to enhance effects and clarify meaning",6-S.2,Correct errors with frequently confused words,https://uk.ixl.com/english/year-6/correct-errors-with-frequently-confused-words
Key Stage 2,Year 6,Writing,Composition,"Evaluate and edit by: > Proposing changes to vocabulary, grammar and punctuation to enhance effects and clarify meaning",6-BB.1,Describe the difference between related words,https://uk.ixl.com/english/year-6/describe-the-difference-between-related-words
Key Stage 2,Year 6,Writing,Composition,"Evaluate and edit by: > Proposing changes to vocabulary, grammar and punctuation to enhance effects and clarify meaning",6-BB.2,Positive and negative connotation,https://uk.ixl.com/english/year-6/positive-and-negative-connotation
Key Stage 2,Year 6,Writing,Composition,"Evaluate and edit by: > Proposing changes to vocabulary, grammar and punctuation to enhance effects and clarify meaning",6-EE.4,Is it a complete sentence or a fragment?,https://uk.ixl.com/english/year-6/is-it-a-complete-sentence-or-a-fragment
Key Stage 2,Year 6,Writing,Composition,"Evaluate and edit by: > Proposing changes to vocabulary, grammar and punctuation to enhance effects and clarify meaning",6-EE.5,Is it a complete sentence or a run-on?,https://uk.ixl.com/english/year-6/is-it-a-complete-sentence-or-a-run-on
Key Stage 2,Year 6,Writing,Composition,"Evaluate and edit by: > Proposing changes to vocabulary, grammar and punctuation to enhance effects and clarify meaning",6-EE.6,"Is it a complete sentence, a fragment or a run-on?",https://uk.ixl.com/english/year-6/is-it-a-complete-sentence-a-fragment-or-a-run-on
Key Stage 2,Year 6,Writing,Composition,"Evaluate and edit by: > Proposing changes to vocabulary, grammar and punctuation to enhance effects and clarify meaning",6-FF.9,Identify and correct errors with plural and possessive nouns,https://uk.ixl.com/english/year-6/identify-and-correct-errors-with-plural-and-possessive-nouns
Key Stage 2,Year 6,Writing,Composition,"Evaluate and edit by: > Proposing changes to vocabulary, grammar and punctuation to enhance effects and clarify meaning",6-JJ.5,Correct inappropriate shifts in verb tense,https://uk.ixl.com/english/year-6/correct-inappropriate-shifts-in-verb-tense
Key Stage 2,Year 6,Writing,Composition,"Evaluate and edit by: > Proposing changes to vocabulary, grammar and punctuation to enhance effects and clarify meaning",6-OO.1,"Commas with direct addresses, introductory words and interjections",https://uk.ixl.com/english/year-6/commas-with-direct-addresses-introductory-words-and-interjections
Key Stage 2,Year 6,Writing,Composition,"Evaluate and edit by: > Proposing changes to vocabulary, grammar and punctuation to enhance effects and clarify meaning",6-OO.2,Commas with compound and complex sentences,https://uk.ixl.com/english/year-6/commas-with-compound-and-complex-sentences
Key Stage 2,Year 6,Writing,Composition,Evaluate and edit by: > Ensuring the consistent and correct use of tense throughout a piece of writing,6-JJ.5,Correct inappropriate shifts in verb tense,https://uk.ixl.com/english/year-6/correct-inappropriate-shifts-in-verb-tense
Key Stage 2,Year 6,Writing,Composition,"Evaluate and edit by: > Ensuring correct subject and verb agreement when using singular and plural, distinguishing between the language of speech and writing and choosing the appropriate register",6-C.2,Which sentence is more formal?,https://uk.ixl.com/english/year-6/which-sentence-is-more-formal
Key Stage 2,Year 6,Writing,Composition,"Evaluate and edit by: > Ensuring correct subject and verb agreement when using singular and plural, distinguishing between the language of speech and writing and choosing the appropriate register",6-II.1,Use the correct subject or verb,https://uk.ixl.com/english/year-6/use-the-correct-subject-or-verb
Key Stage 2,Year 6,Writing,Composition,"Evaluate and edit by: > Ensuring correct subject and verb agreement when using singular and plural, distinguishing between the language of speech and writing and choosing the appropriate register",6-II.2,Use the correct subject or verb – with compound subjects,https://uk.ixl.com/english/year-6/use-the-correct-subject-or-verb-with-compound-subjects
Key Stage 2,Year 6,Writing,Composition,Proof-read for spelling and punctuation errors,6-S.1,Use the correct frequently confused word,https://uk.ixl.com/english/year-6/use-the-correct-frequently-confused-word
Key Stage 2,Year 6,Writing,Composition,Proof-read for spelling and punctuation errors,6-S.2,Correct errors with frequently confused words,https://uk.ixl.com/english/year-6/correct-errors-with-frequently-confused-words
Key Stage 2,Year 6,Writing,Composition,Proof-read for spelling and punctuation errors,6-Z.1,Use the correct homophone,https://uk.ixl.com/english/year-6/use-the-correct-homophone
Key Stage 2,Year 6,Writing,Composition,Proof-read for spelling and punctuation errors,6-EE.1,"Is the sentence declarative, interrogative, imperative or exclamatory?",https://uk.ixl.com/english/year-6/is-the-sentence-declarative-interrogative-imperative-or-exclamatory
Key Stage 2,Year 6,Writing,"Vocabulary, grammar and punctuation","Develop their understanding of the concepts set out in English Appendix 2 by: > Recognising vocabulary and structures that are appropriate for formal speech and writing, including subjunctive forms",6-C.2,Which sentence is more formal?,https://uk.ixl.com/english/year-6/which-sentence-is-more-formal
Key Stage 2,Year 6,Writing,"Vocabulary, grammar and punctuation","Develop their understanding of the concepts set out in English Appendix 2 by: > Recognising vocabulary and structures that are appropriate for formal speech and writing, including subjunctive forms",6-D.5,Identify text structures,https://uk.ixl.com/english/year-6/identify-text-structures
Key Stage 2,Year 6,Writing,"Vocabulary, grammar and punctuation","Develop their understanding of the concepts set out in English Appendix 2 by: > Recognising vocabulary and structures that are appropriate for formal speech and writing, including subjunctive forms",6-X.1,Choose the synonym,https://uk.ixl.com/english/year-6/choose-the-synonym
Key Stage 2,Year 6,Writing,"Vocabulary, grammar and punctuation","Develop their understanding of the concepts set out in English Appendix 2 by: > Recognising vocabulary and structures that are appropriate for formal speech and writing, including subjunctive forms",6-X.3,Choose the antonym,https://uk.ixl.com/english/year-6/choose-the-antonym
Key Stage 2,Year 6,Writing,"Vocabulary, grammar and punctuation",Develop their understanding of the concepts set out in English Appendix 2 by: > Using the perfect form of verbs to mark relationships of time and cause,6-JJ.9,Use the perfect verb tenses,https://uk.ixl.com/english/year-6/use-the-perfect-verb-tenses
Key Stage 2,Year 6,Writing,"Vocabulary, grammar and punctuation",Develop their understanding of the concepts set out in English Appendix 2 by: > Using the perfect form of verbs to mark relationships of time and cause,6-JJ.10,Form the perfect verb tenses,https://uk.ixl.com/english/year-6/form-the-perfect-verb-tenses
Key Stage 2,Year 6,Writing,"Vocabulary, grammar and punctuation",Develop their understanding of the concepts set out in English Appendix 2 by: > Using expanded noun phrases to convey complicated information concisely,6-KK.2,Order adjectives,https://uk.ixl.com/english/year-6/order-adjectives
Key Stage 2,Year 6,Writing,"Vocabulary, grammar and punctuation",Develop their understanding of the concepts set out in English Appendix 2 by: > Using expanded noun phrases to convey complicated information concisely,6-KK.7,Use adjectives to compare,https://uk.ixl.com/english/year-6/use-adjectives-to-compare
Key Stage 2,Year 6,Writing,"Vocabulary, grammar and punctuation",Develop their understanding of the concepts set out in English Appendix 2 by: > Using expanded noun phrases to convey complicated information concisely,6-KK.9,Use adjectives with more and most,https://uk.ixl.com/english/year-6/use-adjectives-with-more-and-most
Key Stage 2,Year 6,Writing,"Vocabulary, grammar and punctuation",Develop their understanding of the concepts set out in English Appendix 2 by: > Using modal verbs or adverbs to indicate degrees of possibility,6-HH.3,Use the correct modal verb,https://uk.ixl.com/english/year-6/use-the-correct-modal-verb
Key Stage 2,Year 6,Writing,"Vocabulary, grammar and punctuation","Develop their understanding of the concepts set out in English Appendix 2 by: > Using relative clauses beginning with who, which, where, when, whose, that or with an implied (i.e. omitted) relative pronoun",6-GG.10,Use relative pronouns: who and whom,https://uk.ixl.com/english/year-6/use-relative-pronouns-who-and-whom
Key Stage 2,Year 6,Writing,"Vocabulary, grammar and punctuation","Develop their understanding of the concepts set out in English Appendix 2 by: > Using relative clauses beginning with who, which, where, when, whose, that or with an implied (i.e. omitted) relative pronoun",6-GG.11,"Use relative pronouns: who, whom, whose, which and that",https://uk.ixl.com/english/year-6/use-relative-pronouns-who-whom-whose-which-and-that
Key Stage 2,Year 6,Writing,"Vocabulary, grammar and punctuation",Develop their understanding of the concepts set out in English Appendix 2 by: > Learning the grammar for years 5 and 6 in English Appendix 2,6-O.3,Choose the best transition,https://uk.ixl.com/english/year-6/choose-the-best-transition
Key Stage 2,Year 6,Writing,"Vocabulary, grammar and punctuation",Develop their understanding of the concepts set out in English Appendix 2 by: > Learning the grammar for years 5 and 6 in English Appendix 2,6-GG.9,Identify relative pronouns,https://uk.ixl.com/english/year-6/identify-relative-pronouns
Key Stage 2,Year 6,Writing,"Vocabulary, grammar and punctuation",Develop their understanding of the concepts set out in English Appendix 2 by: > Learning the grammar for years 5 and 6 in English Appendix 2,6-GG.10,Use relative pronouns: who and whom,https://uk.ixl.com/english/year-6/use-relative-pronouns-who-and-whom
Key Stage 2,Year 6,Writing,"Vocabulary, grammar and punctuation",Develop their understanding of the concepts set out in English Appendix 2 by: > Learning the grammar for years 5 and 6 in English Appendix 2,6-GG.11,"Use relative pronouns: who, whom, whose, which and that",https://uk.ixl.com/english/year-6/use-relative-pronouns-who-whom-whose-which-and-that
Key Stage 2,Year 6,Writing,"Vocabulary, grammar and punctuation",Develop their understanding of the concepts set out in English Appendix 2 by: > Learning the grammar for years 5 and 6 in English Appendix 2,6-HH.2,What does the modal verb show?,https://uk.ixl.com/english/year-6/what-does-the-modal-verb-show
Key Stage 2,Year 6,Writing,"Vocabulary, grammar and punctuation",Develop their understanding of the concepts set out in English Appendix 2 by: > Learning the grammar for years 5 and 6 in English Appendix 2,6-HH.3,Use the correct modal verb,https://uk.ixl.com/english/year-6/use-the-correct-modal-verb
Key Stage 2,Year 6,Writing,"Vocabulary, grammar and punctuation",Develop their understanding of the concepts set out in English Appendix 2 by: > Learning the grammar for years 5 and 6 in English Appendix 2,6-JJ.1,"Is the sentence in the past, present or future tense?",https://uk.ixl.com/english/year-6/is-the-sentence-in-the-past-present-or-future-tense
Key Stage 2,Year 6,Writing,"Vocabulary, grammar and punctuation",Develop their understanding of the concepts set out in English Appendix 2 by: > Learning the grammar for years 5 and 6 in English Appendix 2,6-JJ.2,Form and use the regular past tense,https://uk.ixl.com/english/year-6/form-and-use-the-regular-past-tense
Key Stage 2,Year 6,Writing,"Vocabulary, grammar and punctuation",Develop their understanding of the concepts set out in English Appendix 2 by: > Learning the grammar for years 5 and 6 in English Appendix 2,6-JJ.3,Form and use the irregular past tense,https://uk.ixl.com/english/year-6/form-and-use-the-irregular-past-tense
Key Stage 2,Year 6,Writing,"Vocabulary, grammar and punctuation",Develop their understanding of the concepts set out in English Appendix 2 by: > Learning the grammar for years 5 and 6 in English Appendix 2,6-JJ.4,"Form and use the simple past, present and future tense",https://uk.ixl.com/english/year-6/form-and-use-the-simple-past-present-and-future-tense
Key Stage 2,Year 6,Writing,"Vocabulary, grammar and punctuation",Develop their understanding of the concepts set out in English Appendix 2 by: > Learning the grammar for years 5 and 6 in English Appendix 2,6-JJ.5,Correct inappropriate shifts in verb tense,https://uk.ixl.com/english/year-6/correct-inappropriate-shifts-in-verb-tense
Key Stage 2,Year 6,Writing,"Vocabulary, grammar and punctuation",Develop their understanding of the concepts set out in English Appendix 2 by: > Learning the grammar for years 5 and 6 in English Appendix 2,6-JJ.6,Use the progressive verb tenses,https://uk.ixl.com/english/year-6/use-the-progressive-verb-tenses
Key Stage 2,Year 6,Writing,"Vocabulary, grammar and punctuation",Develop their understanding of the concepts set out in English Appendix 2 by: > Learning the grammar for years 5 and 6 in English Appendix 2,6-JJ.7,Form the progressive verb tenses,https://uk.ixl.com/english/year-6/form-the-progressive-verb-tenses
Key Stage 2,Year 6,Writing,"Vocabulary, grammar and punctuation",Develop their understanding of the concepts set out in English Appendix 2 by: > Learning the grammar for years 5 and 6 in English Appendix 2,6-JJ.8,Choose between the past tense and past participle,https://uk.ixl.com/english/year-6/choose-between-the-past-tense-and-past-participle
Key Stage 2,Year 6,Writing,"Vocabulary, grammar and punctuation",Develop their understanding of the concepts set out in English Appendix 2 by: > Learning the grammar for years 5 and 6 in English Appendix 2,6-JJ.9,Use the perfect verb tenses,https://uk.ixl.com/english/year-6/use-the-perfect-verb-tenses
Key Stage 2,Year 6,Writing,"Vocabulary, grammar and punctuation",Develop their understanding of the concepts set out in English Appendix 2 by: > Learning the grammar for years 5 and 6 in English Appendix 2,6-JJ.10,Form the perfect verb tenses,https://uk.ixl.com/english/year-6/form-the-perfect-verb-tenses
Key Stage 2,Year 6,Writing,"Vocabulary, grammar and punctuation",Develop their understanding of the concepts set out in English Appendix 2 by: > Learning the grammar for years 5 and 6 in English Appendix 2,6-LL.1,Identify prepositions,https://uk.ixl.com/english/year-6/identify-prepositions
Key Stage 2,Year 6,Writing,"Vocabulary, grammar and punctuation",Develop their understanding of the concepts set out in English Appendix 2 by: > Learning the grammar for years 5 and 6 in English Appendix 2,6-LL.2,Identify prepositions and their objects,https://uk.ixl.com/english/year-6/identify-prepositions-and-their-objects
Key Stage 2,Year 6,Writing,"Vocabulary, grammar and punctuation",Develop their understanding of the concepts set out in English Appendix 2 by: > Learning the grammar for years 5 and 6 in English Appendix 2,6-LL.3,Identify prepositional phrases,https://uk.ixl.com/english/year-6/identify-prepositional-phrases
Key Stage 2,Year 6,Writing,"Vocabulary, grammar and punctuation",Develop their understanding of the concepts set out in English Appendix 2 by: > Learning the grammar for years 5 and 6 in English Appendix 2,6-LL.4,Prepositions: review,https://uk.ixl.com/english/year-6/prepositions-review
Key Stage 2,Year 6,Writing,"Vocabulary, grammar and punctuation",Develop their understanding of the concepts set out in English Appendix 2 by: > Learning the grammar for years 5 and 6 in English Appendix 2,7-K.3,Transitions with conjunctive adverbs,https://uk.ixl.com/english/year-7/transitions-with-conjunctive-adverbs
Key Stage 2,Year 6,Writing,"Vocabulary, grammar and punctuation",Indicate grammatical and other features by: > Using commas to clarify meaning or avoid ambiguity in writing,6-OO.1,"Commas with direct addresses, introductory words and interjections",https://uk.ixl.com/english/year-6/commas-with-direct-addresses-introductory-words-and-interjections
Key Stage 2,Year 6,Writing,"Vocabulary, grammar and punctuation",Indicate grammatical and other features by: > Using commas to clarify meaning or avoid ambiguity in writing,6-OO.2,Commas with compound and complex sentences,https://uk.ixl.com/english/year-6/commas-with-compound-and-complex-sentences
Key Stage 2,Year 6,Writing,"Vocabulary, grammar and punctuation","Indicate grammatical and other features by: > Using brackets, dashes or commas to indicate parenthesis",7-II.5,Use dashes,https://uk.ixl.com/english/year-7/use-dashes
Key Stage 3,Year 7,Reading,"Develop an appreciation and love of reading, and read increasingly challenging material independently through:","Reading a wide range of fiction and non-fiction, including in particular whole books, short stories, poems and plays with a wide coverage of genres, historical periods, forms and authors. The range will include high-quality works from: English literature, both pre-1914 and contemporary, including prose, poetry and drama; Shakespeare (two plays); and seminal world literature",7-G.1,Analyse short stories,https://uk.ixl.com/english/year-7/analyse-short-stories
Key Stage 3,Year 7,Reading,"Develop an appreciation and love of reading, and read increasingly challenging material independently through:","Reading a wide range of fiction and non-fiction, including in particular whole books, short stories, poems and plays with a wide coverage of genres, historical periods, forms and authors. The range will include high-quality works from: English literature, both pre-1914 and contemporary, including prose, poetry and drama; Shakespeare (two plays); and seminal world literature",7-H.1,Read and understand informational passages,https://uk.ixl.com/english/year-7/read-and-understand-informational-passages
Key Stage 3,Year 7,Reading,"Develop an appreciation and love of reading, and read increasingly challenging material independently through:","Reading a wide range of fiction and non-fiction, including in particular whole books, short stories, poems and plays with a wide coverage of genres, historical periods, forms and authors. The range will include high-quality works from: English literature, both pre-1914 and contemporary, including prose, poetry and drama; Shakespeare (two plays); and seminal world literature",7-H.2,Trace an argument,https://uk.ixl.com/english/year-7/trace-an-argument
Key Stage 3,Year 7,Reading,Understand increasingly challenging texts through:,"Learning new vocabulary, relating it explicitly to known vocabulary and understanding it with the help of context and dictionaries",7-S.2,Which definition matches the sentence?,https://uk.ixl.com/english/year-7/which-definition-matches-the-sentence
Key Stage 3,Year 7,Reading,Understand increasingly challenging texts through:,"Learning new vocabulary, relating it explicitly to known vocabulary and understanding it with the help of context and dictionaries",7-S.3,Which sentence matches the definition?,https://uk.ixl.com/english/year-7/which-sentence-matches-the-definition
Key Stage 3,Year 7,Reading,Understand increasingly challenging texts through:,"Learning new vocabulary, relating it explicitly to known vocabulary and understanding it with the help of context and dictionaries",7-V.1,Find words using context,https://uk.ixl.com/english/year-7/find-words-using-context
Key Stage 3,Year 7,Reading,Understand increasingly challenging texts through:,"Learning new vocabulary, relating it explicitly to known vocabulary and understanding it with the help of context and dictionaries",7-V.2,Determine the meaning of words using synonyms in context,https://uk.ixl.com/english/year-7/determine-the-meaning-of-words-using-synonyms-in-context
Key Stage 3,Year 7,Reading,Understand increasingly challenging texts through:,"Learning new vocabulary, relating it explicitly to known vocabulary and understanding it with the help of context and dictionaries",7-V.3,Determine the meaning of words using antonyms in context,https://uk.ixl.com/english/year-7/determine-the-meaning-of-words-using-antonyms-in-context
Key Stage 3,Year 7,Reading,Understand increasingly challenging texts through:,"Learning new vocabulary, relating it explicitly to known vocabulary and understanding it with the help of context and dictionaries",7-V.4,Use context to identify the meaning of a word,https://uk.ixl.com/english/year-7/use-context-to-identify-the-meaning-of-a-word
Key Stage 3,Year 7,Reading,Understand increasingly challenging texts through:,"Learning new vocabulary, relating it explicitly to known vocabulary and understanding it with the help of context and dictionaries",7-V.5,Determine the meaning of domain-specific words with pictures,https://uk.ixl.com/english/year-7/determine-the-meaning-of-domain-specific-words-with-pictures
Key Stage 3,Year 7,Reading,Understand increasingly challenging texts through:,"Learning new vocabulary, relating it explicitly to known vocabulary and understanding it with the help of context and dictionaries",7-W.3,Use dictionary entries,https://uk.ixl.com/english/year-7/use-dictionary-entries
Key Stage 3,Year 7,Reading,Understand increasingly challenging texts through:,"Learning new vocabulary, relating it explicitly to known vocabulary and understanding it with the help of context and dictionaries",7-W.4,Use dictionary definitions,https://uk.ixl.com/english/year-7/use-dictionary-definitions
Key Stage 3,Year 7,Reading,Understand increasingly challenging texts through:,Making inferences and referring to evidence in the text,7-B.1,Match the quotations with their themes,https://uk.ixl.com/english/year-7/match-the-quotations-with-their-themes
Key Stage 3,Year 7,Reading,Understand increasingly challenging texts through:,Making inferences and referring to evidence in the text,7-B.2,Determine the themes of short stories,https://uk.ixl.com/english/year-7/determine-the-themes-of-short-stories
Key Stage 3,Year 7,Reading,Understand increasingly challenging texts through:,Making inferences and referring to evidence in the text,7-G.1,Analyse short stories,https://uk.ixl.com/english/year-7/analyse-short-stories
Key Stage 3,Year 7,Reading,Understand increasingly challenging texts through:,Making inferences and referring to evidence in the text,7-H.1,Read and understand informational passages,https://uk.ixl.com/english/year-7/read-and-understand-informational-passages
Key Stage 3,Year 7,Reading,Understand increasingly challenging texts through:,Making inferences and referring to evidence in the text,7-H.2,Trace an argument,https://uk.ixl.com/english/year-7/trace-an-argument
Key Stage 3,Year 7,Reading,Understand increasingly challenging texts through:,Making inferences and referring to evidence in the text,7-L.3,Identify supporting details in informational texts,https://uk.ixl.com/english/year-7/identify-supporting-details-in-informational-texts
Key Stage 3,Year 7,Reading,Understand increasingly challenging texts through:,Making inferences and referring to evidence in the text,7-L.4,Identify supporting details in literary texts,https://uk.ixl.com/english/year-7/identify-supporting-details-in-literary-texts
Key Stage 3,Year 7,Reading,Understand increasingly challenging texts through:,"Knowing the purpose, audience for and context of the writing and drawing on this knowledge to support comprehension",7-C.3,Identify the author's purpose,https://uk.ixl.com/english/year-7/identify-the-authors-purpose
Key Stage 3,Year 7,Reading,Understand increasingly challenging texts through:,Checking their understanding to make sure that what they have read makes sense,7-A.1,Determine the main idea of a passage,https://uk.ixl.com/english/year-7/determine-the-main-idea-of-a-passage
Key Stage 3,Year 7,Reading,Read critically through:,"Knowing how language, including figurative language, vocabulary choice, grammar, text structure and organisational features, presents meaning",7-E.1,Compare and contrast in informational texts,https://uk.ixl.com/english/year-7/compare-and-contrast-in-informational-texts
Key Stage 3,Year 7,Reading,Read critically through:,"Knowing how language, including figurative language, vocabulary choice, grammar, text structure and organisational features, presents meaning",7-E.2,Match causes and effects in informational texts,https://uk.ixl.com/english/year-7/match-causes-and-effects-in-informational-texts
Key Stage 3,Year 7,Reading,Read critically through:,"Knowing how language, including figurative language, vocabulary choice, grammar, text structure and organisational features, presents meaning",7-E.3,Match problems with their solutions,https://uk.ixl.com/english/year-7/match-problems-with-their-solutions
Key Stage 3,Year 7,Reading,Read critically through:,"Knowing how language, including figurative language, vocabulary choice, grammar, text structure and organisational features, presents meaning",7-E.4,Identify text structures,https://uk.ixl.com/english/year-7/identify-text-structures
Key Stage 3,Year 7,Reading,Read critically through:,"Knowing how language, including figurative language, vocabulary choice, grammar, text structure and organisational features, presents meaning",7-F.1,Interpret figures of speech,https://uk.ixl.com/english/year-7/interpret-figures-of-speech
Key Stage 3,Year 7,Reading,Read critically through:,"Knowing how language, including figurative language, vocabulary choice, grammar, text structure and organisational features, presents meaning",7-F.3,Analyse the effects of figures of speech on meaning and tone,https://uk.ixl.com/english/year-7/analyse-the-effects-of-figures-of-speech-on-meaning-and-tone
Key Stage 3,Year 7,Reading,Read critically through:,"Knowing how language, including figurative language, vocabulary choice, grammar, text structure and organisational features, presents meaning",7-T.1,Describe the difference between related words,https://uk.ixl.com/english/year-7/describe-the-difference-between-related-words
Key Stage 3,Year 7,Reading,Read critically through:,"Knowing how language, including figurative language, vocabulary choice, grammar, text structure and organisational features, presents meaning",7-T.2,Positive and negative connotation,https://uk.ixl.com/english/year-7/positive-and-negative-connotation
Key Stage 3,Year 7,Reading,Read critically through:,"Knowing how language, including figurative language, vocabulary choice, grammar, text structure and organisational features, presents meaning",7-U.1,Analogies,https://uk.ixl.com/english/year-7/analogies
Key Stage 3,Year 7,Reading,Read critically through:,"Knowing how language, including figurative language, vocabulary choice, grammar, text structure and organisational features, presents meaning",7-U.2,Analogies: challenge,https://uk.ixl.com/english/year-7/analogies-challenge
Key Stage 3,Year 7,Reading,Read critically through:,"Studying setting, plot, and characterisation, and the effects of these",7-G.1,Analyse short stories,https://uk.ixl.com/english/year-7/analyse-short-stories
Key Stage 3,Year 7,Reading,Read critically through:,Making critical comparisons across texts,7-C.2,Compare passages for tone,https://uk.ixl.com/english/year-7/compare-passages-for-tone
Key Stage 3,Year 7,Reading,Read critically through:,Making critical comparisons across texts,7-E.1,Compare and contrast in informational texts,https://uk.ixl.com/english/year-7/compare-and-contrast-in-informational-texts
Key Stage 3,Year 7,Reading,Read critically through:,Making critical comparisons across texts,7-I.1,Compare two texts with different genres,https://uk.ixl.com/english/year-7/compare-two-texts-with-different-genres
Key Stage 3,Year 7,Reading,Read critically through:,Making critical comparisons across texts,7-J.1,Compare illustrations of literary and historical subjects,https://uk.ixl.com/english/year-7/compare-illustrations-of-literary-and-historical-subjects
Key Stage 3,Year 7,Writing,"Write accurately, fluently, effectively and at length for pleasure and information through:","Writing for a wide range of purposes and audiences, including: well-structured formal expository and narrative essays; stories, scripts, poetry and other imaginative writing; notes and polished scripts for talks and presentations; and a range of other narrative and non-narrative texts, including arguments, and personal and formal letters",7-C.3,Identify the author's purpose,https://uk.ixl.com/english/year-7/identify-the-authors-purpose
Key Stage 3,Year 7,Writing,"Write accurately, fluently, effectively and at length for pleasure and information through:","Summarising and organising material, and supporting ideas and arguments with any necessary factual detail",7-K.1,Order topics from broadest to narrowest,https://uk.ixl.com/english/year-7/order-topics-from-broadest-to-narrowest
Key Stage 3,Year 7,Writing,"Write accurately, fluently, effectively and at length for pleasure and information through:","Summarising and organising material, and supporting ideas and arguments with any necessary factual detail",7-K.2,Organise information by topic,https://uk.ixl.com/english/year-7/organise-information-by-topic
Key Stage 3,Year 7,Writing,"Write accurately, fluently, effectively and at length for pleasure and information through:","Summarising and organising material, and supporting ideas and arguments with any necessary factual detail",7-L.1,Distinguish facts from opinions,https://uk.ixl.com/english/year-7/distinguish-facts-from-opinions
Key Stage 3,Year 7,Writing,"Write accurately, fluently, effectively and at length for pleasure and information through:","Summarising and organising material, and supporting ideas and arguments with any necessary factual detail",7-L.2,Choose evidence to support a claim,https://uk.ixl.com/english/year-7/choose-evidence-to-support-a-claim
Key Stage 3,Year 7,Writing,"Write accurately, fluently, effectively and at length for pleasure and information through:","Summarising and organising material, and supporting ideas and arguments with any necessary factual detail",7-L.3,Identify supporting details in informational texts,https://uk.ixl.com/english/year-7/identify-supporting-details-in-informational-texts
Key Stage 3,Year 7,Writing,"Write accurately, fluently, effectively and at length for pleasure and information through:","Summarising and organising material, and supporting ideas and arguments with any necessary factual detail",7-L.4,Identify supporting details in literary texts,https://uk.ixl.com/english/year-7/identify-supporting-details-in-literary-texts
Key Stage 3,Year 7,Writing,"Write accurately, fluently, effectively and at length for pleasure and information through:","Applying their growing knowledge of vocabulary, grammar and text structure to their writing and selecting the appropriate form",7-E.4,Identify text structures,https://uk.ixl.com/english/year-7/identify-text-structures
Key Stage 3,Year 7,Writing,"Write accurately, fluently, effectively and at length for pleasure and information through:","Applying their growing knowledge of vocabulary, grammar and text structure to their writing and selecting the appropriate form",7-K.3,Transitions with conjunctive adverbs,https://uk.ixl.com/english/year-7/transitions-with-conjunctive-adverbs
Key Stage 3,Year 7,Writing,"Write accurately, fluently, effectively and at length for pleasure and information through:","Applying their growing knowledge of vocabulary, grammar and text structure to their writing and selecting the appropriate form",7-T.1,Describe the difference between related words,https://uk.ixl.com/english/year-7/describe-the-difference-between-related-words
Key Stage 3,Year 7,Writing,"Write accurately, fluently, effectively and at length for pleasure and information through:","Applying their growing knowledge of vocabulary, grammar and text structure to their writing and selecting the appropriate form",7-T.2,Positive and negative connotation,https://uk.ixl.com/english/year-7/positive-and-negative-connotation
Key Stage 3,Year 7,Writing,"Write accurately, fluently, effectively and at length for pleasure and information through:","Applying their growing knowledge of vocabulary, grammar and text structure to their writing and selecting the appropriate form",7-GG.1,Use coordinating conjunctions,https://uk.ixl.com/english/year-7/use-coordinating-conjunctions
Key Stage 3,Year 7,Writing,"Write accurately, fluently, effectively and at length for pleasure and information through:","Applying their growing knowledge of vocabulary, grammar and text structure to their writing and selecting the appropriate form",7-GG.4,Use the correct pair of correlative conjunctions,https://uk.ixl.com/english/year-7/use-the-correct-pair-of-correlative-conjunctions
Key Stage 3,Year 7,Writing,"Write accurately, fluently, effectively and at length for pleasure and information through:",Drawing on knowledge of literary and rhetorical devices from their reading and listening to enhance the impact of their writing,7-M.1,Use personification,https://uk.ixl.com/english/year-7/use-personification
Key Stage 3,Year 7,Writing,"Plan, draft, edit and proof-read through:",Considering how their writing reflects the audiences and purposes for which it was intended,7-C.3,Identify the author's purpose,https://uk.ixl.com/english/year-7/identify-the-authors-purpose
Key Stage 3,Year 7,Writing,"Plan, draft, edit and proof-read through:","Amending the vocabulary, grammar and structure of their writing to improve its coherence and overall effectiveness",7-X.5,Is it a complete sentence or a fragment?,https://uk.ixl.com/english/year-7/is-it-a-complete-sentence-or-a-fragment
Key Stage 3,Year 7,Writing,"Plan, draft, edit and proof-read through:","Amending the vocabulary, grammar and structure of their writing to improve its coherence and overall effectiveness",7-X.6,Is it a complete sentence or a run-on?,https://uk.ixl.com/english/year-7/is-it-a-complete-sentence-or-a-run-on
Key Stage 3,Year 7,Writing,"Plan, draft, edit and proof-read through:","Amending the vocabulary, grammar and structure of their writing to improve its coherence and overall effectiveness",7-X.7,"Is it a complete sentence, a fragment or a run-on?",https://uk.ixl.com/english/year-7/is-it-a-complete-sentence-a-fragment-or-a-run-on
Key Stage 3,Year 7,Writing,"Plan, draft, edit and proof-read through:","Paying attention to accurate grammar, punctuation and spelling; applying the spelling patterns and rules set out in English Appendix 1 to the key stage 1 and 2 programmes of study for English",7-N.1,Use the correct frequently confused word,https://uk.ixl.com/english/year-7/use-the-correct-frequently-confused-word
Key Stage 3,Year 7,Writing,"Plan, draft, edit and proof-read through:","Paying attention to accurate grammar, punctuation and spelling; applying the spelling patterns and rules set out in English Appendix 1 to the key stage 1 and 2 programmes of study for English",7-N.2,Correct errors with frequently confused words,https://uk.ixl.com/english/year-7/correct-errors-with-frequently-confused-words
Key Stage 3,Year 7,Writing,"Plan, draft, edit and proof-read through:","Paying attention to accurate grammar, punctuation and spelling; applying the spelling patterns and rules set out in English Appendix 1 to the key stage 1 and 2 programmes of study for English",7-S.1,Use the correct homophone,https://uk.ixl.com/english/year-7/use-the-correct-homophone
Key Stage 3,Year 7,Writing,"Plan, draft, edit and proof-read through:","Paying attention to accurate grammar, punctuation and spelling; applying the spelling patterns and rules set out in English Appendix 1 to the key stage 1 and 2 programmes of study for English",7-X.5,Is it a complete sentence or a fragment?,https://uk.ixl.com/english/year-7/is-it-a-complete-sentence-or-a-fragment
Key Stage 3,Year 7,Writing,"Plan, draft, edit and proof-read through:","Paying attention to accurate grammar, punctuation and spelling; applying the spelling patterns and rules set out in English Appendix 1 to the key stage 1 and 2 programmes of study for English",7-X.6,Is it a complete sentence or a run-on?,https://uk.ixl.com/english/year-7/is-it-a-complete-sentence-or-a-run-on
Key Stage 3,Year 7,Writing,"Plan, draft, edit and proof-read through:","Paying attention to accurate grammar, punctuation and spelling; applying the spelling patterns and rules set out in English Appendix 1 to the key stage 1 and 2 programmes of study for English",7-X.7,"Is it a complete sentence, a fragment or a run-on?",https://uk.ixl.com/english/year-7/is-it-a-complete-sentence-a-fragment-or-a-run-on
Key Stage 3,Year 7,Writing,"Plan, draft, edit and proof-read through:","Paying attention to accurate grammar, punctuation and spelling; applying the spelling patterns and rules set out in English Appendix 1 to the key stage 1 and 2 programmes of study for English",7-Z.3,Identify vague pronoun references,https://uk.ixl.com/english/year-7/identify-vague-pronoun-references
Key Stage 3,Year 7,Writing,"Plan, draft, edit and proof-read through:","Paying attention to accurate grammar, punctuation and spelling; applying the spelling patterns and rules set out in English Appendix 1 to the key stage 1 and 2 programmes of study for English",7-Z.5,Correct inappropriate shifts in pronoun number and person,https://uk.ixl.com/english/year-7/correct-inappropriate-shifts-in-pronoun-number-and-person
Key Stage 3,Year 7,Writing,"Plan, draft, edit and proof-read through:","Paying attention to accurate grammar, punctuation and spelling; applying the spelling patterns and rules set out in English Appendix 1 to the key stage 1 and 2 programmes of study for English",7-AA.6,Use reflexive pronouns,https://uk.ixl.com/english/year-7/use-reflexive-pronouns
Key Stage 3,Year 7,Writing,"Plan, draft, edit and proof-read through:","Paying attention to accurate grammar, punctuation and spelling; applying the spelling patterns and rules set out in English Appendix 1 to the key stage 1 and 2 programmes of study for English",7-AA.10,"Use relative pronouns: who, whom, whose, which and that",https://uk.ixl.com/english/year-7/use-relative-pronouns-who-whom-whose-which-and-that
Key Stage 3,Year 7,Writing,"Plan, draft, edit and proof-read through:","Paying attention to accurate grammar, punctuation and spelling; applying the spelling patterns and rules set out in English Appendix 1 to the key stage 1 and 2 programmes of study for English",7-CC.1,Use the correct subject or verb,https://uk.ixl.com/english/year-7/use-the-correct-subject-or-verb
Key Stage 3,Year 7,Writing,"Plan, draft, edit and proof-read through:","Paying attention to accurate grammar, punctuation and spelling; applying the spelling patterns and rules set out in English Appendix 1 to the key stage 1 and 2 programmes of study for English",7-CC.2,Use the correct verb – with compound subjects,https://uk.ixl.com/english/year-7/use-the-correct-verb-with-compound-subjects
Key Stage 3,Year 7,Writing,"Plan, draft, edit and proof-read through:","Paying attention to accurate grammar, punctuation and spelling; applying the spelling patterns and rules set out in English Appendix 1 to the key stage 1 and 2 programmes of study for English",7-DD.3,Correct inappropriate shifts in verb tense,https://uk.ixl.com/english/year-7/correct-inappropriate-shifts-in-verb-tense
Key Stage 3,Year 7,Writing,"Plan, draft, edit and proof-read through:","Paying attention to accurate grammar, punctuation and spelling; applying the spelling patterns and rules set out in English Appendix 1 to the key stage 1 and 2 programmes of study for English",7-EE.2,Order adjectives,https://uk.ixl.com/english/year-7/order-adjectives
Key Stage 3,Year 7,Writing,"Plan, draft, edit and proof-read through:","Paying attention to accurate grammar, punctuation and spelling; applying the spelling patterns and rules set out in English Appendix 1 to the key stage 1 and 2 programmes of study for English",7-EE.5,Choose between adjectives and adverbs,https://uk.ixl.com/english/year-7/choose-between-adjectives-and-adverbs
Key Stage 3,Year 7,Writing,"Plan, draft, edit and proof-read through:","Paying attention to accurate grammar, punctuation and spelling; applying the spelling patterns and rules set out in English Appendix 1 to the key stage 1 and 2 programmes of study for English",7-EE.8,"Good, better, best, bad, worse and worst",https://uk.ixl.com/english/year-7/good-better-best-bad-worse-and-worst
Key Stage 3,Year 7,Writing,"Plan, draft, edit and proof-read through:","Paying attention to accurate grammar, punctuation and spelling; applying the spelling patterns and rules set out in English Appendix 1 to the key stage 1 and 2 programmes of study for English",7-EE.10,"Well, better, best, badly, worse and worst",https://uk.ixl.com/english/year-7/well-better-best-badly-worse-and-worst
Key Stage 3,Year 7,Writing,"Plan, draft, edit and proof-read through:","Paying attention to accurate grammar, punctuation and spelling; applying the spelling patterns and rules set out in English Appendix 1 to the key stage 1 and 2 programmes of study for English",7-HH.1,Pronoun-verb contractions,https://uk.ixl.com/english/year-7/pronoun-verb-contractions
Key Stage 3,Year 7,Writing,"Plan, draft, edit and proof-read through:","Paying attention to accurate grammar, punctuation and spelling; applying the spelling patterns and rules set out in English Appendix 1 to the key stage 1 and 2 programmes of study for English",7-HH.2,Contractions with 'not',https://uk.ixl.com/english/year-7/contractions-with-not
Key Stage 3,Year 7,Writing,"Plan, draft, edit and proof-read through:","Paying attention to accurate grammar, punctuation and spelling; applying the spelling patterns and rules set out in English Appendix 1 to the key stage 1 and 2 programmes of study for English",7-II.1,Commas with compound and complex sentences,https://uk.ixl.com/english/year-7/commas-with-compound-and-complex-sentences
Key Stage 3,Year 7,Writing,"Plan, draft, edit and proof-read through:","Paying attention to accurate grammar, punctuation and spelling; applying the spelling patterns and rules set out in English Appendix 1 to the key stage 1 and 2 programmes of study for English",7-II.2,"Commas with direct addresses, introductory words, interjections and interrupters",https://uk.ixl.com/english/year-7/commas-with-direct-addresses-introductory-words-interjections-and-interrupters
Key Stage 3,Year 7,Writing,"Plan, draft, edit and proof-read through:","Paying attention to accurate grammar, punctuation and spelling; applying the spelling patterns and rules set out in English Appendix 1 to the key stage 1 and 2 programmes of study for English",7-II.3,Commas with coordinate adjectives,https://uk.ixl.com/english/year-7/commas-with-coordinate-adjectives
Key Stage 3,Year 7,Writing,"Plan, draft, edit and proof-read through:","Paying attention to accurate grammar, punctuation and spelling; applying the spelling patterns and rules set out in English Appendix 1 to the key stage 1 and 2 programmes of study for English",7-II.4,Commas with non-restrictive elements,https://uk.ixl.com/english/year-7/commas-with-non-restrictive-elements
Key Stage 3,Year 7,Writing,"Plan, draft, edit and proof-read through:","Paying attention to accurate grammar, punctuation and spelling; applying the spelling patterns and rules set out in English Appendix 1 to the key stage 1 and 2 programmes of study for English",7-II.5,Use dashes,https://uk.ixl.com/english/year-7/use-dashes
Key Stage 3,Year 7,Writing,"Plan, draft, edit and proof-read through:","Paying attention to accurate grammar, punctuation and spelling; applying the spelling patterns and rules set out in English Appendix 1 to the key stage 1 and 2 programmes of study for English",7-JJ.1,Correct capitalisation errors,https://uk.ixl.com/english/year-7/correct-capitalisation-errors
Key Stage 3,Year 7,Grammar and vocabulary,Consolidate and build on their knowledge of grammar and vocabulary through:,Extending and applying the grammatical knowledge set out in English Appendix 2 to the key stage 1 and 2 programmes of study to analyse more challenging texts,7-X.1,"Is the sentence declarative, interrogative, imperative or exclamatory?",https://uk.ixl.com/english/year-7/is-the-sentence-declarative-interrogative-imperative-or-exclamatory
Key Stage 3,Year 7,Grammar and vocabulary,Consolidate and build on their knowledge of grammar and vocabulary through:,Extending and applying the grammatical knowledge set out in English Appendix 2 to the key stage 1 and 2 programmes of study to analyse more challenging texts,7-X.2,Identify the complete subject or complete predicate of a sentence,https://uk.ixl.com/english/year-7/identify-the-complete-subject-or-complete-predicate-of-a-sentence
Key Stage 3,Year 7,Grammar and vocabulary,Consolidate and build on their knowledge of grammar and vocabulary through:,Extending and applying the grammatical knowledge set out in English Appendix 2 to the key stage 1 and 2 programmes of study to analyse more challenging texts,7-X.3,Identify the simple subject or simple predicate of a sentence,https://uk.ixl.com/english/year-7/identify-the-simple-subject-or-simple-predicate-of-a-sentence
Key Stage 3,Year 7,Grammar and vocabulary,Consolidate and build on their knowledge of grammar and vocabulary through:,Extending and applying the grammatical knowledge set out in English Appendix 2 to the key stage 1 and 2 programmes of study to analyse more challenging texts,7-X.4,Identify the compound subject or compound predicate of a sentence,https://uk.ixl.com/english/year-7/identify-the-compound-subject-or-compound-predicate-of-a-sentence
Key Stage 3,Year 7,Grammar and vocabulary,Consolidate and build on their knowledge of grammar and vocabulary through:,Extending and applying the grammatical knowledge set out in English Appendix 2 to the key stage 1 and 2 programmes of study to analyse more challenging texts,7-X.8,Identify dependent and independent clauses,https://uk.ixl.com/english/year-7/identify-dependent-and-independent-clauses
Key Stage 3,Year 7,Grammar and vocabulary,Consolidate and build on their knowledge of grammar and vocabulary through:,Extending and applying the grammatical knowledge set out in English Appendix 2 to the key stage 1 and 2 programmes of study to analyse more challenging texts,7-AA.1,Choose between subject and object pronouns,https://uk.ixl.com/english/year-7/choose-between-subject-and-object-pronouns
Key Stage 3,Year 7,Grammar and vocabulary,Consolidate and build on their knowledge of grammar and vocabulary through:,Extending and applying the grammatical knowledge set out in English Appendix 2 to the key stage 1 and 2 programmes of study to analyse more challenging texts,7-AA.2,Compound subjects and objects with 'I' and 'me',https://uk.ixl.com/english/year-7/compound-subjects-and-objects-with-i-and-me
Key Stage 3,Year 7,Grammar and vocabulary,Consolidate and build on their knowledge of grammar and vocabulary through:,Extending and applying the grammatical knowledge set out in English Appendix 2 to the key stage 1 and 2 programmes of study to analyse more challenging texts,7-AA.3,Compound subjects and objects with pronouns,https://uk.ixl.com/english/year-7/compound-subjects-and-objects-with-pronouns
Key Stage 3,Year 7,Grammar and vocabulary,Consolidate and build on their knowledge of grammar and vocabulary through:,Extending and applying the grammatical knowledge set out in English Appendix 2 to the key stage 1 and 2 programmes of study to analyse more challenging texts,7-AA.5,Choose between personal and reflexive pronouns,https://uk.ixl.com/english/year-7/choose-between-personal-and-reflexive-pronouns
Key Stage 3,Year 7,Grammar and vocabulary,Consolidate and build on their knowledge of grammar and vocabulary through:,Extending and applying the grammatical knowledge set out in English Appendix 2 to the key stage 1 and 2 programmes of study to analyse more challenging texts,7-AA.6,Use reflexive pronouns,https://uk.ixl.com/english/year-7/use-reflexive-pronouns
Key Stage 3,Year 7,Grammar and vocabulary,Consolidate and build on their knowledge of grammar and vocabulary through:,Extending and applying the grammatical knowledge set out in English Appendix 2 to the key stage 1 and 2 programmes of study to analyse more challenging texts,7-AA.7,Is the pronoun reflexive or intensive?,https://uk.ixl.com/english/year-7/is-the-pronoun-reflexive-or-intensive
Key Stage 3,Year 7,Grammar and vocabulary,Consolidate and build on their knowledge of grammar and vocabulary through:,Extending and applying the grammatical knowledge set out in English Appendix 2 to the key stage 1 and 2 programmes of study to analyse more challenging texts,7-DD.1,Irregular past tense: review,https://uk.ixl.com/english/year-7/irregular-past-tense-review
Key Stage 3,Year 7,Grammar and vocabulary,Consolidate and build on their knowledge of grammar and vocabulary through:,Extending and applying the grammatical knowledge set out in English Appendix 2 to the key stage 1 and 2 programmes of study to analyse more challenging texts,7-DD.2,"Simple past, present and future tense: review",https://uk.ixl.com/english/year-7/simple-past-present-and-future-tense-review
Key Stage 3,Year 7,Grammar and vocabulary,Consolidate and build on their knowledge of grammar and vocabulary through:,Extending and applying the grammatical knowledge set out in English Appendix 2 to the key stage 1 and 2 programmes of study to analyse more challenging texts,7-DD.6,Choose between the past tense and past participle,https://uk.ixl.com/english/year-7/choose-between-the-past-tense-and-past-participle
Key Stage 3,Year 7,Grammar and vocabulary,Consolidate and build on their knowledge of grammar and vocabulary through:,Extending and applying the grammatical knowledge set out in English Appendix 2 to the key stage 1 and 2 programmes of study to analyse more challenging texts,7-FF.4,Prepositions: review,https://uk.ixl.com/english/year-7/prepositions-review
Key Stage 3,Year 7,Grammar and vocabulary,Consolidate and build on their knowledge of grammar and vocabulary through:,"Drawing on new vocabulary and grammatical constructions from their reading and listening, and using these consciously in their writing and speech to achieve particular effects",7-K.3,Transitions with conjunctive adverbs,https://uk.ixl.com/english/year-7/transitions-with-conjunctive-adverbs
Key Stage 3,Year 7,Grammar and vocabulary,Consolidate and build on their knowledge of grammar and vocabulary through:,"Drawing on new vocabulary and grammatical constructions from their reading and listening, and using these consciously in their writing and speech to achieve particular effects",7-M.1,Use personification,https://uk.ixl.com/english/year-7/use-personification
Key Stage 3,Year 7,Grammar and vocabulary,Consolidate and build on their knowledge of grammar and vocabulary through:,"Drawing on new vocabulary and grammatical constructions from their reading and listening, and using these consciously in their writing and speech to achieve particular effects",7-R.1,Choose the synonym,https://uk.ixl.com/english/year-7/choose-the-synonym
Key Stage 3,Year 7,Grammar and vocabulary,Consolidate and build on their knowledge of grammar and vocabulary through:,"Drawing on new vocabulary and grammatical constructions from their reading and listening, and using these consciously in their writing and speech to achieve particular effects",7-R.3,Choose the antonym,https://uk.ixl.com/english/year-7/choose-the-antonym
Key Stage 3,Year 7,Grammar and vocabulary,Consolidate and build on their knowledge of grammar and vocabulary through:,"Drawing on new vocabulary and grammatical constructions from their reading and listening, and using these consciously in their writing and speech to achieve particular effects",7-X.8,Identify dependent and independent clauses,https://uk.ixl.com/english/year-7/identify-dependent-and-independent-clauses
Key Stage 3,Year 7,Grammar and vocabulary,Consolidate and build on their knowledge of grammar and vocabulary through:,"Drawing on new vocabulary and grammatical constructions from their reading and listening, and using these consciously in their writing and speech to achieve particular effects",7-X.9,"Is the sentence simple, compound or complex?",https://uk.ixl.com/english/year-7/is-the-sentence-simple-compound-or-complex
Key Stage 3,Year 7,Grammar and vocabulary,Consolidate and build on their knowledge of grammar and vocabulary through:,"Knowing and understanding the differences between spoken and written language, including differences associated with formal and informal registers, and between Standard English and other varieties of English",7-C.1,Which sentence is more formal?,https://uk.ixl.com/english/year-7/which-sentence-is-more-formal
Key Stage 3,Year 7,Grammar and vocabulary,Consolidate and build on their knowledge of grammar and vocabulary through:,Using Standard English confidently in their own writing and speech,7-Y.2,"Form plurals of nouns ending in f, fe, o and y",https://uk.ixl.com/english/year-7/form-plurals-of-nouns-ending-in-f-fe-o-and-y
Key Stage 3,Year 7,Grammar and vocabulary,Consolidate and build on their knowledge of grammar and vocabulary through:,Using Standard English confidently in their own writing and speech,7-Y.3,"Form and use plurals of nouns ending in f, fe, o and y",https://uk.ixl.com/english/year-7/form-and-use-plurals-of-nouns-ending-in-f-fe-o-and-y
Key Stage 3,Year 7,Grammar and vocabulary,Consolidate and build on their knowledge of grammar and vocabulary through:,Using Standard English confidently in their own writing and speech,7-Y.4,Form plurals: review,https://uk.ixl.com/english/year-7/form-plurals-review
Key Stage 3,Year 7,Grammar and vocabulary,Consolidate and build on their knowledge of grammar and vocabulary through:,Using Standard English confidently in their own writing and speech,7-Y.5,Form and use plurals: review,https://uk.ixl.com/english/year-7/form-and-use-plurals-review
Key Stage 3,Year 7,Grammar and vocabulary,Consolidate and build on their knowledge of grammar and vocabulary through:,Using Standard English confidently in their own writing and speech,7-Z.2,Use the pronoun that agrees with the antecedent,https://uk.ixl.com/english/year-7/use-the-pronoun-that-agrees-with-the-antecedent
Key Stage 3,Year 7,Grammar and vocabulary,Consolidate and build on their knowledge of grammar and vocabulary through:,Using Standard English confidently in their own writing and speech,7-AA.4,Use possessive pronouns,https://uk.ixl.com/english/year-7/use-possessive-pronouns
Key Stage 3,Year 7,Grammar and vocabulary,Consolidate and build on their knowledge of grammar and vocabulary through:,Using Standard English confidently in their own writing and speech,7-AA.6,Use reflexive pronouns,https://uk.ixl.com/english/year-7/use-reflexive-pronouns
Key Stage 3,Year 7,Grammar and vocabulary,Consolidate and build on their knowledge of grammar and vocabulary through:,Using Standard English confidently in their own writing and speech,7-BB.5,Use the correct modal verb,https://uk.ixl.com/english/year-7/use-the-correct-modal-verb
Key Stage 3,Year 7,Grammar and vocabulary,Consolidate and build on their knowledge of grammar and vocabulary through:,Using Standard English confidently in their own writing and speech,7-DD.4,Use the progressive verb tenses,https://uk.ixl.com/english/year-7/use-the-progressive-verb-tenses
Key Stage 3,Year 7,Grammar and vocabulary,Consolidate and build on their knowledge of grammar and vocabulary through:,Using Standard English confidently in their own writing and speech,7-DD.5,Form the progressive verb tenses,https://uk.ixl.com/english/year-7/form-the-progressive-verb-tenses
Key Stage 3,Year 7,Grammar and vocabulary,Consolidate and build on their knowledge of grammar and vocabulary through:,Using Standard English confidently in their own writing and speech,7-DD.7,Use the perfect verb tenses,https://uk.ixl.com/english/year-7/use-the-perfect-verb-tenses
Key Stage 3,Year 7,Grammar and vocabulary,Consolidate and build on their knowledge of grammar and vocabulary through:,Using Standard English confidently in their own writing and speech,7-DD.8,Form the perfect verb tenses,https://uk.ixl.com/english/year-7/form-the-perfect-verb-tenses
Key Stage 3,Year 7,Grammar and vocabulary,Consolidate and build on their knowledge of grammar and vocabulary through:,Using Standard English confidently in their own writing and speech,7-EE.7,Form and use comparative and superlative adjectives,https://uk.ixl.com/english/year-7/form-and-use-comparative-and-superlative-adjectives
Key Stage 3,Year 7,Grammar and vocabulary,Consolidate and build on their knowledge of grammar and vocabulary through:,Using Standard English confidently in their own writing and speech,7-EE.9,Form and use comparative and superlative adverbs,https://uk.ixl.com/english/year-7/form-and-use-comparative-and-superlative-adverbs
Key Stage 3,Year 7,Grammar and vocabulary,Consolidate and build on their knowledge of grammar and vocabulary through:,Using Standard English confidently in their own writing and speech,7-GG.1,Use coordinating conjunctions,https://uk.ixl.com/english/year-7/use-coordinating-conjunctions
Key Stage 3,Year 7,Grammar and vocabulary,Consolidate and build on their knowledge of grammar and vocabulary through:,Using Standard English confidently in their own writing and speech,7-GG.4,Use the correct pair of correlative conjunctions,https://uk.ixl.com/english/year-7/use-the-correct-pair-of-correlative-conjunctions
Key Stage 3,Year 7,Grammar and vocabulary,Consolidate and build on their knowledge of grammar and vocabulary through:,Using Standard English confidently in their own writing and speech,7-GG.5,Fill in the missing correlative conjunction,https://uk.ixl.com/english/year-7/fill-in-the-missing-correlative-conjunction
Key Stage 3,Year 8,Reading,"Develop an appreciation and love of reading, and read increasingly challenging material independently through:","Reading a wide range of fiction and non-fiction, including in particular whole books, short stories, poems and plays with a wide coverage of genres, historical periods, forms and authors. The range will include high-quality works from: English literature, both pre-1914 and contemporary, including prose, poetry and drama; Shakespeare (two plays); and seminal world literature",8-G.1,Analyse short stories,https://uk.ixl.com/english/year-8/analyse-short-stories
Key Stage 3,Year 8,Reading,"Develop an appreciation and love of reading, and read increasingly challenging material independently through:","Reading a wide range of fiction and non-fiction, including in particular whole books, short stories, poems and plays with a wide coverage of genres, historical periods, forms and authors. The range will include high-quality works from: English literature, both pre-1914 and contemporary, including prose, poetry and drama; Shakespeare (two plays); and seminal world literature",8-H.1,Read and understand informational passages,https://uk.ixl.com/english/year-8/read-and-understand-informational-passages
Key Stage 3,Year 8,Reading,"Develop an appreciation and love of reading, and read increasingly challenging material independently through:","Reading a wide range of fiction and non-fiction, including in particular whole books, short stories, poems and plays with a wide coverage of genres, historical periods, forms and authors. The range will include high-quality works from: English literature, both pre-1914 and contemporary, including prose, poetry and drama; Shakespeare (two plays); and seminal world literature",8-H.2,Trace an argument,https://uk.ixl.com/english/year-8/trace-an-argument
Key Stage 3,Year 8,Reading,Understand increasingly challenging texts through:,"Learning new vocabulary, relating it explicitly to known vocabulary and understanding it with the help of context and dictionaries",8-S.2,Which definition matches the sentence?,https://uk.ixl.com/english/year-8/which-definition-matches-the-sentence
Key Stage 3,Year 8,Reading,Understand increasingly challenging texts through:,"Learning new vocabulary, relating it explicitly to known vocabulary and understanding it with the help of context and dictionaries",8-S.3,Which sentence matches the definition?,https://uk.ixl.com/english/year-8/which-sentence-matches-the-definition
Key Stage 3,Year 8,Reading,Understand increasingly challenging texts through:,"Learning new vocabulary, relating it explicitly to known vocabulary and understanding it with the help of context and dictionaries",8-V.1,Find words using context,https://uk.ixl.com/english/year-8/find-words-using-context
Key Stage 3,Year 8,Reading,Understand increasingly challenging texts through:,"Learning new vocabulary, relating it explicitly to known vocabulary and understanding it with the help of context and dictionaries",8-V.2,Determine the meaning of words using synonyms in context,https://uk.ixl.com/english/year-8/determine-the-meaning-of-words-using-synonyms-in-context
Key Stage 3,Year 8,Reading,Understand increasingly challenging texts through:,"Learning new vocabulary, relating it explicitly to known vocabulary and understanding it with the help of context and dictionaries",8-V.3,Determine the meaning of words using antonyms in context,https://uk.ixl.com/english/year-8/determine-the-meaning-of-words-using-antonyms-in-context
Key Stage 3,Year 8,Reading,Understand increasingly challenging texts through:,"Learning new vocabulary, relating it explicitly to known vocabulary and understanding it with the help of context and dictionaries",8-V.4,Use context to identify the meaning of a word,https://uk.ixl.com/english/year-8/use-context-to-identify-the-meaning-of-a-word
Key Stage 3,Year 8,Reading,Understand increasingly challenging texts through:,"Learning new vocabulary, relating it explicitly to known vocabulary and understanding it with the help of context and dictionaries",8-W.1,Determine the meaning of domain-specific words with pictures,https://uk.ixl.com/english/year-8/determine-the-meaning-of-domain-specific-words-with-pictures
Key Stage 3,Year 8,Reading,Understand increasingly challenging texts through:,"Learning new vocabulary, relating it explicitly to known vocabulary and understanding it with the help of context and dictionaries",8-X.3,Use dictionary entries,https://uk.ixl.com/english/year-8/use-dictionary-entries
Key Stage 3,Year 8,Reading,Understand increasingly challenging texts through:,"Learning new vocabulary, relating it explicitly to known vocabulary and understanding it with the help of context and dictionaries",8-X.4,Use dictionary definitions,https://uk.ixl.com/english/year-8/use-dictionary-definitions
Key Stage 3,Year 8,Reading,Understand increasingly challenging texts through:,Making inferences and referring to evidence in the text,8-B.1,Match the quotations with their themes,https://uk.ixl.com/english/year-8/match-the-quotations-with-their-themes
Key Stage 3,Year 8,Reading,Understand increasingly challenging texts through:,Making inferences and referring to evidence in the text,8-B.2,Determine the themes of short stories,https://uk.ixl.com/english/year-8/determine-the-themes-of-short-stories
Key Stage 3,Year 8,Reading,Understand increasingly challenging texts through:,Making inferences and referring to evidence in the text,8-G.1,Analyse short stories,https://uk.ixl.com/english/year-8/analyse-short-stories
Key Stage 3,Year 8,Reading,Understand increasingly challenging texts through:,Making inferences and referring to evidence in the text,8-H.1,Read and understand informational passages,https://uk.ixl.com/english/year-8/read-and-understand-informational-passages
Key Stage 3,Year 8,Reading,Understand increasingly challenging texts through:,Making inferences and referring to evidence in the text,8-H.2,Trace an argument,https://uk.ixl.com/english/year-8/trace-an-argument
Key Stage 3,Year 8,Reading,Understand increasingly challenging texts through:,Making inferences and referring to evidence in the text,8-L.3,Identify supporting details in informational texts,https://uk.ixl.com/english/year-8/identify-supporting-details-in-informational-texts
Key Stage 3,Year 8,Reading,Understand increasingly challenging texts through:,Making inferences and referring to evidence in the text,8-L.4,Identify supporting details in literary texts,https://uk.ixl.com/english/year-8/identify-supporting-details-in-literary-texts
Key Stage 3,Year 8,Reading,Understand increasingly challenging texts through:,"Knowing the purpose, audience for and context of the writing and drawing on this knowledge to support comprehension",8-C.1,Identify the author's purpose,https://uk.ixl.com/english/year-8/identify-the-authors-purpose
Key Stage 3,Year 8,Reading,Understand increasingly challenging texts through:,Checking their understanding to make sure that what they have read makes sense,8-A.1,Determine the main idea of a passage,https://uk.ixl.com/english/year-8/determine-the-main-idea-of-a-passage
Key Stage 3,Year 8,Reading,Read critically through:,"Knowing how language, including figurative language, vocabulary choice, grammar, text structure and organisational features, presents meaning",8-E.1,Compare and contrast in informational texts,https://uk.ixl.com/english/year-8/compare-and-contrast-in-informational-texts
Key Stage 3,Year 8,Reading,Read critically through:,"Knowing how language, including figurative language, vocabulary choice, grammar, text structure and organisational features, presents meaning",8-E.2,Match causes and effects in informational texts,https://uk.ixl.com/english/year-8/match-causes-and-effects-in-informational-texts
Key Stage 3,Year 8,Reading,Read critically through:,"Knowing how language, including figurative language, vocabulary choice, grammar, text structure and organisational features, presents meaning",8-E.3,Match problems with their solutions,https://uk.ixl.com/english/year-8/match-problems-with-their-solutions
Key Stage 3,Year 8,Reading,Read critically through:,"Knowing how language, including figurative language, vocabulary choice, grammar, text structure and organisational features, presents meaning",8-E.4,Identify text structures,https://uk.ixl.com/english/year-8/identify-text-structures
Key Stage 3,Year 8,Reading,Read critically through:,"Knowing how language, including figurative language, vocabulary choice, grammar, text structure and organisational features, presents meaning",8-F.3,Interpret figures of speech,https://uk.ixl.com/english/year-8/interpret-figures-of-speech
Key Stage 3,Year 8,Reading,Read critically through:,"Knowing how language, including figurative language, vocabulary choice, grammar, text structure and organisational features, presents meaning",8-F.5,Analyse the effects of figures of speech on meaning and tone,https://uk.ixl.com/english/year-8/analyse-the-effects-of-figures-of-speech-on-meaning-and-tone
Key Stage 3,Year 8,Reading,Read critically through:,"Knowing how language, including figurative language, vocabulary choice, grammar, text structure and organisational features, presents meaning",8-T.1,Describe the difference between related words,https://uk.ixl.com/english/year-8/describe-the-difference-between-related-words
Key Stage 3,Year 8,Reading,Read critically through:,"Knowing how language, including figurative language, vocabulary choice, grammar, text structure and organisational features, presents meaning",8-T.2,Positive and negative connotation,https://uk.ixl.com/english/year-8/positive-and-negative-connotation
Key Stage 3,Year 8,Reading,Read critically through:,"Knowing how language, including figurative language, vocabulary choice, grammar, text structure and organisational features, presents meaning",8-U.1,Analogies,https://uk.ixl.com/english/year-8/analogies
Key Stage 3,Year 8,Reading,Read critically through:,"Knowing how language, including figurative language, vocabulary choice, grammar, text structure and organisational features, presents meaning",8-U.2,Analogies: challenge,https://uk.ixl.com/english/year-8/analogies-challenge
Key Stage 3,Year 8,Reading,Read critically through:,"Studying setting, plot, and characterisation, and the effects of these",8-G.1,Analyse short stories,https://uk.ixl.com/english/year-8/analyse-short-stories
Key Stage 3,Year 8,Reading,Read critically through:,Making critical comparisons across texts,8-C.3,Compare passages for tone,https://uk.ixl.com/english/year-8/compare-passages-for-tone
Key Stage 3,Year 8,Reading,Read critically through:,Making critical comparisons across texts,8-E.1,Compare and contrast in informational texts,https://uk.ixl.com/english/year-8/compare-and-contrast-in-informational-texts
Key Stage 3,Year 8,Reading,Read critically through:,Making critical comparisons across texts,8-I.1,Compare two texts with different genres,https://uk.ixl.com/english/year-8/compare-two-texts-with-different-genres
Key Stage 3,Year 8,Reading,Read critically through:,Making critical comparisons across texts,8-J.1,Compare illustrations of literary and historical subjects,https://uk.ixl.com/english/year-8/compare-illustrations-of-literary-and-historical-subjects
Key Stage 3,Year 8,Writing,"Write accurately, fluently, effectively and at length for pleasure and information through:","Writing for a wide range of purposes and audiences, including: well-structured formal expository and narrative essays; stories, scripts, poetry and other imaginative writing; notes and polished scripts for talks and presentations; and a range of other narrative and non-narrative texts, including arguments, and personal and formal letters",8-C.1,Identify the author's purpose,https://uk.ixl.com/english/year-8/identify-the-authors-purpose
Key Stage 3,Year 8,Writing,"Write accurately, fluently, effectively and at length for pleasure and information through:","Summarising and organising material, and supporting ideas and arguments with any necessary factual detail",8-K.1,Order topics from broadest to narrowest,https://uk.ixl.com/english/year-8/order-topics-from-broadest-to-narrowest
Key Stage 3,Year 8,Writing,"Write accurately, fluently, effectively and at length for pleasure and information through:","Summarising and organising material, and supporting ideas and arguments with any necessary factual detail",8-K.2,Organise information by topic,https://uk.ixl.com/english/year-8/organise-information-by-topic
Key Stage 3,Year 8,Writing,"Write accurately, fluently, effectively and at length for pleasure and information through:","Summarising and organising material, and supporting ideas and arguments with any necessary factual detail",8-L.1,Distinguish facts from opinions,https://uk.ixl.com/english/year-8/distinguish-facts-from-opinions
Key Stage 3,Year 8,Writing,"Write accurately, fluently, effectively and at length for pleasure and information through:","Summarising and organising material, and supporting ideas and arguments with any necessary factual detail",8-L.2,Choose evidence to support a claim,https://uk.ixl.com/english/year-8/choose-evidence-to-support-a-claim
Key Stage 3,Year 8,Writing,"Write accurately, fluently, effectively and at length for pleasure and information through:","Summarising and organising material, and supporting ideas and arguments with any necessary factual detail",8-L.3,Identify supporting details in informational texts,https://uk.ixl.com/english/year-8/identify-supporting-details-in-informational-texts
Key Stage 3,Year 8,Writing,"Write accurately, fluently, effectively and at length for pleasure and information through:","Summarising and organising material, and supporting ideas and arguments with any necessary factual detail",8-L.4,Identify supporting details in literary texts,https://uk.ixl.com/english/year-8/identify-supporting-details-in-literary-texts
Key Stage 3,Year 8,Writing,"Write accurately, fluently, effectively and at length for pleasure and information through:","Applying their growing knowledge of vocabulary, grammar and text structure to their writing and selecting the appropriate form",8-E.4,Identify text structures,https://uk.ixl.com/english/year-8/identify-text-structures
Key Stage 3,Year 8,Writing,"Write accurately, fluently, effectively and at length for pleasure and information through:","Applying their growing knowledge of vocabulary, grammar and text structure to their writing and selecting the appropriate form",8-K.3,Transitions with conjunctive adverbs,https://uk.ixl.com/english/year-8/transitions-with-conjunctive-adverbs
Key Stage 3,Year 8,Writing,"Write accurately, fluently, effectively and at length for pleasure and information through:","Applying their growing knowledge of vocabulary, grammar and text structure to their writing and selecting the appropriate form",8-T.1,Describe the difference between related words,https://uk.ixl.com/english/year-8/describe-the-difference-between-related-words
Key Stage 3,Year 8,Writing,"Write accurately, fluently, effectively and at length for pleasure and information through:","Applying their growing knowledge of vocabulary, grammar and text structure to their writing and selecting the appropriate form",8-T.2,Positive and negative connotation,https://uk.ixl.com/english/year-8/positive-and-negative-connotation
Key Stage 3,Year 8,Writing,"Write accurately, fluently, effectively and at length for pleasure and information through:","Applying their growing knowledge of vocabulary, grammar and text structure to their writing and selecting the appropriate form",8-JJ.1,Use the correct pair of correlative conjunctions,https://uk.ixl.com/english/year-8/use-the-correct-pair-of-correlative-conjunctions
Key Stage 3,Year 8,Writing,"Write accurately, fluently, effectively and at length for pleasure and information through:",Drawing on knowledge of literary and rhetorical devices from their reading and listening to enhance the impact of their writing,8-M.1,Use personification,https://uk.ixl.com/english/year-8/use-personification
Key Stage 3,Year 8,Writing,"Plan, draft, edit and proof-read through:",Considering how their writing reflects the audiences and purposes for which it was intended,8-C.1,Identify the author's purpose,https://uk.ixl.com/english/year-8/identify-the-authors-purpose
Key Stage 3,Year 8,Writing,"Plan, draft, edit and proof-read through:","Amending the vocabulary, grammar and structure of their writing to improve its coherence and overall effectiveness",8-Y.5,Is it a complete sentence or a fragment?,https://uk.ixl.com/english/year-8/is-it-a-complete-sentence-or-a-fragment
Key Stage 3,Year 8,Writing,"Plan, draft, edit and proof-read through:","Amending the vocabulary, grammar and structure of their writing to improve its coherence and overall effectiveness",8-Y.6,Is it a complete sentence or a run-on?,https://uk.ixl.com/english/year-8/is-it-a-complete-sentence-or-a-run-on
Key Stage 3,Year 8,Writing,"Plan, draft, edit and proof-read through:","Amending the vocabulary, grammar and structure of their writing to improve its coherence and overall effectiveness",8-Y.7,"Is it a complete sentence, a fragment or a run-on?",https://uk.ixl.com/english/year-8/is-it-a-complete-sentence-a-fragment-or-a-run-on
Key Stage 3,Year 8,Writing,"Plan, draft, edit and proof-read through:","Paying attention to accurate grammar, punctuation and spelling; applying the spelling patterns and rules set out in English Appendix 1 to the key stage 1 and 2 programmes of study for English",8-N.3,Use the correct frequently confused word,https://uk.ixl.com/english/year-8/use-the-correct-frequently-confused-word
Key Stage 3,Year 8,Writing,"Plan, draft, edit and proof-read through:","Paying attention to accurate grammar, punctuation and spelling; applying the spelling patterns and rules set out in English Appendix 1 to the key stage 1 and 2 programmes of study for English",8-N.4,Correct errors with frequently confused words,https://uk.ixl.com/english/year-8/correct-errors-with-frequently-confused-words
Key Stage 3,Year 8,Writing,"Plan, draft, edit and proof-read through:","Paying attention to accurate grammar, punctuation and spelling; applying the spelling patterns and rules set out in English Appendix 1 to the key stage 1 and 2 programmes of study for English",8-S.1,Use the correct homophone,https://uk.ixl.com/english/year-8/use-the-correct-homophone
Key Stage 3,Year 8,Writing,"Plan, draft, edit and proof-read through:","Paying attention to accurate grammar, punctuation and spelling; applying the spelling patterns and rules set out in English Appendix 1 to the key stage 1 and 2 programmes of study for English",8-Y.5,Is it a complete sentence or a fragment?,https://uk.ixl.com/english/year-8/is-it-a-complete-sentence-or-a-fragment
Key Stage 3,Year 8,Writing,"Plan, draft, edit and proof-read through:","Paying attention to accurate grammar, punctuation and spelling; applying the spelling patterns and rules set out in English Appendix 1 to the key stage 1 and 2 programmes of study for English",8-Y.6,Is it a complete sentence or a run-on?,https://uk.ixl.com/english/year-8/is-it-a-complete-sentence-or-a-run-on
Key Stage 3,Year 8,Writing,"Plan, draft, edit and proof-read through:","Paying attention to accurate grammar, punctuation and spelling; applying the spelling patterns and rules set out in English Appendix 1 to the key stage 1 and 2 programmes of study for English",8-Y.7,"Is it a complete sentence, a fragment or a run-on?",https://uk.ixl.com/english/year-8/is-it-a-complete-sentence-a-fragment-or-a-run-on
Key Stage 3,Year 8,Writing,"Plan, draft, edit and proof-read through:","Paying attention to accurate grammar, punctuation and spelling; applying the spelling patterns and rules set out in English Appendix 1 to the key stage 1 and 2 programmes of study for English",8-BB.3,Identify vague pronoun references,https://uk.ixl.com/english/year-8/identify-vague-pronoun-references
Key Stage 3,Year 8,Writing,"Plan, draft, edit and proof-read through:","Paying attention to accurate grammar, punctuation and spelling; applying the spelling patterns and rules set out in English Appendix 1 to the key stage 1 and 2 programmes of study for English",8-BB.5,Correct inappropriate shifts in pronoun number and person,https://uk.ixl.com/english/year-8/correct-inappropriate-shifts-in-pronoun-number-and-person
Key Stage 3,Year 8,Writing,"Plan, draft, edit and proof-read through:","Paying attention to accurate grammar, punctuation and spelling; applying the spelling patterns and rules set out in English Appendix 1 to the key stage 1 and 2 programmes of study for English",8-CC.5,Use reflexive pronouns,https://uk.ixl.com/english/year-8/use-reflexive-pronouns
Key Stage 3,Year 8,Writing,"Plan, draft, edit and proof-read through:","Paying attention to accurate grammar, punctuation and spelling; applying the spelling patterns and rules set out in English Appendix 1 to the key stage 1 and 2 programmes of study for English",8-CC.8,"Use relative pronouns: who, whom, whose, which and that",https://uk.ixl.com/english/year-8/use-relative-pronouns-who-whom-whose-which-and-that
Key Stage 3,Year 8,Writing,"Plan, draft, edit and proof-read through:","Paying attention to accurate grammar, punctuation and spelling; applying the spelling patterns and rules set out in English Appendix 1 to the key stage 1 and 2 programmes of study for English",8-EE.1,Correct errors with subject-verb agreement,https://uk.ixl.com/english/year-8/correct-errors-with-subject-verb-agreement
Key Stage 3,Year 8,Writing,"Plan, draft, edit and proof-read through:","Paying attention to accurate grammar, punctuation and spelling; applying the spelling patterns and rules set out in English Appendix 1 to the key stage 1 and 2 programmes of study for English",8-EE.2,Correct errors with indefinite pronoun-verb agreement,https://uk.ixl.com/english/year-8/correct-errors-with-indefinite-pronoun-verb-agreement
Key Stage 3,Year 8,Writing,"Plan, draft, edit and proof-read through:","Paying attention to accurate grammar, punctuation and spelling; applying the spelling patterns and rules set out in English Appendix 1 to the key stage 1 and 2 programmes of study for English",8-EE.3,Use the correct verb – with compound subjects,https://uk.ixl.com/english/year-8/use-the-correct-verb-with-compound-subjects
Key Stage 3,Year 8,Writing,"Plan, draft, edit and proof-read through:","Paying attention to accurate grammar, punctuation and spelling; applying the spelling patterns and rules set out in English Appendix 1 to the key stage 1 and 2 programmes of study for English",8-FF.3,Identify and correct inappropriate shifts in verb tense,https://uk.ixl.com/english/year-8/identify-and-correct-inappropriate-shifts-in-verb-tense
Key Stage 3,Year 8,Writing,"Plan, draft, edit and proof-read through:","Paying attention to accurate grammar, punctuation and spelling; applying the spelling patterns and rules set out in English Appendix 1 to the key stage 1 and 2 programmes of study for English",8-GG.4,Choose between adjectives and adverbs,https://uk.ixl.com/english/year-8/choose-between-adjectives-and-adverbs
Key Stage 3,Year 8,Writing,"Plan, draft, edit and proof-read through:","Paying attention to accurate grammar, punctuation and spelling; applying the spelling patterns and rules set out in English Appendix 1 to the key stage 1 and 2 programmes of study for English",8-GG.7,"Good, better, best, bad, worse and worst",https://uk.ixl.com/english/year-8/good-better-best-bad-worse-and-worst
Key Stage 3,Year 8,Writing,"Plan, draft, edit and proof-read through:","Paying attention to accurate grammar, punctuation and spelling; applying the spelling patterns and rules set out in English Appendix 1 to the key stage 1 and 2 programmes of study for English",8-GG.9,"Well, better, best, badly, worse and worst",https://uk.ixl.com/english/year-8/well-better-best-badly-worse-and-worst
Key Stage 3,Year 8,Writing,"Plan, draft, edit and proof-read through:","Paying attention to accurate grammar, punctuation and spelling; applying the spelling patterns and rules set out in English Appendix 1 to the key stage 1 and 2 programmes of study for English",8-KK.1,Misplaced modifiers with pictures,https://uk.ixl.com/english/year-8/misplaced-modifiers-with-pictures
Key Stage 3,Year 8,Writing,"Plan, draft, edit and proof-read through:","Paying attention to accurate grammar, punctuation and spelling; applying the spelling patterns and rules set out in English Appendix 1 to the key stage 1 and 2 programmes of study for English",8-KK.2,Select the misplaced or dangling modifier,https://uk.ixl.com/english/year-8/select-the-misplaced-or-dangling-modifier
Key Stage 3,Year 8,Writing,"Plan, draft, edit and proof-read through:","Paying attention to accurate grammar, punctuation and spelling; applying the spelling patterns and rules set out in English Appendix 1 to the key stage 1 and 2 programmes of study for English",8-KK.3,Are the modifiers used correctly?,https://uk.ixl.com/english/year-8/are-the-modifiers-used-correctly
Key Stage 3,Year 8,Writing,"Plan, draft, edit and proof-read through:","Paying attention to accurate grammar, punctuation and spelling; applying the spelling patterns and rules set out in English Appendix 1 to the key stage 1 and 2 programmes of study for English",8-LL.1,Commas with non-restrictive elements,https://uk.ixl.com/english/year-8/commas-with-non-restrictive-elements
Key Stage 3,Year 8,Writing,"Plan, draft, edit and proof-read through:","Paying attention to accurate grammar, punctuation and spelling; applying the spelling patterns and rules set out in English Appendix 1 to the key stage 1 and 2 programmes of study for English",8-MM.1,Commas with compound and complex sentences,https://uk.ixl.com/english/year-8/commas-with-compound-and-complex-sentences
Key Stage 3,Year 8,Writing,"Plan, draft, edit and proof-read through:","Paying attention to accurate grammar, punctuation and spelling; applying the spelling patterns and rules set out in English Appendix 1 to the key stage 1 and 2 programmes of study for English",8-MM.2,"Commas with direct addresses, introductory words, interjections and interrupters",https://uk.ixl.com/english/year-8/commas-with-direct-addresses-introductory-words-interjections-and-interrupters
Key Stage 3,Year 8,Writing,"Plan, draft, edit and proof-read through:","Paying attention to accurate grammar, punctuation and spelling; applying the spelling patterns and rules set out in English Appendix 1 to the key stage 1 and 2 programmes of study for English",8-MM.3,Commas with coordinate adjectives,https://uk.ixl.com/english/year-8/commas-with-coordinate-adjectives
Key Stage 3,Year 8,Writing,"Plan, draft, edit and proof-read through:","Paying attention to accurate grammar, punctuation and spelling; applying the spelling patterns and rules set out in English Appendix 1 to the key stage 1 and 2 programmes of study for English",8-NN.1,Use semicolons and commas to separate clauses,https://uk.ixl.com/english/year-8/use-semicolons-and-commas-to-separate-clauses
Key Stage 3,Year 8,Writing,"Plan, draft, edit and proof-read through:","Paying attention to accurate grammar, punctuation and spelling; applying the spelling patterns and rules set out in English Appendix 1 to the key stage 1 and 2 programmes of study for English",8-OO.1,Use dashes,https://uk.ixl.com/english/year-8/use-dashes
Key Stage 3,Year 8,Writing,"Plan, draft, edit and proof-read through:","Paying attention to accurate grammar, punctuation and spelling; applying the spelling patterns and rules set out in English Appendix 1 to the key stage 1 and 2 programmes of study for English",8-OO.2,Use hyphens in compound adjectives,https://uk.ixl.com/english/year-8/use-hyphens-in-compound-adjectives
Key Stage 3,Year 8,Writing,"Plan, draft, edit and proof-read through:","Paying attention to accurate grammar, punctuation and spelling; applying the spelling patterns and rules set out in English Appendix 1 to the key stage 1 and 2 programmes of study for English",8-PP.1,Correct capitalisation errors,https://uk.ixl.com/english/year-8/correct-capitalisation-errors
Key Stage 3,Year 8,Grammar and vocabulary,Consolidate and build on their knowledge of grammar and vocabulary through:,Extending and applying the grammatical knowledge set out in English Appendix 2 to the key stage 1 and 2 programmes of study to analyse more challenging texts,8-Y.1,"Is the sentence declarative, interrogative, imperative or exclamatory?",https://uk.ixl.com/english/year-8/is-the-sentence-declarative-interrogative-imperative-or-exclamatory
Key Stage 3,Year 8,Grammar and vocabulary,Consolidate and build on their knowledge of grammar and vocabulary through:,Extending and applying the grammatical knowledge set out in English Appendix 2 to the key stage 1 and 2 programmes of study to analyse more challenging texts,8-Y.2,Identify the complete subject or complete predicate of a sentence,https://uk.ixl.com/english/year-8/identify-the-complete-subject-or-complete-predicate-of-a-sentence
Key Stage 3,Year 8,Grammar and vocabulary,Consolidate and build on their knowledge of grammar and vocabulary through:,Extending and applying the grammatical knowledge set out in English Appendix 2 to the key stage 1 and 2 programmes of study to analyse more challenging texts,8-Y.3,Identify the simple subject or simple predicate of a sentence,https://uk.ixl.com/english/year-8/identify-the-simple-subject-or-simple-predicate-of-a-sentence
Key Stage 3,Year 8,Grammar and vocabulary,Consolidate and build on their knowledge of grammar and vocabulary through:,Extending and applying the grammatical knowledge set out in English Appendix 2 to the key stage 1 and 2 programmes of study to analyse more challenging texts,8-Y.4,Identify the compound subject or compound predicate of a sentence,https://uk.ixl.com/english/year-8/identify-the-compound-subject-or-compound-predicate-of-a-sentence
Key Stage 3,Year 8,Grammar and vocabulary,Consolidate and build on their knowledge of grammar and vocabulary through:,Extending and applying the grammatical knowledge set out in English Appendix 2 to the key stage 1 and 2 programmes of study to analyse more challenging texts,8-Z.1,Is it a phrase or a clause?,https://uk.ixl.com/english/year-8/is-it-a-phrase-or-a-clause
Key Stage 3,Year 8,Grammar and vocabulary,Consolidate and build on their knowledge of grammar and vocabulary through:,Extending and applying the grammatical knowledge set out in English Appendix 2 to the key stage 1 and 2 programmes of study to analyse more challenging texts,8-Z.3,Identify dependent and independent clauses,https://uk.ixl.com/english/year-8/identify-dependent-and-independent-clauses
Key Stage 3,Year 8,Grammar and vocabulary,Consolidate and build on their knowledge of grammar and vocabulary through:,Extending and applying the grammatical knowledge set out in English Appendix 2 to the key stage 1 and 2 programmes of study to analyse more challenging texts,8-Z.4,"Is the sentence simple, compound, complex or compound-complex?",https://uk.ixl.com/english/year-8/is-the-sentence-simple-compound-complex-or-compound-complex
Key Stage 3,Year 8,Grammar and vocabulary,Consolidate and build on their knowledge of grammar and vocabulary through:,Extending and applying the grammatical knowledge set out in English Appendix 2 to the key stage 1 and 2 programmes of study to analyse more challenging texts,8-CC.1,Choose between subject and object pronouns,https://uk.ixl.com/english/year-8/choose-between-subject-and-object-pronouns
Key Stage 3,Year 8,Grammar and vocabulary,Consolidate and build on their knowledge of grammar and vocabulary through:,Extending and applying the grammatical knowledge set out in English Appendix 2 to the key stage 1 and 2 programmes of study to analyse more challenging texts,8-CC.2,Compound subjects and objects with 'I' and 'me',https://uk.ixl.com/english/year-8/compound-subjects-and-objects-with-i-and-me
Key Stage 3,Year 8,Grammar and vocabulary,Consolidate and build on their knowledge of grammar and vocabulary through:,Extending and applying the grammatical knowledge set out in English Appendix 2 to the key stage 1 and 2 programmes of study to analyse more challenging texts,8-CC.3,Compound subjects and objects with pronouns,https://uk.ixl.com/english/year-8/compound-subjects-and-objects-with-pronouns
Key Stage 3,Year 8,Grammar and vocabulary,Consolidate and build on their knowledge of grammar and vocabulary through:,Extending and applying the grammatical knowledge set out in English Appendix 2 to the key stage 1 and 2 programmes of study to analyse more challenging texts,8-CC.4,Choose between personal and reflexive pronouns,https://uk.ixl.com/english/year-8/choose-between-personal-and-reflexive-pronouns
Key Stage 3,Year 8,Grammar and vocabulary,Consolidate and build on their knowledge of grammar and vocabulary through:,Extending and applying the grammatical knowledge set out in English Appendix 2 to the key stage 1 and 2 programmes of study to analyse more challenging texts,8-CC.6,Is the pronoun reflexive or intensive?,https://uk.ixl.com/english/year-8/is-the-pronoun-reflexive-or-intensive
Key Stage 3,Year 8,Grammar and vocabulary,Consolidate and build on their knowledge of grammar and vocabulary through:,"Drawing on new vocabulary and grammatical constructions from their reading and listening, and using these consciously in their writing and speech to achieve particular effects",8-K.3,Transitions with conjunctive adverbs,https://uk.ixl.com/english/year-8/transitions-with-conjunctive-adverbs
Key Stage 3,Year 8,Grammar and vocabulary,Consolidate and build on their knowledge of grammar and vocabulary through:,"Drawing on new vocabulary and grammatical constructions from their reading and listening, and using these consciously in their writing and speech to achieve particular effects",8-M.1,Use personification,https://uk.ixl.com/english/year-8/use-personification
Key Stage 3,Year 8,Grammar and vocabulary,Consolidate and build on their knowledge of grammar and vocabulary through:,"Drawing on new vocabulary and grammatical constructions from their reading and listening, and using these consciously in their writing and speech to achieve particular effects",8-R.1,Choose the synonym,https://uk.ixl.com/english/year-8/choose-the-synonym
Key Stage 3,Year 8,Grammar and vocabulary,Consolidate and build on their knowledge of grammar and vocabulary through:,"Drawing on new vocabulary and grammatical constructions from their reading and listening, and using these consciously in their writing and speech to achieve particular effects",8-R.2,Choose the antonym,https://uk.ixl.com/english/year-8/choose-the-antonym
Key Stage 3,Year 8,Grammar and vocabulary,Consolidate and build on their knowledge of grammar and vocabulary through:,"Drawing on new vocabulary and grammatical constructions from their reading and listening, and using these consciously in their writing and speech to achieve particular effects",8-Z.3,Identify dependent and independent clauses,https://uk.ixl.com/english/year-8/identify-dependent-and-independent-clauses
Key Stage 3,Year 8,Grammar and vocabulary,Consolidate and build on their knowledge of grammar and vocabulary through:,"Drawing on new vocabulary and grammatical constructions from their reading and listening, and using these consciously in their writing and speech to achieve particular effects",8-Z.4,"Is the sentence simple, compound, complex or compound-complex?",https://uk.ixl.com/english/year-8/is-the-sentence-simple-compound-complex-or-compound-complex
Key Stage 3,Year 8,Grammar and vocabulary,Consolidate and build on their knowledge of grammar and vocabulary through:,"Knowing and understanding the differences between spoken and written language, including differences associated with formal and informal registers, and between Standard English and other varieties of English",8-C.2,Which sentence is more formal?,https://uk.ixl.com/english/year-8/which-sentence-is-more-formal
Key Stage 3,Year 8,Grammar and vocabulary,Consolidate and build on their knowledge of grammar and vocabulary through:,Using Standard English confidently in their own writing and speech,8-AA.1,Form and use plurals: review,https://uk.ixl.com/english/year-8/form-and-use-plurals-review
Key Stage 3,Year 8,Grammar and vocabulary,Consolidate and build on their knowledge of grammar and vocabulary through:,Using Standard English confidently in their own writing and speech,8-AA.2,Form and use plurals of compound nouns,https://uk.ixl.com/english/year-8/form-and-use-plurals-of-compound-nouns
Key Stage 3,Year 8,Grammar and vocabulary,Consolidate and build on their knowledge of grammar and vocabulary through:,Using Standard English confidently in their own writing and speech,8-BB.2,Use the pronoun that agrees with the antecedent,https://uk.ixl.com/english/year-8/use-the-pronoun-that-agrees-with-the-antecedent
Key Stage 3,Year 8,Grammar and vocabulary,Consolidate and build on their knowledge of grammar and vocabulary through:,Using Standard English confidently in their own writing and speech,8-CC.5,Use reflexive pronouns,https://uk.ixl.com/english/year-8/use-reflexive-pronouns
Key Stage 3,Year 8,Grammar and vocabulary,Consolidate and build on their knowledge of grammar and vocabulary through:,Using Standard English confidently in their own writing and speech,8-FF.4,Form the progressive verb tenses,https://uk.ixl.com/english/year-8/form-the-progressive-verb-tenses
Key Stage 3,Year 8,Grammar and vocabulary,Consolidate and build on their knowledge of grammar and vocabulary through:,Using Standard English confidently in their own writing and speech,8-FF.5,Form the perfect verb tenses,https://uk.ixl.com/english/year-8/form-the-perfect-verb-tenses
Key Stage 3,Year 8,Grammar and vocabulary,Consolidate and build on their knowledge of grammar and vocabulary through:,Using Standard English confidently in their own writing and speech,8-GG.6,Form and use comparative and superlative adjectives,https://uk.ixl.com/english/year-8/form-and-use-comparative-and-superlative-adjectives
Key Stage 3,Year 8,Grammar and vocabulary,Consolidate and build on their knowledge of grammar and vocabulary through:,Using Standard English confidently in their own writing and speech,8-GG.8,Form and use comparative and superlative adverbs,https://uk.ixl.com/english/year-8/form-and-use-comparative-and-superlative-adverbs
Key Stage 3,Year 8,Grammar and vocabulary,Consolidate and build on their knowledge of grammar and vocabulary through:,Using Standard English confidently in their own writing and speech,8-JJ.1,Use the correct pair of correlative conjunctions,https://uk.ixl.com/english/year-8/use-the-correct-pair-of-correlative-conjunctions
Key Stage 3,Year 9,Reading,"Develop an appreciation and love of reading, and read increasingly challenging material independently through:","Reading a wide range of fiction and non-fiction, including in particular whole books, short stories, poems and plays with a wide coverage of genres, historical periods, forms and authors. The range will include high-quality works from: English literature, both pre-1914 and contemporary, including prose, poetry and drama; Shakespeare (two plays); and seminal world literature",9-G.1,Analyse short stories,https://uk.ixl.com/english/year-9/analyse-short-stories
Key Stage 3,Year 9,Reading,"Develop an appreciation and love of reading, and read increasingly challenging material independently through:","Reading a wide range of fiction and non-fiction, including in particular whole books, short stories, poems and plays with a wide coverage of genres, historical periods, forms and authors. The range will include high-quality works from: English literature, both pre-1914 and contemporary, including prose, poetry and drama; Shakespeare (two plays); and seminal world literature",9-H.1,Read and understand informational passages,https://uk.ixl.com/english/year-9/read-and-understand-informational-passages
Key Stage 3,Year 9,Reading,"Develop an appreciation and love of reading, and read increasingly challenging material independently through:","Reading a wide range of fiction and non-fiction, including in particular whole books, short stories, poems and plays with a wide coverage of genres, historical periods, forms and authors. The range will include high-quality works from: English literature, both pre-1914 and contemporary, including prose, poetry and drama; Shakespeare (two plays); and seminal world literature",9-H.2,Trace an argument,https://uk.ixl.com/english/year-9/trace-an-argument
Key Stage 3,Year 9,Reading,Understand increasingly challenging texts through:,"Learning new vocabulary, relating it explicitly to known vocabulary and understanding it with the help of context and dictionaries",9-U.2,Which definition matches the sentence?,https://uk.ixl.com/english/year-9/which-definition-matches-the-sentence
Key Stage 3,Year 9,Reading,Understand increasingly challenging texts through:,"Learning new vocabulary, relating it explicitly to known vocabulary and understanding it with the help of context and dictionaries",9-U.3,Which sentence matches the definition?,https://uk.ixl.com/english/year-9/which-sentence-matches-the-definition
Key Stage 3,Year 9,Reading,Understand increasingly challenging texts through:,"Learning new vocabulary, relating it explicitly to known vocabulary and understanding it with the help of context and dictionaries",9-W.1,Find words using context,https://uk.ixl.com/english/year-9/find-words-using-context
Key Stage 3,Year 9,Reading,Understand increasingly challenging texts through:,"Learning new vocabulary, relating it explicitly to known vocabulary and understanding it with the help of context and dictionaries",9-W.2,Determine the meaning of words using synonyms in context,https://uk.ixl.com/english/year-9/determine-the-meaning-of-words-using-synonyms-in-context
Key Stage 3,Year 9,Reading,Understand increasingly challenging texts through:,"Learning new vocabulary, relating it explicitly to known vocabulary and understanding it with the help of context and dictionaries",9-W.3,Determine the meaning of words using antonyms in context,https://uk.ixl.com/english/year-9/determine-the-meaning-of-words-using-antonyms-in-context
Key Stage 3,Year 9,Reading,Understand increasingly challenging texts through:,"Learning new vocabulary, relating it explicitly to known vocabulary and understanding it with the help of context and dictionaries",9-W.4,Use context to identify the meaning of a word,https://uk.ixl.com/english/year-9/use-context-to-identify-the-meaning-of-a-word
Key Stage 3,Year 9,Reading,Understand increasingly challenging texts through:,"Learning new vocabulary, relating it explicitly to known vocabulary and understanding it with the help of context and dictionaries",9-X.1,Determine the meaning of domain-specific words with pictures,https://uk.ixl.com/english/year-9/determine-the-meaning-of-domain-specific-words-with-pictures
Key Stage 3,Year 9,Reading,Understand increasingly challenging texts through:,"Learning new vocabulary, relating it explicitly to known vocabulary and understanding it with the help of context and dictionaries",9-Y.3,Use dictionary entries,https://uk.ixl.com/english/year-9/use-dictionary-entries
Key Stage 3,Year 9,Reading,Understand increasingly challenging texts through:,"Learning new vocabulary, relating it explicitly to known vocabulary and understanding it with the help of context and dictionaries",9-Y.4,Use dictionary definitions,https://uk.ixl.com/english/year-9/use-dictionary-definitions
Key Stage 3,Year 9,Reading,Understand increasingly challenging texts through:,Making inferences and referring to evidence in the text,9-B.1,Match the quotations with their themes,https://uk.ixl.com/english/year-9/match-the-quotations-with-their-themes
Key Stage 3,Year 9,Reading,Understand increasingly challenging texts through:,Making inferences and referring to evidence in the text,9-B.2,Determine the themes of short stories,https://uk.ixl.com/english/year-9/determine-the-themes-of-short-stories
Key Stage 3,Year 9,Reading,Understand increasingly challenging texts through:,Making inferences and referring to evidence in the text,9-G.1,Analyse short stories,https://uk.ixl.com/english/year-9/analyse-short-stories
Key Stage 3,Year 9,Reading,Understand increasingly challenging texts through:,Making inferences and referring to evidence in the text,9-H.1,Read and understand informational passages,https://uk.ixl.com/english/year-9/read-and-understand-informational-passages
Key Stage 3,Year 9,Reading,Understand increasingly challenging texts through:,Making inferences and referring to evidence in the text,9-H.2,Trace an argument,https://uk.ixl.com/english/year-9/trace-an-argument
Key Stage 3,Year 9,Reading,Understand increasingly challenging texts through:,Making inferences and referring to evidence in the text,9-L.3,Identify supporting details in informational texts,https://uk.ixl.com/english/year-9/identify-supporting-details-in-informational-texts
Key Stage 3,Year 9,Reading,Understand increasingly challenging texts through:,Making inferences and referring to evidence in the text,9-L.4,Identify supporting details in literary texts,https://uk.ixl.com/english/year-9/identify-supporting-details-in-literary-texts
Key Stage 3,Year 9,Reading,Understand increasingly challenging texts through:,"Knowing the purpose, audience for and context of the writing and drawing on this knowledge to support comprehension",9-C.1,Identify the author's purpose,https://uk.ixl.com/english/year-9/identify-the-authors-purpose
Key Stage 3,Year 9,Reading,Understand increasingly challenging texts through:,Checking their understanding to make sure that what they have read makes sense,9-A.1,Determine the main idea of a passage,https://uk.ixl.com/english/year-9/determine-the-main-idea-of-a-passage
Key Stage 3,Year 9,Reading,Read critically through:,"Knowing how language, including figurative language, vocabulary choice, grammar, text structure and organisational features, presents meaning",9-E.1,Compare and contrast in informational texts,https://uk.ixl.com/english/year-9/compare-and-contrast-in-informational-texts
Key Stage 3,Year 9,Reading,Read critically through:,"Knowing how language, including figurative language, vocabulary choice, grammar, text structure and organisational features, presents meaning",9-E.2,Match causes and effects in informational texts,https://uk.ixl.com/english/year-9/match-causes-and-effects-in-informational-texts
Key Stage 3,Year 9,Reading,Read critically through:,"Knowing how language, including figurative language, vocabulary choice, grammar, text structure and organisational features, presents meaning",9-E.3,Match problems with their solutions,https://uk.ixl.com/english/year-9/match-problems-with-their-solutions
Key Stage 3,Year 9,Reading,Read critically through:,"Knowing how language, including figurative language, vocabulary choice, grammar, text structure and organisational features, presents meaning",9-E.4,Identify text structures,https://uk.ixl.com/english/year-9/identify-text-structures
Key Stage 3,Year 9,Reading,Read critically through:,"Knowing how language, including figurative language, vocabulary choice, grammar, text structure and organisational features, presents meaning",9-F.3,Interpret figures of speech,https://uk.ixl.com/english/year-9/interpret-figures-of-speech
Key Stage 3,Year 9,Reading,Read critically through:,"Knowing how language, including figurative language, vocabulary choice, grammar, text structure and organisational features, presents meaning",9-F.5,Analyse the effects of figures of speech on meaning and tone,https://uk.ixl.com/english/year-9/analyse-the-effects-of-figures-of-speech-on-meaning-and-tone
Key Stage 3,Year 9,Reading,Read critically through:,"Knowing how language, including figurative language, vocabulary choice, grammar, text structure and organisational features, presents meaning",9-T.1,Describe the difference between related words,https://uk.ixl.com/english/year-9/describe-the-difference-between-related-words
Key Stage 3,Year 9,Reading,Read critically through:,"Knowing how language, including figurative language, vocabulary choice, grammar, text structure and organisational features, presents meaning",9-T.2,Positive and negative connotation,https://uk.ixl.com/english/year-9/positive-and-negative-connotation
Key Stage 3,Year 9,Reading,Read critically through:,"Knowing how language, including figurative language, vocabulary choice, grammar, text structure and organisational features, presents meaning",9-V.1,Analogies,https://uk.ixl.com/english/year-9/analogies
Key Stage 3,Year 9,Reading,Read critically through:,"Knowing how language, including figurative language, vocabulary choice, grammar, text structure and organisational features, presents meaning",9-V.2,Analogies: challenge,https://uk.ixl.com/english/year-9/analogies-challenge
Key Stage 3,Year 9,Reading,Read critically through:,"Studying setting, plot, and characterisation, and the effects of these",9-G.1,Analyse short stories,https://uk.ixl.com/english/year-9/analyse-short-stories
Key Stage 3,Year 9,Reading,Read critically through:,Making critical comparisons across texts,9-C.3,Compare passages for tone,https://uk.ixl.com/english/year-9/compare-passages-for-tone
Key Stage 3,Year 9,Reading,Read critically through:,Making critical comparisons across texts,9-E.1,Compare and contrast in informational texts,https://uk.ixl.com/english/year-9/compare-and-contrast-in-informational-texts
Key Stage 3,Year 9,Reading,Read critically through:,Making critical comparisons across texts,9-I.1,Compare two texts with different genres,https://uk.ixl.com/english/year-9/compare-two-texts-with-different-genres
Key Stage 3,Year 9,Reading,Read critically through:,Making critical comparisons across texts,9-J.1,Compare illustrations of literary and historical subjects,https://uk.ixl.com/english/year-9/compare-illustrations-of-literary-and-historical-subjects
Key Stage 3,Year 9,Writing,"Write accurately, fluently, effectively and at length for pleasure and information through:","Writing for a wide range of purposes and audiences, including: well-structured formal expository and narrative essays; stories, scripts, poetry and other imaginative writing; notes and polished scripts for talks and presentations; and a  range of other narrative and non-narrative texts, including arguments, and personal and formal letters",9-C.1,Identify the author's purpose,https://uk.ixl.com/english/year-9/identify-the-authors-purpose
Key Stage 3,Year 9,Writing,"Write accurately, fluently, effectively and at length for pleasure and information through:","Summarising and organising material, and supporting ideas and arguments with any necessary factual detail",9-K.1,Order topics from broadest to narrowest,https://uk.ixl.com/english/year-9/order-topics-from-broadest-to-narrowest
Key Stage 3,Year 9,Writing,"Write accurately, fluently, effectively and at length for pleasure and information through:","Summarising and organising material, and supporting ideas and arguments with any necessary factual detail",9-K.2,Organise information by topic,https://uk.ixl.com/english/year-9/organise-information-by-topic
Key Stage 3,Year 9,Writing,"Write accurately, fluently, effectively and at length for pleasure and information through:","Summarising and organising material, and supporting ideas and arguments with any necessary factual detail",9-L.1,Distinguish facts from opinions,https://uk.ixl.com/english/year-9/distinguish-facts-from-opinions
Key Stage 3,Year 9,Writing,"Write accurately, fluently, effectively and at length for pleasure and information through:","Summarising and organising material, and supporting ideas and arguments with any necessary factual detail",9-L.2,Choose evidence to support a claim,https://uk.ixl.com/english/year-9/choose-evidence-to-support-a-claim
Key Stage 3,Year 9,Writing,"Write accurately, fluently, effectively and at length for pleasure and information through:","Summarising and organising material, and supporting ideas and arguments with any necessary factual detail",9-L.3,Identify supporting details in informational texts,https://uk.ixl.com/english/year-9/identify-supporting-details-in-informational-texts
Key Stage 3,Year 9,Writing,"Write accurately, fluently, effectively and at length for pleasure and information through:","Summarising and organising material, and supporting ideas and arguments with any necessary factual detail",9-L.4,Identify supporting details in literary texts,https://uk.ixl.com/english/year-9/identify-supporting-details-in-literary-texts
Key Stage 3,Year 9,Writing,"Write accurately, fluently, effectively and at length for pleasure and information through:","Applying their growing knowledge of vocabulary, grammar and text structure to their writing and selecting the appropriate form",9-E.4,Identify text structures,https://uk.ixl.com/english/year-9/identify-text-structures
Key Stage 3,Year 9,Writing,"Write accurately, fluently, effectively and at length for pleasure and information through:","Applying their growing knowledge of vocabulary, grammar and text structure to their writing and selecting the appropriate form",9-K.3,Transitions with conjunctive adverbs,https://uk.ixl.com/english/year-9/transitions-with-conjunctive-adverbs
Key Stage 3,Year 9,Writing,"Write accurately, fluently, effectively and at length for pleasure and information through:","Applying their growing knowledge of vocabulary, grammar and text structure to their writing and selecting the appropriate form",9-T.1,Describe the difference between related words,https://uk.ixl.com/english/year-9/describe-the-difference-between-related-words
Key Stage 3,Year 9,Writing,"Write accurately, fluently, effectively and at length for pleasure and information through:","Applying their growing knowledge of vocabulary, grammar and text structure to their writing and selecting the appropriate form",9-T.2,Positive and negative connotation,https://uk.ixl.com/english/year-9/positive-and-negative-connotation
Key Stage 3,Year 9,Writing,"Write accurately, fluently, effectively and at length for pleasure and information through:","Applying their growing knowledge of vocabulary, grammar and text structure to their writing and selecting the appropriate form",9-KK.1,Use the correct pair of correlative conjunctions,https://uk.ixl.com/english/year-9/use-the-correct-pair-of-correlative-conjunctions
Key Stage 3,Year 9,Writing,"Write accurately, fluently, effectively and at length for pleasure and information through:",Drawing on knowledge of literary and rhetorical devices from their reading and listening to enhance the impact of their writing,9-M.1,Use personification,https://uk.ixl.com/english/year-9/use-personification
Key Stage 3,Year 9,Writing,"Plan, draft, edit and proof-read through:",Considering how their writing reflects the audiences and purposes for which it was intended,9-C.1,Identify the author's purpose,https://uk.ixl.com/english/year-9/identify-the-authors-purpose
Key Stage 3,Year 9,Writing,"Plan, draft, edit and proof-read through:","Amending the vocabulary, grammar and structure of their writing to improve its coherence and overall effectiveness",9-Z.5,Is it a complete sentence or a fragment?,https://uk.ixl.com/english/year-9/is-it-a-complete-sentence-or-a-fragment
Key Stage 3,Year 9,Writing,"Plan, draft, edit and proof-read through:","Amending the vocabulary, grammar and structure of their writing to improve its coherence and overall effectiveness",9-Z.6,Is it a complete sentence or a run-on?,https://uk.ixl.com/english/year-9/is-it-a-complete-sentence-or-a-run-on
Key Stage 3,Year 9,Writing,"Plan, draft, edit and proof-read through:","Amending the vocabulary, grammar and structure of their writing to improve its coherence and overall effectiveness",9-Z.7,"Is it a complete sentence, a fragment or a run-on?",https://uk.ixl.com/english/year-9/is-it-a-complete-sentence-a-fragment-or-a-run-on
Key Stage 3,Year 9,Writing,"Plan, draft, edit and proof-read through:","Paying attention to accurate grammar, punctuation and spelling; applying the spelling patterns and rules set out in English Appendix 1 to the key stage 1 and 2 programmes of study for English",9-O.3,Use the correct frequently confused word,https://uk.ixl.com/english/year-9/use-the-correct-frequently-confused-word
Key Stage 3,Year 9,Writing,"Plan, draft, edit and proof-read through:","Paying attention to accurate grammar, punctuation and spelling; applying the spelling patterns and rules set out in English Appendix 1 to the key stage 1 and 2 programmes of study for English",9-O.4,Correct errors with frequently confused words,https://uk.ixl.com/english/year-9/correct-errors-with-frequently-confused-words
Key Stage 3,Year 9,Writing,"Plan, draft, edit and proof-read through:","Paying attention to accurate grammar, punctuation and spelling; applying the spelling patterns and rules set out in English Appendix 1 to the key stage 1 and 2 programmes of study for English",9-U.1,Use the correct homophone,https://uk.ixl.com/english/year-9/use-the-correct-homophone
Key Stage 3,Year 9,Writing,"Plan, draft, edit and proof-read through:","Paying attention to accurate grammar, punctuation and spelling; applying the spelling patterns and rules set out in English Appendix 1 to the key stage 1 and 2 programmes of study for English",9-Z.5,Is it a complete sentence or a fragment?,https://uk.ixl.com/english/year-9/is-it-a-complete-sentence-or-a-fragment
Key Stage 3,Year 9,Writing,"Plan, draft, edit and proof-read through:","Paying attention to accurate grammar, punctuation and spelling; applying the spelling patterns and rules set out in English Appendix 1 to the key stage 1 and 2 programmes of study for English",9-Z.6,Is it a complete sentence or a run-on?,https://uk.ixl.com/english/year-9/is-it-a-complete-sentence-or-a-run-on
Key Stage 3,Year 9,Writing,"Plan, draft, edit and proof-read through:","Paying attention to accurate grammar, punctuation and spelling; applying the spelling patterns and rules set out in English Appendix 1 to the key stage 1 and 2 programmes of study for English",9-Z.7,"Is it a complete sentence, a fragment or a run-on?",https://uk.ixl.com/english/year-9/is-it-a-complete-sentence-a-fragment-or-a-run-on
Key Stage 3,Year 9,Writing,"Plan, draft, edit and proof-read through:","Paying attention to accurate grammar, punctuation and spelling; applying the spelling patterns and rules set out in English Appendix 1 to the key stage 1 and 2 programmes of study for English",9-CC.3,Correct inappropriate shifts in pronoun number and person,https://uk.ixl.com/english/year-9/correct-inappropriate-shifts-in-pronoun-number-and-person
Key Stage 3,Year 9,Writing,"Plan, draft, edit and proof-read through:","Paying attention to accurate grammar, punctuation and spelling; applying the spelling patterns and rules set out in English Appendix 1 to the key stage 1 and 2 programmes of study for English",9-CC.4,Identify vague pronoun references,https://uk.ixl.com/english/year-9/identify-vague-pronoun-references
Key Stage 3,Year 9,Writing,"Plan, draft, edit and proof-read through:","Paying attention to accurate grammar, punctuation and spelling; applying the spelling patterns and rules set out in English Appendix 1 to the key stage 1 and 2 programmes of study for English",9-DD.5,Use reflexive pronouns,https://uk.ixl.com/english/year-9/use-reflexive-pronouns
Key Stage 3,Year 9,Writing,"Plan, draft, edit and proof-read through:","Paying attention to accurate grammar, punctuation and spelling; applying the spelling patterns and rules set out in English Appendix 1 to the key stage 1 and 2 programmes of study for English",9-DD.8,"Use relative pronouns: who, whom, whose, which and that",https://uk.ixl.com/english/year-9/use-relative-pronouns-who-whom-whose-which-and-that
Key Stage 3,Year 9,Writing,"Plan, draft, edit and proof-read through:","Paying attention to accurate grammar, punctuation and spelling; applying the spelling patterns and rules set out in English Appendix 1 to the key stage 1 and 2 programmes of study for English",9-FF.1,Correct errors with subject-verb agreement,https://uk.ixl.com/english/year-9/correct-errors-with-subject-verb-agreement
Key Stage 3,Year 9,Writing,"Plan, draft, edit and proof-read through:","Paying attention to accurate grammar, punctuation and spelling; applying the spelling patterns and rules set out in English Appendix 1 to the key stage 1 and 2 programmes of study for English",9-FF.2,Correct errors with indefinite pronoun-verb agreement,https://uk.ixl.com/english/year-9/correct-errors-with-indefinite-pronoun-verb-agreement
Key Stage 3,Year 9,Writing,"Plan, draft, edit and proof-read through:","Paying attention to accurate grammar, punctuation and spelling; applying the spelling patterns and rules set out in English Appendix 1 to the key stage 1 and 2 programmes of study for English",9-FF.3,Use the correct verb – with compound subjects,https://uk.ixl.com/english/year-9/use-the-correct-verb-with-compound-subjects
Key Stage 3,Year 9,Writing,"Plan, draft, edit and proof-read through:","Paying attention to accurate grammar, punctuation and spelling; applying the spelling patterns and rules set out in English Appendix 1 to the key stage 1 and 2 programmes of study for English",9-GG.3,Identify and correct inappropriate shifts in verb tense,https://uk.ixl.com/english/year-9/identify-and-correct-inappropriate-shifts-in-verb-tense
Key Stage 3,Year 9,Writing,"Plan, draft, edit and proof-read through:","Paying attention to accurate grammar, punctuation and spelling; applying the spelling patterns and rules set out in English Appendix 1 to the key stage 1 and 2 programmes of study for English",9-HH.4,Choose between adjectives and adverbs,https://uk.ixl.com/english/year-9/choose-between-adjectives-and-adverbs
Key Stage 3,Year 9,Writing,"Plan, draft, edit and proof-read through:","Paying attention to accurate grammar, punctuation and spelling; applying the spelling patterns and rules set out in English Appendix 1 to the key stage 1 and 2 programmes of study for English",9-HH.7,"Good, better, best, bad, worse and worst",https://uk.ixl.com/english/year-9/good-better-best-bad-worse-and-worst
Key Stage 3,Year 9,Writing,"Plan, draft, edit and proof-read through:","Paying attention to accurate grammar, punctuation and spelling; applying the spelling patterns and rules set out in English Appendix 1 to the key stage 1 and 2 programmes of study for English",9-HH.9,"Well, better, best, badly, worse and worst",https://uk.ixl.com/english/year-9/well-better-best-badly-worse-and-worst
Key Stage 3,Year 9,Writing,"Plan, draft, edit and proof-read through:","Paying attention to accurate grammar, punctuation and spelling; applying the spelling patterns and rules set out in English Appendix 1 to the key stage 1 and 2 programmes of study for English",9-LL.1,Misplaced modifiers with pictures,https://uk.ixl.com/english/year-9/misplaced-modifiers-with-pictures
Key Stage 3,Year 9,Writing,"Plan, draft, edit and proof-read through:","Paying attention to accurate grammar, punctuation and spelling; applying the spelling patterns and rules set out in English Appendix 1 to the key stage 1 and 2 programmes of study for English",9-LL.2,Select the misplaced or dangling modifier,https://uk.ixl.com/english/year-9/select-the-misplaced-or-dangling-modifier
Key Stage 3,Year 9,Writing,"Plan, draft, edit and proof-read through:","Paying attention to accurate grammar, punctuation and spelling; applying the spelling patterns and rules set out in English Appendix 1 to the key stage 1 and 2 programmes of study for English",9-LL.3,Are the modifiers used correctly?,https://uk.ixl.com/english/year-9/are-the-modifiers-used-correctly
Key Stage 3,Year 9,Writing,"Plan, draft, edit and proof-read through:","Paying attention to accurate grammar, punctuation and spelling; applying the spelling patterns and rules set out in English Appendix 1 to the key stage 1 and 2 programmes of study for English",9-MM.1,Commas with non-restrictive elements,https://uk.ixl.com/english/year-9/commas-with-non-restrictive-elements
Key Stage 3,Year 9,Writing,"Plan, draft, edit and proof-read through:","Paying attention to accurate grammar, punctuation and spelling; applying the spelling patterns and rules set out in English Appendix 1 to the key stage 1 and 2 programmes of study for English",9-NN.1,Commas with compound and complex sentences,https://uk.ixl.com/english/year-9/commas-with-compound-and-complex-sentences
Key Stage 3,Year 9,Writing,"Plan, draft, edit and proof-read through:","Paying attention to accurate grammar, punctuation and spelling; applying the spelling patterns and rules set out in English Appendix 1 to the key stage 1 and 2 programmes of study for English",9-NN.2,"Commas with direct addresses, introductory words, interjections and interrupters",https://uk.ixl.com/english/year-9/commas-with-direct-addresses-introductory-words-interjections-and-interrupters
Key Stage 3,Year 9,Writing,"Plan, draft, edit and proof-read through:","Paying attention to accurate grammar, punctuation and spelling; applying the spelling patterns and rules set out in English Appendix 1 to the key stage 1 and 2 programmes of study for English",9-NN.3,Commas with coordinate adjectives,https://uk.ixl.com/english/year-9/commas-with-coordinate-adjectives
Key Stage 3,Year 9,Writing,"Plan, draft, edit and proof-read through:","Paying attention to accurate grammar, punctuation and spelling; applying the spelling patterns and rules set out in English Appendix 1 to the key stage 1 and 2 programmes of study for English",9-OO.1,Use semicolons and commas to separate clauses,https://uk.ixl.com/english/year-9/use-semicolons-and-commas-to-separate-clauses
Key Stage 3,Year 9,Writing,"Plan, draft, edit and proof-read through:","Paying attention to accurate grammar, punctuation and spelling; applying the spelling patterns and rules set out in English Appendix 1 to the key stage 1 and 2 programmes of study for English",9-PP.1,Use dashes,https://uk.ixl.com/english/year-9/use-dashes
Key Stage 3,Year 9,Writing,"Plan, draft, edit and proof-read through:","Paying attention to accurate grammar, punctuation and spelling; applying the spelling patterns and rules set out in English Appendix 1 to the key stage 1 and 2 programmes of study for English",9-PP.2,Use hyphens in compound adjectives,https://uk.ixl.com/english/year-9/use-hyphens-in-compound-adjectives
Key Stage 3,Year 9,Writing,"Plan, draft, edit and proof-read through:","Paying attention to accurate grammar, punctuation and spelling; applying the spelling patterns and rules set out in English Appendix 1 to the key stage 1 and 2 programmes of study for English",9-QQ.1,Correct capitalisation errors,https://uk.ixl.com/english/year-9/correct-capitalisation-errors
Key Stage 3,Year 9,Grammar and vocabulary,Consolidate and build on their knowledge of grammar and vocabulary through:,Extending and applying the grammatical knowledge set out in English Appendix 2 to the key stage 1 and 2 programmes of study to analyse more challenging texts,9-Z.1,"Is the sentence declarative, interrogative, imperative or exclamatory?",https://uk.ixl.com/english/year-9/is-the-sentence-declarative-interrogative-imperative-or-exclamatory
Key Stage 3,Year 9,Grammar and vocabulary,Consolidate and build on their knowledge of grammar and vocabulary through:,Extending and applying the grammatical knowledge set out in English Appendix 2 to the key stage 1 and 2 programmes of study to analyse more challenging texts,9-Z.2,Identify the complete subject or complete predicate of a sentence,https://uk.ixl.com/english/year-9/identify-the-complete-subject-or-complete-predicate-of-a-sentence
Key Stage 3,Year 9,Grammar and vocabulary,Consolidate and build on their knowledge of grammar and vocabulary through:,Extending and applying the grammatical knowledge set out in English Appendix 2 to the key stage 1 and 2 programmes of study to analyse more challenging texts,9-Z.3,Identify the simple subject or simple predicate of a sentence,https://uk.ixl.com/english/year-9/identify-the-simple-subject-or-simple-predicate-of-a-sentence
Key Stage 3,Year 9,Grammar and vocabulary,Consolidate and build on their knowledge of grammar and vocabulary through:,Extending and applying the grammatical knowledge set out in English Appendix 2 to the key stage 1 and 2 programmes of study to analyse more challenging texts,9-Z.4,Identify the compound subject or compound predicate of a sentence,https://uk.ixl.com/english/year-9/identify-the-compound-subject-or-compound-predicate-of-a-sentence
Key Stage 3,Year 9,Grammar and vocabulary,Consolidate and build on their knowledge of grammar and vocabulary through:,Extending and applying the grammatical knowledge set out in English Appendix 2 to the key stage 1 and 2 programmes of study to analyse more challenging texts,9-AA.1,Is it a phrase or a clause?,https://uk.ixl.com/english/year-9/is-it-a-phrase-or-a-clause
Key Stage 3,Year 9,Grammar and vocabulary,Consolidate and build on their knowledge of grammar and vocabulary through:,Extending and applying the grammatical knowledge set out in English Appendix 2 to the key stage 1 and 2 programmes of study to analyse more challenging texts,9-AA.3,Identify dependent and independent clauses,https://uk.ixl.com/english/year-9/identify-dependent-and-independent-clauses
Key Stage 3,Year 9,Grammar and vocabulary,Consolidate and build on their knowledge of grammar and vocabulary through:,Extending and applying the grammatical knowledge set out in English Appendix 2 to the key stage 1 and 2 programmes of study to analyse more challenging texts,9-DD.1,Choose between subject and object pronouns,https://uk.ixl.com/english/year-9/choose-between-subject-and-object-pronouns
Key Stage 3,Year 9,Grammar and vocabulary,Consolidate and build on their knowledge of grammar and vocabulary through:,Extending and applying the grammatical knowledge set out in English Appendix 2 to the key stage 1 and 2 programmes of study to analyse more challenging texts,9-DD.2,Compound subjects and objects with 'I' and 'me',https://uk.ixl.com/english/year-9/compound-subjects-and-objects-with-i-and-me
Key Stage 3,Year 9,Grammar and vocabulary,Consolidate and build on their knowledge of grammar and vocabulary through:,Extending and applying the grammatical knowledge set out in English Appendix 2 to the key stage 1 and 2 programmes of study to analyse more challenging texts,9-DD.3,Compound subjects and objects with pronouns,https://uk.ixl.com/english/year-9/compound-subjects-and-objects-with-pronouns
Key Stage 3,Year 9,Grammar and vocabulary,Consolidate and build on their knowledge of grammar and vocabulary through:,Extending and applying the grammatical knowledge set out in English Appendix 2 to the key stage 1 and 2 programmes of study to analyse more challenging texts,9-DD.4,Choose between personal and reflexive pronouns,https://uk.ixl.com/english/year-9/choose-between-personal-and-reflexive-pronouns
Key Stage 3,Year 9,Grammar and vocabulary,Consolidate and build on their knowledge of grammar and vocabulary through:,Extending and applying the grammatical knowledge set out in English Appendix 2 to the key stage 1 and 2 programmes of study to analyse more challenging texts,9-DD.6,Is the pronoun reflexive or intensive?,https://uk.ixl.com/english/year-9/is-the-pronoun-reflexive-or-intensive
Key Stage 3,Year 9,Grammar and vocabulary,Consolidate and build on their knowledge of grammar and vocabulary through:,"Drawing on new vocabulary and grammatical constructions from their reading and listening, and using these consciously in their writing and speech to achieve particular effects",9-K.3,Transitions with conjunctive adverbs,https://uk.ixl.com/english/year-9/transitions-with-conjunctive-adverbs
Key Stage 3,Year 9,Grammar and vocabulary,Consolidate and build on their knowledge of grammar and vocabulary through:,"Drawing on new vocabulary and grammatical constructions from their reading and listening, and using these consciously in their writing and speech to achieve particular effects",9-M.1,Use personification,https://uk.ixl.com/english/year-9/use-personification
Key Stage 3,Year 9,Grammar and vocabulary,Consolidate and build on their knowledge of grammar and vocabulary through:,"Drawing on new vocabulary and grammatical constructions from their reading and listening, and using these consciously in their writing and speech to achieve particular effects",9-S.1,Choose the synonym,https://uk.ixl.com/english/year-9/choose-the-synonym
Key Stage 3,Year 9,Grammar and vocabulary,Consolidate and build on their knowledge of grammar and vocabulary through:,"Drawing on new vocabulary and grammatical constructions from their reading and listening, and using these consciously in their writing and speech to achieve particular effects",9-S.2,Choose the antonym,https://uk.ixl.com/english/year-9/choose-the-antonym
Key Stage 3,Year 9,Grammar and vocabulary,Consolidate and build on their knowledge of grammar and vocabulary through:,"Drawing on new vocabulary and grammatical constructions from their reading and listening, and using these consciously in their writing and speech to achieve particular effects",9-AA.3,Identify dependent and independent clauses,https://uk.ixl.com/english/year-9/identify-dependent-and-independent-clauses
Key Stage 3,Year 9,Grammar and vocabulary,Consolidate and build on their knowledge of grammar and vocabulary through:,"Drawing on new vocabulary and grammatical constructions from their reading and listening, and using these consciously in their writing and speech to achieve particular effects",9-AA.4,"Is the sentence simple, compound, complex or compound-complex?",https://uk.ixl.com/english/year-9/is-the-sentence-simple-compound-complex-or-compound-complex
Key Stage 3,Year 9,Grammar and vocabulary,Consolidate and build on their knowledge of grammar and vocabulary through:,"Knowing and understanding the differences between spoken and written language, including differences associated with formal and informal registers, and between Standard English and other varieties of English",9-C.2,Which sentence is more formal?,https://uk.ixl.com/english/year-9/which-sentence-is-more-formal
Key Stage 3,Year 9,Grammar and vocabulary,Consolidate and build on their knowledge of grammar and vocabulary through:,Using Standard English confidently in their own writing and speech,9-BB.1,Form and use plurals: review,https://uk.ixl.com/english/year-9/form-and-use-plurals-review
Key Stage 3,Year 9,Grammar and vocabulary,Consolidate and build on their knowledge of grammar and vocabulary through:,Using Standard English confidently in their own writing and speech,9-BB.2,Form and use plurals of compound nouns,https://uk.ixl.com/english/year-9/form-and-use-plurals-of-compound-nouns
Key Stage 3,Year 9,Grammar and vocabulary,Consolidate and build on their knowledge of grammar and vocabulary through:,Using Standard English confidently in their own writing and speech,9-CC.2,Use the pronoun that agrees with the antecedent,https://uk.ixl.com/english/year-9/use-the-pronoun-that-agrees-with-the-antecedent
Key Stage 3,Year 9,Grammar and vocabulary,Consolidate and build on their knowledge of grammar and vocabulary through:,Using Standard English confidently in their own writing and speech,9-DD.5,Use reflexive pronouns,https://uk.ixl.com/english/year-9/use-reflexive-pronouns
Key Stage 3,Year 9,Grammar and vocabulary,Consolidate and build on their knowledge of grammar and vocabulary through:,Using Standard English confidently in their own writing and speech,9-GG.4,Form the progressive verb tenses,https://uk.ixl.com/english/year-9/form-the-progressive-verb-tenses
Key Stage 3,Year 9,Grammar and vocabulary,Consolidate and build on their knowledge of grammar and vocabulary through:,Using Standard English confidently in their own writing and speech,9-GG.5,Form the perfect verb tenses,https://uk.ixl.com/english/year-9/form-the-perfect-verb-tenses
Key Stage 3,Year 9,Grammar and vocabulary,Consolidate and build on their knowledge of grammar and vocabulary through:,Using Standard English confidently in their own writing and speech,9-HH.6,Form and use comparative and superlative adjectives,https://uk.ixl.com/english/year-9/form-and-use-comparative-and-superlative-adjectives
Key Stage 3,Year 9,Grammar and vocabulary,Consolidate and build on their knowledge of grammar and vocabulary through:,Using Standard English confidently in their own writing and speech,9-HH.8,Form and use comparative and superlative adverbs,https://uk.ixl.com/english/year-9/form-and-use-comparative-and-superlative-adverbs
Key Stage 3,Year 9,Grammar and vocabulary,Consolidate and build on their knowledge of grammar and vocabulary through:,Using Standard English confidently in their own writing and speech,9-KK.1,Use the correct pair of correlative conjunctions,https://uk.ixl.com/english/year-9/use-the-correct-pair-of-correlative-conjunctions
Key Stage 4 (GCSE),Year 10,Reading,Understand and critically evaluate texts through:,"Reading in different ways for different purposes, summarising and synthesising ideas and information, and evaluating their usefulness for particular purposes",10-A.1,Determine the main idea of a passage,https://uk.ixl.com/english/year-10/determine-the-main-idea-of-a-passage
Key Stage 4 (GCSE),Year 10,Reading,Understand and critically evaluate texts through:,"Reading in different ways for different purposes, summarising and synthesising ideas and information, and evaluating their usefulness for particular purposes",10-B.1,Which text is most formal?,https://uk.ixl.com/english/year-10/which-text-is-most-formal
Key Stage 4 (GCSE),Year 10,Reading,Understand and critically evaluate texts through:,"Reading in different ways for different purposes, summarising and synthesising ideas and information, and evaluating their usefulness for particular purposes",10-B.2,Identify audience and purpose,https://uk.ixl.com/english/year-10/identify-audience-and-purpose
Key Stage 4 (GCSE),Year 10,Reading,Understand and critically evaluate texts through:,"Drawing on knowledge of the purpose, audience for and context of the writing, including its social, historical and cultural context and the literary tradition to which it belongs, to inform evaluation",10-B.2,Identify audience and purpose,https://uk.ixl.com/english/year-10/identify-audience-and-purpose
Key Stage 4 (GCSE),Year 10,Reading,Understand and critically evaluate texts through:,"Drawing on knowledge of the purpose, audience for and context of the writing, including its social, historical and cultural context and the literary tradition to which it belongs, to inform evaluation",10-E.5,Analyse rhetorical strategies in historical texts: set 1,https://uk.ixl.com/english/year-10/analyse-rhetorical-strategies-in-historical-texts-set-1
Key Stage 4 (GCSE),Year 10,Reading,Understand and critically evaluate texts through:,"Drawing on knowledge of the purpose, audience for and context of the writing, including its social, historical and cultural context and the literary tradition to which it belongs, to inform evaluation",10-E.6,Analyse rhetorical strategies in historical texts: set 2,https://uk.ixl.com/english/year-10/analyse-rhetorical-strategies-in-historical-texts-set-2
Key Stage 4 (GCSE),Year 10,Reading,Understand and critically evaluate texts through:,"Identifying and interpreting themes, ideas and information",10-A.1,Determine the main idea of a passage,https://uk.ixl.com/english/year-10/determine-the-main-idea-of-a-passage
Key Stage 4 (GCSE),Year 10,Reading,Understand and critically evaluate texts through:,"Identifying and interpreting themes, ideas and information",10-D.1,Match the quotations with their themes,https://uk.ixl.com/english/year-10/match-the-quotations-with-their-themes
Key Stage 4 (GCSE),Year 10,Reading,Understand and critically evaluate texts through:,"Identifying and interpreting themes, ideas and information",10-E.1,Analyse the development of informational passages: set 1,https://uk.ixl.com/english/year-10/analyse-the-development-of-informational-passages-set-1
Key Stage 4 (GCSE),Year 10,Reading,Understand and critically evaluate texts through:,"Identifying and interpreting themes, ideas and information",10-E.2,Analyse the development of informational passages: set 2,https://uk.ixl.com/english/year-10/analyse-the-development-of-informational-passages-set-2
Key Stage 4 (GCSE),Year 10,Reading,Understand and critically evaluate texts through:,"Identifying and interpreting themes, ideas and information",10-E.3,Trace an argument: set 1,https://uk.ixl.com/english/year-10/trace-an-argument-set-1
Key Stage 4 (GCSE),Year 10,Reading,Understand and critically evaluate texts through:,"Identifying and interpreting themes, ideas and information",10-E.4,Trace an argument: set 2,https://uk.ixl.com/english/year-10/trace-an-argument-set-2
Key Stage 4 (GCSE),Year 10,Reading,Understand and critically evaluate texts through:,"Exploring aspects of plot, characterisation, events and settings, the relationships between them and their effects",10-D.2,Analyse short stories: set 1,https://uk.ixl.com/english/year-10/analyse-short-stories-set-1
Key Stage 4 (GCSE),Year 10,Reading,Understand and critically evaluate texts through:,"Exploring aspects of plot, characterisation, events and settings, the relationships between them and their effects",10-D.3,Analyse short stories: set 2,https://uk.ixl.com/english/year-10/analyse-short-stories-set-2
Key Stage 4 (GCSE),Year 10,Reading,Understand and critically evaluate texts through:,"Seeking evidence in the text to support a point of view, including justifying inferences with evidence",10-E.3,Trace an argument: set 1,https://uk.ixl.com/english/year-10/trace-an-argument-set-1
Key Stage 4 (GCSE),Year 10,Reading,Understand and critically evaluate texts through:,"Seeking evidence in the text to support a point of view, including justifying inferences with evidence",10-E.4,Trace an argument: set 2,https://uk.ixl.com/english/year-10/trace-an-argument-set-2
Key Stage 4 (GCSE),Year 10,Reading,Understand and critically evaluate texts through:,"Seeking evidence in the text to support a point of view, including justifying inferences with evidence",10-H.4,Identify supporting evidence in a text,https://uk.ixl.com/english/year-10/identify-supporting-evidence-in-a-text
Key Stage 4 (GCSE),Year 10,Reading,Understand and critically evaluate texts through:,"Distinguishing between statements that are supported by evidence and those that are not, and identifying bias and misuse of evidence",10-H.1,Distinguish facts from opinions,https://uk.ixl.com/english/year-10/distinguish-facts-from-opinions
Key Stage 4 (GCSE),Year 10,Reading,Understand and critically evaluate texts through:,"Distinguishing between statements that are supported by evidence and those that are not, and identifying bias and misuse of evidence",10-H.2,Identify stronger and weaker evidence to support a claim,https://uk.ixl.com/english/year-10/identify-stronger-and-weaker-evidence-to-support-a-claim
Key Stage 4 (GCSE),Year 10,Reading,Understand and critically evaluate texts through:,"Analysing a writer's choice of vocabulary, form, grammatical and structural features, and evaluating their effectiveness and impact",10-B.1,Which text is most formal?,https://uk.ixl.com/english/year-10/which-text-is-most-formal
Key Stage 4 (GCSE),Year 10,Reading,Understand and critically evaluate texts through:,"Analysing a writer's choice of vocabulary, form, grammatical and structural features, and evaluating their effectiveness and impact",10-B.3,Compare passages for subjective and objective tone,https://uk.ixl.com/english/year-10/compare-passages-for-subjective-and-objective-tone
Key Stage 4 (GCSE),Year 10,Reading,Understand and critically evaluate texts through:,"Analysing a writer's choice of vocabulary, form, grammatical and structural features, and evaluating their effectiveness and impact",10-B.4,Compare passages for tone,https://uk.ixl.com/english/year-10/compare-passages-for-tone
Key Stage 4 (GCSE),Year 10,Reading,Understand and critically evaluate texts through:,"Analysing a writer's choice of vocabulary, form, grammatical and structural features, and evaluating their effectiveness and impact",10-C.7,Analyse the effects of figures of speech on meaning and tone,https://uk.ixl.com/english/year-10/analyse-the-effects-of-figures-of-speech-on-meaning-and-tone
Key Stage 4 (GCSE),Year 10,Reading,Understand and critically evaluate texts through:,"Analysing a writer's choice of vocabulary, form, grammatical and structural features, and evaluating their effectiveness and impact",10-S.1,Choose the word whose connotation and denotation best match the sentence,https://uk.ixl.com/english/year-10/choose-the-word-whose-connotation-and-denotation-best-match-the-sentence
Key Stage 4 (GCSE),Year 10,Reading,Understand and critically evaluate texts through:,"Making critical comparisons, referring to the contexts, themes, characterisation, style and literary quality of texts, and drawing on knowledge and skills from wider reading",10-B.3,Compare passages for subjective and objective tone,https://uk.ixl.com/english/year-10/compare-passages-for-subjective-and-objective-tone
Key Stage 4 (GCSE),Year 10,Reading,Understand and critically evaluate texts through:,"Making critical comparisons, referring to the contexts, themes, characterisation, style and literary quality of texts, and drawing on knowledge and skills from wider reading",10-B.4,Compare passages for tone,https://uk.ixl.com/english/year-10/compare-passages-for-tone
Key Stage 4 (GCSE),Year 10,Writing,"Write accurately, fluently, effectively and at length for pleasure and information through:","Adapting their writing for a wide range of purposes and audiences: to describe, narrate, explain, instruct, give and respond to information, and argue",10-B.2,Identify audience and purpose,https://uk.ixl.com/english/year-10/identify-audience-and-purpose
Key Stage 4 (GCSE),Year 10,Writing,"Write accurately, fluently, effectively and at length for pleasure and information through:","Selecting and organising ideas, facts and key points, and citing evidence, details and quotation effectively and pertinently for support and emphasis",10-F.1,Order topics from broadest to narrowest,https://uk.ixl.com/english/year-10/order-topics-from-broadest-to-narrowest
Key Stage 4 (GCSE),Year 10,Writing,"Write accurately, fluently, effectively and at length for pleasure and information through:","Selecting and organising ideas, facts and key points, and citing evidence, details and quotation effectively and pertinently for support and emphasis",10-F.2,Organise information by topic,https://uk.ixl.com/english/year-10/organise-information-by-topic
Key Stage 4 (GCSE),Year 10,Writing,"Write accurately, fluently, effectively and at length for pleasure and information through:","Selecting and organising ideas, facts and key points, and citing evidence, details and quotation effectively and pertinently for support and emphasis",10-G.1,Choose the topic sentence that best captures the main idea,https://uk.ixl.com/english/year-10/choose-the-topic-sentence-that-best-captures-the-main-idea
Key Stage 4 (GCSE),Year 10,Writing,"Write accurately, fluently, effectively and at length for pleasure and information through:","Selecting and organising ideas, facts and key points, and citing evidence, details and quotation effectively and pertinently for support and emphasis",10-H.1,Distinguish facts from opinions,https://uk.ixl.com/english/year-10/distinguish-facts-from-opinions
Key Stage 4 (GCSE),Year 10,Writing,"Write accurately, fluently, effectively and at length for pleasure and information through:","Selecting and organising ideas, facts and key points, and citing evidence, details and quotation effectively and pertinently for support and emphasis",10-H.2,Identify stronger and weaker evidence to support a claim,https://uk.ixl.com/english/year-10/identify-stronger-and-weaker-evidence-to-support-a-claim
Key Stage 4 (GCSE),Year 10,Writing,"Write accurately, fluently, effectively and at length for pleasure and information through:","Selecting and organising ideas, facts and key points, and citing evidence, details and quotation effectively and pertinently for support and emphasis",10-H.3,Choose the best evidence to support a claim,https://uk.ixl.com/english/year-10/choose-the-best-evidence-to-support-a-claim
Key Stage 4 (GCSE),Year 10,Writing,"Write accurately, fluently, effectively and at length for pleasure and information through:","Selecting and organising ideas, facts and key points, and citing evidence, details and quotation effectively and pertinently for support and emphasis",10-H.4,Identify supporting evidence in a text,https://uk.ixl.com/english/year-10/identify-supporting-evidence-in-a-text
Key Stage 4 (GCSE),Year 10,Writing,"Write accurately, fluently, effectively and at length for pleasure and information through:","Selecting and organising ideas, facts and key points, and citing evidence, details and quotation effectively and pertinently for support and emphasis",10-H.6,Choose the analysis that logically connects the evidence to the claim,https://uk.ixl.com/english/year-10/choose-the-analysis-that-logically-connects-the-evidence-to-the-claim
Key Stage 4 (GCSE),Year 10,Writing,"Write accurately, fluently, effectively and at length for pleasure and information through:","Selecting and organising ideas, facts and key points, and citing evidence, details and quotation effectively and pertinently for support and emphasis",10-N.1,Identify plagiarism,https://uk.ixl.com/english/year-10/identify-plagiarism
Key Stage 4 (GCSE),Year 10,Writing,"Write accurately, fluently, effectively and at length for pleasure and information through:","Selecting, and using judiciously, vocabulary, grammar, form, and structural and organisational features, including rhetorical devices, to reflect audience, purpose and context, and using Standard English where appropriate",10-B.1,Which text is most formal?,https://uk.ixl.com/english/year-10/which-text-is-most-formal
Key Stage 4 (GCSE),Year 10,Writing,"Write accurately, fluently, effectively and at length for pleasure and information through:","Selecting, and using judiciously, vocabulary, grammar, form, and structural and organisational features, including rhetorical devices, to reflect audience, purpose and context, and using Standard English where appropriate",10-H.7,"Transition logically between claims, evidence, analysis and counterclaims",https://uk.ixl.com/english/year-10/transition-logically-between-claims-evidence-analysis-and-counterclaims
Key Stage 4 (GCSE),Year 10,Writing,"Write accurately, fluently, effectively and at length for pleasure and information through:","Selecting, and using judiciously, vocabulary, grammar, form, and structural and organisational features, including rhetorical devices, to reflect audience, purpose and context, and using Standard English where appropriate",10-I.2,"Use appeals to ethos, pathos and logos in persuasive writing",https://uk.ixl.com/english/year-10/use-appeals-to-ethos-pathos-and-logos-in-persuasive-writing
Key Stage 4 (GCSE),Year 10,Writing,"Write accurately, fluently, effectively and at length for pleasure and information through:","Selecting, and using judiciously, vocabulary, grammar, form, and structural and organisational features, including rhetorical devices, to reflect audience, purpose and context, and using Standard English where appropriate",10-K.1,Transitions with conjunctive adverbs,https://uk.ixl.com/english/year-10/transitions-with-conjunctive-adverbs
Key Stage 4 (GCSE),Year 10,Writing,"Write accurately, fluently, effectively and at length for pleasure and information through:","Selecting, and using judiciously, vocabulary, grammar, form, and structural and organisational features, including rhetorical devices, to reflect audience, purpose and context, and using Standard English where appropriate",10-K.3,Identify sentences with parallel structure,https://uk.ixl.com/english/year-10/identify-sentences-with-parallel-structure
Key Stage 4 (GCSE),Year 10,Writing,"Write accurately, fluently, effectively and at length for pleasure and information through:","Selecting, and using judiciously, vocabulary, grammar, form, and structural and organisational features, including rhetorical devices, to reflect audience, purpose and context, and using Standard English where appropriate",10-K.4,Use parallel structure,https://uk.ixl.com/english/year-10/use-parallel-structure
Key Stage 4 (GCSE),Year 10,Writing,"Write accurately, fluently, effectively and at length for pleasure and information through:","Selecting, and using judiciously, vocabulary, grammar, form, and structural and organisational features, including rhetorical devices, to reflect audience, purpose and context, and using Standard English where appropriate",10-R.3,Use the correct foreign expression,https://uk.ixl.com/english/year-10/use-the-correct-foreign-expression
Key Stage 4 (GCSE),Year 10,Writing,"Write accurately, fluently, effectively and at length for pleasure and information through:","Selecting, and using judiciously, vocabulary, grammar, form, and structural and organisational features, including rhetorical devices, to reflect audience, purpose and context, and using Standard English where appropriate",10-S.1,Choose the word whose connotation and denotation best match the sentence,https://uk.ixl.com/english/year-10/choose-the-word-whose-connotation-and-denotation-best-match-the-sentence
Key Stage 4 (GCSE),Year 10,Writing,"Write accurately, fluently, effectively and at length for pleasure and information through:","Selecting, and using judiciously, vocabulary, grammar, form, and structural and organisational features, including rhetorical devices, to reflect audience, purpose and context, and using Standard English where appropriate",10-S.2,Use words accurately and precisely,https://uk.ixl.com/english/year-10/use-words-accurately-and-precisely
Key Stage 4 (GCSE),Year 10,Writing,"Revise, edit and proof-read through:","Restructuring their writing, and amending its grammar and vocabulary to improve coherence, consistency, clarity and overall effectiveness",10-K.2,"Avoid double, illogical and unclear comparisons",https://uk.ixl.com/english/year-10/avoid-double-illogical-and-unclear-comparisons
Key Stage 4 (GCSE),Year 10,Writing,"Revise, edit and proof-read through:","Restructuring their writing, and amending its grammar and vocabulary to improve coherence, consistency, clarity and overall effectiveness",10-K.3,Identify sentences with parallel structure,https://uk.ixl.com/english/year-10/identify-sentences-with-parallel-structure
Key Stage 4 (GCSE),Year 10,Writing,"Revise, edit and proof-read through:","Restructuring their writing, and amending its grammar and vocabulary to improve coherence, consistency, clarity and overall effectiveness",10-K.4,Use parallel structure,https://uk.ixl.com/english/year-10/use-parallel-structure
Key Stage 4 (GCSE),Year 10,Writing,"Revise, edit and proof-read through:","Restructuring their writing, and amending its grammar and vocabulary to improve coherence, consistency, clarity and overall effectiveness",10-K.5,Remove redundant words or phrases,https://uk.ixl.com/english/year-10/remove-redundant-words-or-phrases
Key Stage 4 (GCSE),Year 10,Writing,"Revise, edit and proof-read through:","Restructuring their writing, and amending its grammar and vocabulary to improve coherence, consistency, clarity and overall effectiveness",10-M.5,Correct errors in everyday use,https://uk.ixl.com/english/year-10/correct-errors-in-everyday-use
Key Stage 4 (GCSE),Year 10,Writing,"Revise, edit and proof-read through:","Restructuring their writing, and amending its grammar and vocabulary to improve coherence, consistency, clarity and overall effectiveness",10-M.6,Suggest appropriate revisions,https://uk.ixl.com/english/year-10/suggest-appropriate-revisions
Key Stage 4 (GCSE),Year 10,Writing,"Revise, edit and proof-read through:","Restructuring their writing, and amending its grammar and vocabulary to improve coherence, consistency, clarity and overall effectiveness",10-S.1,Choose the word whose connotation and denotation best match the sentence,https://uk.ixl.com/english/year-10/choose-the-word-whose-connotation-and-denotation-best-match-the-sentence
Key Stage 4 (GCSE),Year 10,Writing,"Revise, edit and proof-read through:","Restructuring their writing, and amending its grammar and vocabulary to improve coherence, consistency, clarity and overall effectiveness",10-S.2,Use words accurately and precisely,https://uk.ixl.com/english/year-10/use-words-accurately-and-precisely
Key Stage 4 (GCSE),Year 10,Writing,"Revise, edit and proof-read through:","Restructuring their writing, and amending its grammar and vocabulary to improve coherence, consistency, clarity and overall effectiveness",10-S.3,Replace words using a thesaurus,https://uk.ixl.com/english/year-10/replace-words-using-a-thesaurus
Key Stage 4 (GCSE),Year 10,Writing,"Revise, edit and proof-read through:","Restructuring their writing, and amending its grammar and vocabulary to improve coherence, consistency, clarity and overall effectiveness",10-W.4,Choose punctuation to avoid fragments and run-ons,https://uk.ixl.com/english/year-10/choose-punctuation-to-avoid-fragments-and-run-ons
Key Stage 4 (GCSE),Year 10,Writing,"Revise, edit and proof-read through:","Paying attention to the accuracy and effectiveness of grammar, punctuation and spelling",10-M.4,Correct errors with commonly misspelled words,https://uk.ixl.com/english/year-10/correct-errors-with-commonly-misspelled-words
Key Stage 4 (GCSE),Year 10,Writing,"Revise, edit and proof-read through:","Paying attention to the accuracy and effectiveness of grammar, punctuation and spelling",10-Z.1,Identify and correct errors with subject and object pronouns,https://uk.ixl.com/english/year-10/identify-and-correct-errors-with-subject-and-object-pronouns
Key Stage 4 (GCSE),Year 10,Writing,"Revise, edit and proof-read through:","Paying attention to the accuracy and effectiveness of grammar, punctuation and spelling",10-Z.4,Identify and correct pronoun errors with 'who',https://uk.ixl.com/english/year-10/identify-and-correct-pronoun-errors-with-who
Key Stage 4 (GCSE),Year 10,Writing,"Revise, edit and proof-read through:","Paying attention to the accuracy and effectiveness of grammar, punctuation and spelling",10-Z.9,Correct inappropriate shifts in pronoun number and person,https://uk.ixl.com/english/year-10/correct-inappropriate-shifts-in-pronoun-number-and-person
Key Stage 4 (GCSE),Year 10,Writing,"Revise, edit and proof-read through:","Paying attention to the accuracy and effectiveness of grammar, punctuation and spelling",10-BB.1,Identify and correct errors with subject-verb agreement,https://uk.ixl.com/english/year-10/identify-and-correct-errors-with-subject-verb-agreement
Key Stage 4 (GCSE),Year 10,Writing,"Revise, edit and proof-read through:","Paying attention to the accuracy and effectiveness of grammar, punctuation and spelling",10-BB.2,Identify and correct errors with indefinite pronoun-verb agreement,https://uk.ixl.com/english/year-10/identify-and-correct-errors-with-indefinite-pronoun-verb-agreement
Key Stage 4 (GCSE),Year 10,Writing,"Revise, edit and proof-read through:","Paying attention to the accuracy and effectiveness of grammar, punctuation and spelling",10-BB.3,Identify and correct verb agreement with compound subjects,https://uk.ixl.com/english/year-10/identify-and-correct-verb-agreement-with-compound-subjects
Key Stage 4 (GCSE),Year 10,Writing,"Revise, edit and proof-read through:","Paying attention to the accuracy and effectiveness of grammar, punctuation and spelling",10-CC.3,Identify and correct inappropriate shifts in verb tense,https://uk.ixl.com/english/year-10/identify-and-correct-inappropriate-shifts-in-verb-tense
Key Stage 4 (GCSE),Year 10,Writing,"Revise, edit and proof-read through:","Paying attention to the accuracy and effectiveness of grammar, punctuation and spelling",10-GG.1,Commas with non-restrictive elements,https://uk.ixl.com/english/year-10/commas-with-non-restrictive-elements
Key Stage 4 (GCSE),Year 10,Writing,"Revise, edit and proof-read through:","Paying attention to the accuracy and effectiveness of grammar, punctuation and spelling",10-HH.1,"Commas with direct addresses, introductory words, interjections, interrupters and antithetical phrases",https://uk.ixl.com/english/year-10/commas-with-direct-addresses-introductory-words-interjections-interrupters-and-antithetical-phrases
Key Stage 4 (GCSE),Year 10,Writing,"Revise, edit and proof-read through:","Paying attention to the accuracy and effectiveness of grammar, punctuation and spelling",10-HH.2,Commas with compound and complex sentences,https://uk.ixl.com/english/year-10/commas-with-compound-and-complex-sentences
Key Stage 4 (GCSE),Year 10,Writing,"Revise, edit and proof-read through:","Paying attention to the accuracy and effectiveness of grammar, punctuation and spelling",10-HH.3,Commas with coordinate adjectives,https://uk.ixl.com/english/year-10/commas-with-coordinate-adjectives
Key Stage 4 (GCSE),Year 10,Writing,"Revise, edit and proof-read through:","Paying attention to the accuracy and effectiveness of grammar, punctuation and spelling",10-II.1,Use semicolons and commas to separate clauses,https://uk.ixl.com/english/year-10/use-semicolons-and-commas-to-separate-clauses
Key Stage 4 (GCSE),Year 10,Writing,"Revise, edit and proof-read through:","Paying attention to the accuracy and effectiveness of grammar, punctuation and spelling",10-II.2,"Use semicolons, colons and commas with lists",https://uk.ixl.com/english/year-10/use-semicolons-colons-and-commas-with-lists
Key Stage 4 (GCSE),Year 10,Writing,"Revise, edit and proof-read through:","Paying attention to the accuracy and effectiveness of grammar, punctuation and spelling",10-II.3,"Semicolons, colons and commas: review",https://uk.ixl.com/english/year-10/semicolons-colons-and-commas-review
Key Stage 4 (GCSE),Year 10,Writing,"Revise, edit and proof-read through:","Paying attention to the accuracy and effectiveness of grammar, punctuation and spelling",10-JJ.1,Use dashes,https://uk.ixl.com/english/year-10/use-dashes
Key Stage 4 (GCSE),Year 10,Writing,"Revise, edit and proof-read through:","Paying attention to the accuracy and effectiveness of grammar, punctuation and spelling",10-JJ.2,Use hyphens in compound adjectives,https://uk.ixl.com/english/year-10/use-hyphens-in-compound-adjectives
Key Stage 4 (GCSE),Year 10,Writing,"Revise, edit and proof-read through:","Paying attention to the accuracy and effectiveness of grammar, punctuation and spelling",10-KK.1,Identify and correct errors with plural and possessive nouns,https://uk.ixl.com/english/year-10/identify-and-correct-errors-with-plural-and-possessive-nouns
Key Stage 4 (GCSE),Year 10,Writing,"Revise, edit and proof-read through:","Paying attention to the accuracy and effectiveness of grammar, punctuation and spelling",10-KK.2,Identify and correct errors with compound and joint possession,https://uk.ixl.com/english/year-10/identify-and-correct-errors-with-compound-and-joint-possession
Key Stage 4 (GCSE),Year 10,Writing,"Revise, edit and proof-read through:","Paying attention to the accuracy and effectiveness of grammar, punctuation and spelling",10-LL.1,Correct capitalisation errors,https://uk.ixl.com/english/year-10/correct-capitalisation-errors
Key Stage 4 (GCSE),Year 10,Grammar and vocabulary,Consolidate and build on their knowledge of grammar and vocabulary through:,"Drawing on new vocabulary and grammatical constructions from their reading and listening, and using these consciously in their writing and speech to achieve particular effects",10-K.1,Transitions with conjunctive adverbs,https://uk.ixl.com/english/year-10/transitions-with-conjunctive-adverbs
Key Stage 4 (GCSE),Year 10,Grammar and vocabulary,Consolidate and build on their knowledge of grammar and vocabulary through:,"Drawing on new vocabulary and grammatical constructions from their reading and listening, and using these consciously in their writing and speech to achieve particular effects",10-S.1,Choose the word whose connotation and denotation best match the sentence,https://uk.ixl.com/english/year-10/choose-the-word-whose-connotation-and-denotation-best-match-the-sentence
Key Stage 4 (GCSE),Year 10,Grammar and vocabulary,Consolidate and build on their knowledge of grammar and vocabulary through:,"Drawing on new vocabulary and grammatical constructions from their reading and listening, and using these consciously in their writing and speech to achieve particular effects",10-S.2,Use words accurately and precisely,https://uk.ixl.com/english/year-10/use-words-accurately-and-precisely
Key Stage 4 (GCSE),Year 10,Grammar and vocabulary,Consolidate and build on their knowledge of grammar and vocabulary through:,"Drawing on new vocabulary and grammatical constructions from their reading and listening, and using these consciously in their writing and speech to achieve particular effects",10-X.5,"Is the sentence simple, compound, complex or compound-complex?",https://uk.ixl.com/english/year-10/is-the-sentence-simple-compound-complex-or-compound-complex
Key Stage 4 (GCSE),Year 10,Grammar and vocabulary,Consolidate and build on their knowledge of grammar and vocabulary through:,"Drawing on new vocabulary and grammatical constructions from their reading and listening, and using these consciously in their writing and speech to achieve particular effects",10-X.6,Combine sentences using relative clauses,https://uk.ixl.com/english/year-10/combine-sentences-using-relative-clauses
Key Stage 4 (GCSE),Year 10,Grammar and vocabulary,Consolidate and build on their knowledge of grammar and vocabulary through:,"Drawing on new vocabulary and grammatical constructions from their reading and listening, and using these consciously in their writing and speech to achieve particular effects",10-JJ.3,Decide whether ellipses are used appropriately,https://uk.ixl.com/english/year-10/decide-whether-ellipses-are-used-appropriately
Key Stage 4 (GCSE),Year 10,Grammar and vocabulary,Consolidate and build on their knowledge of grammar and vocabulary through:,"Analysing some of the differences between spoken and written language, including differences associated with formal and informal registers, and between Standard English and other varieties of English",10-B.1,Which text is most formal?,https://uk.ixl.com/english/year-10/which-text-is-most-formal
Key Stage 4 (GCSE),Year 11,Reading,Understand and critically evaluate texts through:,"Reading in different ways for different purposes, summarising and synthesising ideas and information, and evaluating their usefulness for particular purposes",11-A.1,Determine the main idea of a passage,https://uk.ixl.com/english/year-11/determine-the-main-idea-of-a-passage
Key Stage 4 (GCSE),Year 11,Reading,Understand and critically evaluate texts through:,"Reading in different ways for different purposes, summarising and synthesising ideas and information, and evaluating their usefulness for particular purposes",11-B.1,Which text is most formal?,https://uk.ixl.com/english/year-11/which-text-is-most-formal
Key Stage 4 (GCSE),Year 11,Reading,Understand and critically evaluate texts through:,"Reading in different ways for different purposes, summarising and synthesising ideas and information, and evaluating their usefulness for particular purposes",11-B.3,Identify audience and purpose,https://uk.ixl.com/english/year-11/identify-audience-and-purpose
Key Stage 4 (GCSE),Year 11,Reading,Understand and critically evaluate texts through:,"Drawing on knowledge of the purpose, audience for and context of the writing, including its social, historical and cultural context and the literary tradition to which it belongs, to inform evaluation",11-B.3,Identify audience and purpose,https://uk.ixl.com/english/year-11/identify-audience-and-purpose
Key Stage 4 (GCSE),Year 11,Reading,Understand and critically evaluate texts through:,"Drawing on knowledge of the purpose, audience for and context of the writing, including its social, historical and cultural context and the literary tradition to which it belongs, to inform evaluation",11-E.5,Analyse rhetorical strategies in historical texts: set 1,https://uk.ixl.com/english/year-11/analyse-rhetorical-strategies-in-historical-texts-set-1
Key Stage 4 (GCSE),Year 11,Reading,Understand and critically evaluate texts through:,"Drawing on knowledge of the purpose, audience for and context of the writing, including its social, historical and cultural context and the literary tradition to which it belongs, to inform evaluation",11-E.6,Analyse rhetorical strategies in historical texts: set 2,https://uk.ixl.com/english/year-11/analyse-rhetorical-strategies-in-historical-texts-set-2
Key Stage 4 (GCSE),Year 11,Reading,Understand and critically evaluate texts through:,"Identifying and interpreting themes, ideas and information",10-D.1,Match the quotations with their themes,https://uk.ixl.com/english/year-10/match-the-quotations-with-their-themes
Key Stage 4 (GCSE),Year 11,Reading,Understand and critically evaluate texts through:,"Identifying and interpreting themes, ideas and information",11-A.1,Determine the main idea of a passage,https://uk.ixl.com/english/year-11/determine-the-main-idea-of-a-passage
Key Stage 4 (GCSE),Year 11,Reading,Understand and critically evaluate texts through:,"Identifying and interpreting themes, ideas and information",11-E.1,Analyse the development of informational passages: set 1,https://uk.ixl.com/english/year-11/analyse-the-development-of-informational-passages-set-1
Key Stage 4 (GCSE),Year 11,Reading,Understand and critically evaluate texts through:,"Identifying and interpreting themes, ideas and information",11-E.2,Analyse the development of informational passages: set 2,https://uk.ixl.com/english/year-11/analyse-the-development-of-informational-passages-set-2
Key Stage 4 (GCSE),Year 11,Reading,Understand and critically evaluate texts through:,"Identifying and interpreting themes, ideas and information",11-E.3,Trace an argument: set 1,https://uk.ixl.com/english/year-11/trace-an-argument-set-1
Key Stage 4 (GCSE),Year 11,Reading,Understand and critically evaluate texts through:,"Identifying and interpreting themes, ideas and information",11-E.4,Trace an argument: set 2,https://uk.ixl.com/english/year-11/trace-an-argument-set-2
Key Stage 4 (GCSE),Year 11,Reading,Understand and critically evaluate texts through:,"Exploring aspects of plot, characterisation, events and settings, the relationships between them and their effects",11-D.1,Analyse short stories: set 1,https://uk.ixl.com/english/year-11/analyse-short-stories-set-1
Key Stage 4 (GCSE),Year 11,Reading,Understand and critically evaluate texts through:,"Exploring aspects of plot, characterisation, events and settings, the relationships between them and their effects",11-D.2,Analyse short stories: set 2,https://uk.ixl.com/english/year-11/analyse-short-stories-set-2
Key Stage 4 (GCSE),Year 11,Reading,Understand and critically evaluate texts through:,"Seeking evidence in the text to support a point of view, including justifying inferences with evidence",11-E.3,Trace an argument: set 1,https://uk.ixl.com/english/year-11/trace-an-argument-set-1
Key Stage 4 (GCSE),Year 11,Reading,Understand and critically evaluate texts through:,"Seeking evidence in the text to support a point of view, including justifying inferences with evidence",11-E.4,Trace an argument: set 2,https://uk.ixl.com/english/year-11/trace-an-argument-set-2
Key Stage 4 (GCSE),Year 11,Reading,Understand and critically evaluate texts through:,"Seeking evidence in the text to support a point of view, including justifying inferences with evidence",11-H.4,Identify supporting evidence in a text,https://uk.ixl.com/english/year-11/identify-supporting-evidence-in-a-text
Key Stage 4 (GCSE),Year 11,Reading,Understand and critically evaluate texts through:,"Distinguishing between statements that are supported by evidence and those that are not, and identifying bias and misuse of evidence",11-H.1,Distinguish facts from opinions,https://uk.ixl.com/english/year-11/distinguish-facts-from-opinions
Key Stage 4 (GCSE),Year 11,Reading,Understand and critically evaluate texts through:,"Distinguishing between statements that are supported by evidence and those that are not, and identifying bias and misuse of evidence",11-H.2,Identify stronger and weaker evidence to support a claim,https://uk.ixl.com/english/year-11/identify-stronger-and-weaker-evidence-to-support-a-claim
Key Stage 4 (GCSE),Year 11,Reading,Understand and critically evaluate texts through:,"Analysing a writer's choice of vocabulary, form, grammatical and structural features, and evaluating their effectiveness and impact",11-B.1,Which text is most formal?,https://uk.ixl.com/english/year-11/which-text-is-most-formal
Key Stage 4 (GCSE),Year 11,Reading,Understand and critically evaluate texts through:,"Analysing a writer's choice of vocabulary, form, grammatical and structural features, and evaluating their effectiveness and impact",11-B.2,Compare passages for subjective and objective tone,https://uk.ixl.com/english/year-11/compare-passages-for-subjective-and-objective-tone
Key Stage 4 (GCSE),Year 11,Reading,Understand and critically evaluate texts through:,"Analysing a writer's choice of vocabulary, form, grammatical and structural features, and evaluating their effectiveness and impact",11-B.4,Compare passages for tone,https://uk.ixl.com/english/year-11/compare-passages-for-tone
Key Stage 4 (GCSE),Year 11,Reading,Understand and critically evaluate texts through:,"Analysing a writer's choice of vocabulary, form, grammatical and structural features, and evaluating their effectiveness and impact",11-C.7,Analyse the effects of figures of speech on meaning and tone,https://uk.ixl.com/english/year-11/analyse-the-effects-of-figures-of-speech-on-meaning-and-tone
Key Stage 4 (GCSE),Year 11,Reading,Understand and critically evaluate texts through:,"Analysing a writer's choice of vocabulary, form, grammatical and structural features, and evaluating their effectiveness and impact",11-S.1,Choose the word whose connotation and denotation best match the sentence,https://uk.ixl.com/english/year-11/choose-the-word-whose-connotation-and-denotation-best-match-the-sentence
Key Stage 4 (GCSE),Year 11,Reading,Understand and critically evaluate texts through:,"Making critical comparisons, referring to the contexts, themes, characterisation, style and literary quality of texts, and drawing on knowledge and skills from wider reading",11-B.2,Compare passages for subjective and objective tone,https://uk.ixl.com/english/year-11/compare-passages-for-subjective-and-objective-tone
Key Stage 4 (GCSE),Year 11,Reading,Understand and critically evaluate texts through:,"Making critical comparisons, referring to the contexts, themes, characterisation, style and literary quality of texts, and drawing on knowledge and skills from wider reading",11-B.4,Compare passages for tone,https://uk.ixl.com/english/year-11/compare-passages-for-tone
Key Stage 4 (GCSE),Year 11,Writing,"Write accurately, fluently, effectively and at length for pleasure and information through:","Adapting their writing for a wide range of purposes and audiences: to describe, narrate, explain, instruct, give and respond to information, and argue",11-B.3,Identify audience and purpose,https://uk.ixl.com/english/year-11/identify-audience-and-purpose
Key Stage 4 (GCSE),Year 11,Writing,"Write accurately, fluently, effectively and at length for pleasure and information through:","Selecting and organising ideas, facts and key points, and citing evidence, details and quotation effectively and pertinently for support and emphasis",11-F.1,Order topics from broadest to narrowest,https://uk.ixl.com/english/year-11/order-topics-from-broadest-to-narrowest
Key Stage 4 (GCSE),Year 11,Writing,"Write accurately, fluently, effectively and at length for pleasure and information through:","Selecting and organising ideas, facts and key points, and citing evidence, details and quotation effectively and pertinently for support and emphasis",11-F.2,Organise information by topic,https://uk.ixl.com/english/year-11/organise-information-by-topic
Key Stage 4 (GCSE),Year 11,Writing,"Write accurately, fluently, effectively and at length for pleasure and information through:","Selecting and organising ideas, facts and key points, and citing evidence, details and quotation effectively and pertinently for support and emphasis",11-G.1,Choose the topic sentence that best captures the main idea,https://uk.ixl.com/english/year-11/choose-the-topic-sentence-that-best-captures-the-main-idea
Key Stage 4 (GCSE),Year 11,Writing,"Write accurately, fluently, effectively and at length for pleasure and information through:","Selecting and organising ideas, facts and key points, and citing evidence, details and quotation effectively and pertinently for support and emphasis",11-H.1,Distinguish facts from opinions,https://uk.ixl.com/english/year-11/distinguish-facts-from-opinions
Key Stage 4 (GCSE),Year 11,Writing,"Write accurately, fluently, effectively and at length for pleasure and information through:","Selecting and organising ideas, facts and key points, and citing evidence, details and quotation effectively and pertinently for support and emphasis",11-H.2,Identify stronger and weaker evidence to support a claim,https://uk.ixl.com/english/year-11/identify-stronger-and-weaker-evidence-to-support-a-claim
Key Stage 4 (GCSE),Year 11,Writing,"Write accurately, fluently, effectively and at length for pleasure and information through:","Selecting and organising ideas, facts and key points, and citing evidence, details and quotation effectively and pertinently for support and emphasis",11-H.3,Choose the best evidence to support a claim,https://uk.ixl.com/english/year-11/choose-the-best-evidence-to-support-a-claim
Key Stage 4 (GCSE),Year 11,Writing,"Write accurately, fluently, effectively and at length for pleasure and information through:","Selecting and organising ideas, facts and key points, and citing evidence, details and quotation effectively and pertinently for support and emphasis",11-H.4,Identify supporting evidence in a text,https://uk.ixl.com/english/year-11/identify-supporting-evidence-in-a-text
Key Stage 4 (GCSE),Year 11,Writing,"Write accurately, fluently, effectively and at length for pleasure and information through:","Selecting and organising ideas, facts and key points, and citing evidence, details and quotation effectively and pertinently for support and emphasis",11-H.6,Choose the analysis that logically connects the evidence to the claim,https://uk.ixl.com/english/year-11/choose-the-analysis-that-logically-connects-the-evidence-to-the-claim
Key Stage 4 (GCSE),Year 11,Writing,"Write accurately, fluently, effectively and at length for pleasure and information through:","Selecting and organising ideas, facts and key points, and citing evidence, details and quotation effectively and pertinently for support and emphasis",11-N.1,Identify plagiarism,https://uk.ixl.com/english/year-11/identify-plagiarism
Key Stage 4 (GCSE),Year 11,Writing,"Write accurately, fluently, effectively and at length for pleasure and information through:","Selecting, and using judiciously, vocabulary, grammar, form, and structural and organisational features, including rhetorical devices, to reflect audience, purpose and context, and using Standard English where appropriate",11-B.1,Which text is most formal?,https://uk.ixl.com/english/year-11/which-text-is-most-formal
Key Stage 4 (GCSE),Year 11,Writing,"Write accurately, fluently, effectively and at length for pleasure and information through:","Selecting, and using judiciously, vocabulary, grammar, form, and structural and organisational features, including rhetorical devices, to reflect audience, purpose and context, and using Standard English where appropriate",11-H.7,"Transition logically between claims, evidence, analysis and counterclaims",https://uk.ixl.com/english/year-11/transition-logically-between-claims-evidence-analysis-and-counterclaims
Key Stage 4 (GCSE),Year 11,Writing,"Write accurately, fluently, effectively and at length for pleasure and information through:","Selecting, and using judiciously, vocabulary, grammar, form, and structural and organisational features, including rhetorical devices, to reflect audience, purpose and context, and using Standard English where appropriate",11-I.2,"Use appeals to ethos, pathos and logos in persuasive writing",https://uk.ixl.com/english/year-11/use-appeals-to-ethos-pathos-and-logos-in-persuasive-writing
Key Stage 4 (GCSE),Year 11,Writing,"Write accurately, fluently, effectively and at length for pleasure and information through:","Selecting, and using judiciously, vocabulary, grammar, form, and structural and organisational features, including rhetorical devices, to reflect audience, purpose and context, and using Standard English where appropriate",11-K.1,Transitions with conjunctive adverbs,https://uk.ixl.com/english/year-11/transitions-with-conjunctive-adverbs
Key Stage 4 (GCSE),Year 11,Writing,"Write accurately, fluently, effectively and at length for pleasure and information through:","Selecting, and using judiciously, vocabulary, grammar, form, and structural and organisational features, including rhetorical devices, to reflect audience, purpose and context, and using Standard English where appropriate",11-K.3,Identify sentences with parallel structure,https://uk.ixl.com/english/year-11/identify-sentences-with-parallel-structure
Key Stage 4 (GCSE),Year 11,Writing,"Write accurately, fluently, effectively and at length for pleasure and information through:","Selecting, and using judiciously, vocabulary, grammar, form, and structural and organisational features, including rhetorical devices, to reflect audience, purpose and context, and using Standard English where appropriate",11-K.4,Use parallel structure,https://uk.ixl.com/english/year-11/use-parallel-structure
Key Stage 4 (GCSE),Year 11,Writing,"Write accurately, fluently, effectively and at length for pleasure and information through:","Selecting, and using judiciously, vocabulary, grammar, form, and structural and organisational features, including rhetorical devices, to reflect audience, purpose and context, and using Standard English where appropriate",11-R.3,Use the correct foreign expression,https://uk.ixl.com/english/year-11/use-the-correct-foreign-expression
Key Stage 4 (GCSE),Year 11,Writing,"Write accurately, fluently, effectively and at length for pleasure and information through:","Selecting, and using judiciously, vocabulary, grammar, form, and structural and organisational features, including rhetorical devices, to reflect audience, purpose and context, and using Standard English where appropriate",11-S.1,Choose the word whose connotation and denotation best match the sentence,https://uk.ixl.com/english/year-11/choose-the-word-whose-connotation-and-denotation-best-match-the-sentence
Key Stage 4 (GCSE),Year 11,Writing,"Write accurately, fluently, effectively and at length for pleasure and information through:","Selecting, and using judiciously, vocabulary, grammar, form, and structural and organisational features, including rhetorical devices, to reflect audience, purpose and context, and using Standard English where appropriate",11-S.2,Use words accurately and precisely,https://uk.ixl.com/english/year-11/use-words-accurately-and-precisely
Key Stage 4 (GCSE),Year 11,Writing,"Revise, edit and proof-read through:","Restructuring their writing, and amending its grammar and vocabulary to improve coherence, consistency, clarity and overall effectiveness",11-K.2,"Avoid double, illogical and unclear comparisons",https://uk.ixl.com/english/year-11/avoid-double-illogical-and-unclear-comparisons
Key Stage 4 (GCSE),Year 11,Writing,"Revise, edit and proof-read through:","Restructuring their writing, and amending its grammar and vocabulary to improve coherence, consistency, clarity and overall effectiveness",11-K.3,Identify sentences with parallel structure,https://uk.ixl.com/english/year-11/identify-sentences-with-parallel-structure
Key Stage 4 (GCSE),Year 11,Writing,"Revise, edit and proof-read through:","Restructuring their writing, and amending its grammar and vocabulary to improve coherence, consistency, clarity and overall effectiveness",11-K.4,Use parallel structure,https://uk.ixl.com/english/year-11/use-parallel-structure
Key Stage 4 (GCSE),Year 11,Writing,"Revise, edit and proof-read through:","Restructuring their writing, and amending its grammar and vocabulary to improve coherence, consistency, clarity and overall effectiveness",11-K.5,Remove redundant words or phrases,https://uk.ixl.com/english/year-11/remove-redundant-words-or-phrases
Key Stage 4 (GCSE),Year 11,Writing,"Revise, edit and proof-read through:","Restructuring their writing, and amending its grammar and vocabulary to improve coherence, consistency, clarity and overall effectiveness",11-M.5,Correct errors in everyday use,https://uk.ixl.com/english/year-11/correct-errors-in-everyday-use
Key Stage 4 (GCSE),Year 11,Writing,"Revise, edit and proof-read through:","Restructuring their writing, and amending its grammar and vocabulary to improve coherence, consistency, clarity and overall effectiveness",11-M.6,Suggest appropriate revisions,https://uk.ixl.com/english/year-11/suggest-appropriate-revisions
Key Stage 4 (GCSE),Year 11,Writing,"Revise, edit and proof-read through:","Restructuring their writing, and amending its grammar and vocabulary to improve coherence, consistency, clarity and overall effectiveness",11-S.1,Choose the word whose connotation and denotation best match the sentence,https://uk.ixl.com/english/year-11/choose-the-word-whose-connotation-and-denotation-best-match-the-sentence
Key Stage 4 (GCSE),Year 11,Writing,"Revise, edit and proof-read through:","Restructuring their writing, and amending its grammar and vocabulary to improve coherence, consistency, clarity and overall effectiveness",11-S.2,Use words accurately and precisely,https://uk.ixl.com/english/year-11/use-words-accurately-and-precisely
Key Stage 4 (GCSE),Year 11,Writing,"Revise, edit and proof-read through:","Restructuring their writing, and amending its grammar and vocabulary to improve coherence, consistency, clarity and overall effectiveness",11-S.3,Replace words using a thesaurus,https://uk.ixl.com/english/year-11/replace-words-using-a-thesaurus
Key Stage 4 (GCSE),Year 11,Writing,"Revise, edit and proof-read through:","Restructuring their writing, and amending its grammar and vocabulary to improve coherence, consistency, clarity and overall effectiveness",11-W.4,Choose punctuation to avoid fragments and run-ons,https://uk.ixl.com/english/year-11/choose-punctuation-to-avoid-fragments-and-run-ons
Key Stage 4 (GCSE),Year 11,Writing,"Revise, edit and proof-read through:","Paying attention to the accuracy and effectiveness of grammar, punctuation and spelling",11-M.4,Correct errors with commonly misspelled words,https://uk.ixl.com/english/year-11/correct-errors-with-commonly-misspelled-words
Key Stage 4 (GCSE),Year 11,Writing,"Revise, edit and proof-read through:","Paying attention to the accuracy and effectiveness of grammar, punctuation and spelling",11-Z.1,Identify and correct errors with subject and object pronouns,https://uk.ixl.com/english/year-11/identify-and-correct-errors-with-subject-and-object-pronouns
Key Stage 4 (GCSE),Year 11,Writing,"Revise, edit and proof-read through:","Paying attention to the accuracy and effectiveness of grammar, punctuation and spelling",11-Z.4,Identify and correct pronoun errors with 'who',https://uk.ixl.com/english/year-11/identify-and-correct-pronoun-errors-with-who
Key Stage 4 (GCSE),Year 11,Writing,"Revise, edit and proof-read through:","Paying attention to the accuracy and effectiveness of grammar, punctuation and spelling",11-Z.9,Correct inappropriate shifts in pronoun number and person,https://uk.ixl.com/english/year-11/correct-inappropriate-shifts-in-pronoun-number-and-person
Key Stage 4 (GCSE),Year 11,Writing,"Revise, edit and proof-read through:","Paying attention to the accuracy and effectiveness of grammar, punctuation and spelling",11-BB.1,Identify and correct errors with subject-verb agreement,https://uk.ixl.com/english/year-11/identify-and-correct-errors-with-subject-verb-agreement
Key Stage 4 (GCSE),Year 11,Writing,"Revise, edit and proof-read through:","Paying attention to the accuracy and effectiveness of grammar, punctuation and spelling",11-BB.2,Identify and correct errors with indefinite pronoun-verb agreement,https://uk.ixl.com/english/year-11/identify-and-correct-errors-with-indefinite-pronoun-verb-agreement
Key Stage 4 (GCSE),Year 11,Writing,"Revise, edit and proof-read through:","Paying attention to the accuracy and effectiveness of grammar, punctuation and spelling",11-BB.3,Identify and correct verb agreement with compound subjects,https://uk.ixl.com/english/year-11/identify-and-correct-verb-agreement-with-compound-subjects
Key Stage 4 (GCSE),Year 11,Writing,"Revise, edit and proof-read through:","Paying attention to the accuracy and effectiveness of grammar, punctuation and spelling",11-CC.3,Identify and correct inappropriate shifts in verb tense,https://uk.ixl.com/english/year-11/identify-and-correct-inappropriate-shifts-in-verb-tense
Key Stage 4 (GCSE),Year 11,Writing,"Revise, edit and proof-read through:","Paying attention to the accuracy and effectiveness of grammar, punctuation and spelling",11-GG.1,Commas with non-restrictive elements,https://uk.ixl.com/english/year-11/commas-with-non-restrictive-elements
Key Stage 4 (GCSE),Year 11,Writing,"Revise, edit and proof-read through:","Paying attention to the accuracy and effectiveness of grammar, punctuation and spelling",11-HH.1,"Commas with direct addresses, introductory words, interjections, interrupters and antithetical phrases",https://uk.ixl.com/english/year-11/commas-with-direct-addresses-introductory-words-interjections-interrupters-and-antithetical-phrases
Key Stage 4 (GCSE),Year 11,Writing,"Revise, edit and proof-read through:","Paying attention to the accuracy and effectiveness of grammar, punctuation and spelling",11-HH.2,Commas with compound and complex sentences,https://uk.ixl.com/english/year-11/commas-with-compound-and-complex-sentences
Key Stage 4 (GCSE),Year 11,Writing,"Revise, edit and proof-read through:","Paying attention to the accuracy and effectiveness of grammar, punctuation and spelling",11-HH.3,Commas with coordinate adjectives,https://uk.ixl.com/english/year-11/commas-with-coordinate-adjectives
Key Stage 4 (GCSE),Year 11,Writing,"Revise, edit and proof-read through:","Paying attention to the accuracy and effectiveness of grammar, punctuation and spelling",11-II.1,Use semicolons and commas to separate clauses,https://uk.ixl.com/english/year-11/use-semicolons-and-commas-to-separate-clauses
Key Stage 4 (GCSE),Year 11,Writing,"Revise, edit and proof-read through:","Paying attention to the accuracy and effectiveness of grammar, punctuation and spelling",11-II.2,"Use semicolons, colons and commas with lists",https://uk.ixl.com/english/year-11/use-semicolons-colons-and-commas-with-lists
Key Stage 4 (GCSE),Year 11,Writing,"Revise, edit and proof-read through:","Paying attention to the accuracy and effectiveness of grammar, punctuation and spelling",11-II.3,"Semicolons, colons and commas: review",https://uk.ixl.com/english/year-11/semicolons-colons-and-commas-review
Key Stage 4 (GCSE),Year 11,Writing,"Revise, edit and proof-read through:","Paying attention to the accuracy and effectiveness of grammar, punctuation and spelling",11-JJ.1,Use dashes,https://uk.ixl.com/english/year-11/use-dashes
Key Stage 4 (GCSE),Year 11,Writing,"Revise, edit and proof-read through:","Paying attention to the accuracy and effectiveness of grammar, punctuation and spelling",11-JJ.2,Use hyphens in compound adjectives,https://uk.ixl.com/english/year-11/use-hyphens-in-compound-adjectives
Key Stage 4 (GCSE),Year 11,Writing,"Revise, edit and proof-read through:","Paying attention to the accuracy and effectiveness of grammar, punctuation and spelling",11-KK.1,Identify and correct errors with plural and possessive nouns,https://uk.ixl.com/english/year-11/identify-and-correct-errors-with-plural-and-possessive-nouns
Key Stage 4 (GCSE),Year 11,Writing,"Revise, edit and proof-read through:","Paying attention to the accuracy and effectiveness of grammar, punctuation and spelling",11-KK.2,Identify and correct errors with compound and joint possession,https://uk.ixl.com/english/year-11/identify-and-correct-errors-with-compound-and-joint-possession
Key Stage 4 (GCSE),Year 11,Writing,"Revise, edit and proof-read through:","Paying attention to the accuracy and effectiveness of grammar, punctuation and spelling",11-LL.1,Correct capitalisation errors,https://uk.ixl.com/english/year-11/correct-capitalisation-errors
Key Stage 4 (GCSE),Year 11,Grammar and vocabulary,Consolidate and build on their knowledge of grammar and vocabulary through:,"Drawing on new vocabulary and grammatical constructions from their reading and listening, and using these consciously in their writing and speech to achieve particular effects",11-K.1,Transitions with conjunctive adverbs,https://uk.ixl.com/english/year-11/transitions-with-conjunctive-adverbs
Key Stage 4 (GCSE),Year 11,Grammar and vocabulary,Consolidate and build on their knowledge of grammar and vocabulary through:,"Drawing on new vocabulary and grammatical constructions from their reading and listening, and using these consciously in their writing and speech to achieve particular effects",11-S.1,Choose the word whose connotation and denotation best match the sentence,https://uk.ixl.com/english/year-11/choose-the-word-whose-connotation-and-denotation-best-match-the-sentence
Key Stage 4 (GCSE),Year 11,Grammar and vocabulary,Consolidate and build on their knowledge of grammar and vocabulary through:,"Drawing on new vocabulary and grammatical constructions from their reading and listening, and using these consciously in their writing and speech to achieve particular effects",11-S.2,Use words accurately and precisely,https://uk.ixl.com/english/year-11/use-words-accurately-and-precisely
Key Stage 4 (GCSE),Year 11,Grammar and vocabulary,Consolidate and build on their knowledge of grammar and vocabulary through:,"Drawing on new vocabulary and grammatical constructions from their reading and listening, and using these consciously in their writing and speech to achieve particular effects",11-X.5,"Is the sentence simple, compound, complex or compound-complex?",https://uk.ixl.com/english/year-11/is-the-sentence-simple-compound-complex-or-compound-complex
Key Stage 4 (GCSE),Year 11,Grammar and vocabulary,Consolidate and build on their knowledge of grammar and vocabulary through:,"Drawing on new vocabulary and grammatical constructions from their reading and listening, and using these consciously in their writing and speech to achieve particular effects",11-X.6,Combine sentences using relative clauses,https://uk.ixl.com/english/year-11/combine-sentences-using-relative-clauses
Key Stage 4 (GCSE),Year 11,Grammar and vocabulary,Consolidate and build on their knowledge of grammar and vocabulary through:,"Drawing on new vocabulary and grammatical constructions from their reading and listening, and using these consciously in their writing and speech to achieve particular effects",11-JJ.3,Decide whether ellipses are used appropriately,https://uk.ixl.com/english/year-11/decide-whether-ellipses-are-used-appropriately
Key Stage 4 (GCSE),Year 11,Grammar and vocabulary,Consolidate and build on their knowledge of grammar and vocabulary through:,"Analysing some of the differences between spoken and written language, including differences associated with formal and informal registers, and between Standard English and other varieties of English",11-B.1,Which text is most formal?,https://uk.ixl.com/english/year-11/which-text-is-most-formal
