Key Stage,Year,Category Code,Category Name,Skill Code,Skill Number,Skill Title,Skill URL
Early Years,Reception,A,Letter identification,A.1,1,Find the letter in the alphabet: uppercase,https://uk.ixl.com/english/reception/find-the-letter-in-the-alphabet-uppercase
Early Years,Reception,A,Letter identification,A.2,2,Find the letter in the alphabet: lowercase,https://uk.ixl.com/english/reception/find-the-letter-in-the-alphabet-lowercase
Early Years,Reception,A,Letter identification,A.3,3,Choose the letter that you hear: uppercase,https://uk.ixl.com/english/reception/choose-the-letter-that-you-hear-uppercase
Early Years,Reception,A,Letter identification,A.4,4,Choose the letter that you hear: lowercase,https://uk.ixl.com/english/reception/choose-the-letter-that-you-hear-lowercase
Early Years,Reception,A,Letter identification,A.5,5,Frequently confused letters: find the letter,https://uk.ixl.com/english/reception/frequently-confused-letters-find-the-letter
Early Years,Reception,A,Letter identification,A.6,6,Frequently confused letters: find all the letters,https://uk.ixl.com/english/reception/frequently-confused-letters-find-all-the-letters
Early Years,Reception,B,Lowercase and uppercase letters,B.1,1,"Choose the lowercase letter that matches: c, k, o, p, s, u, v, w, x, z",https://uk.ixl.com/english/reception/choose-the-lowercase-letter-that-matches-c-k-o-p-s-u-v-w-x-z
Early Years,Reception,B,Lowercase and uppercase letters,B.2,2,"Choose the lowercase letter that matches: f, i, j, l, m, t, y",https://uk.ixl.com/english/reception/choose-the-lowercase-letter-that-matches-f-i-j-l-m-t-y
Early Years,Reception,B,Lowercase and uppercase letters,B.3,3,"Choose the lowercase letter that matches: a, b, d, e, g, h, n, q, r",https://uk.ixl.com/english/reception/choose-the-lowercase-letter-that-matches-a-b-d-e-g-h-n-q-r
Early Years,Reception,B,Lowercase and uppercase letters,B.4,4,Find all the lowercase letters,https://uk.ixl.com/english/reception/find-all-the-lowercase-letters
Early Years,Reception,B,Lowercase and uppercase letters,B.5,5,"Choose the uppercase letter that matches: C, K, O, P, S, U, V, W, X, Z",https://uk.ixl.com/english/reception/choose-the-uppercase-letter-that-matches-c-k-o-p-s-u-v-w-x-z
Early Years,Reception,B,Lowercase and uppercase letters,B.6,6,"Choose the uppercase letter that matches: F, I, J, L, M, T, Y",https://uk.ixl.com/english/reception/choose-the-uppercase-letter-that-matches-f-i-j-l-m-t-y
Early Years,Reception,B,Lowercase and uppercase letters,B.7,7,"Choose the uppercase letter that matches: A, B, D, E, G, H, N, Q, R",https://uk.ixl.com/english/reception/choose-the-uppercase-letter-that-matches-a-b-d-e-g-h-n-q-r
Early Years,Reception,B,Lowercase and uppercase letters,B.8,8,Find all the uppercase letters,https://uk.ixl.com/english/reception/find-all-the-uppercase-letters
Early Years,Reception,C,Word recognition,C.1,1,Choose the two words that are the same,https://uk.ixl.com/english/reception/choose-the-two-words-that-are-the-same
Early Years,Reception,C,Word recognition,C.2,2,Choose the sentence that is spaced correctly,https://uk.ixl.com/english/reception/choose-the-sentence-that-is-spaced-correctly
Early Years,Reception,C,Word recognition,C.3,3,Find a word in a sentence,https://uk.ixl.com/english/reception/find-a-word-in-a-sentence
Early Years,Reception,D,Rhyming,D.1,1,Which word has the same ending?,https://uk.ixl.com/english/reception/which-word-has-the-same-ending
Early Years,Reception,D,Rhyming,D.2,2,Which two words have the same ending?,https://uk.ixl.com/english/reception/which-two-words-have-the-same-ending
Early Years,Reception,D,Rhyming,D.3,3,Choose the picture that rhymes with the word,https://uk.ixl.com/english/reception/choose-the-picture-that-rhymes-with-the-word
Early Years,Reception,E,Blending and segmenting,E.1,1,Blend onset and rime together to make a word,https://uk.ixl.com/english/reception/blend-onset-and-rime-together-to-make-a-word
Early Years,Reception,E,Blending and segmenting,E.2,2,Blend each sound in a word together,https://uk.ixl.com/english/reception/blend-each-sound-in-a-word-together
Early Years,Reception,E,Blending and segmenting,E.3,3,Identify the first sound in a word,https://uk.ixl.com/english/reception/identify-the-first-sound-in-a-word
Early Years,Reception,E,Blending and segmenting,E.4,4,Put the sounds in order,https://uk.ixl.com/english/reception/put-the-sounds-in-order
Early Years,Reception,F,Beginning and ending sounds,F.1,1,Which two words start with the same sound?,https://uk.ixl.com/english/reception/which-two-words-start-with-the-same-sound
Early Years,Reception,F,Beginning and ending sounds,F.2,2,Which two words end with the same sound?,https://uk.ixl.com/english/reception/which-two-words-end-with-the-same-sound
Early Years,Reception,F,Beginning and ending sounds,F.3,3,Which word ends with the same sound?,https://uk.ixl.com/english/reception/which-word-ends-with-the-same-sound
Early Years,Reception,G,Letter-sound associations: uppercase,G.1,1,"Choose the letter that matches the consonant sound: B, D, J, K, P, T, V, Z",https://uk.ixl.com/english/reception/choose-the-letter-that-matches-the-consonant-sound-B-D-J-K-P-T-V-Z
Early Years,Reception,G,Letter-sound associations: uppercase,G.2,2,"Choose the letter that matches the consonant sound: F, L, M, N, R, S",https://uk.ixl.com/english/reception/choose-the-letter-that-matches-the-consonant-sound-F-L-M-N-R-S
Early Years,Reception,G,Letter-sound associations: uppercase,G.3,3,"Choose the letter that matches the consonant sound: C, G, H, W",https://uk.ixl.com/english/reception/choose-the-letter-that-matches-the-consonant-sound-C-G-H-W
Early Years,Reception,G,Letter-sound associations: uppercase,G.4,4,Choose the uppercase letter that matches the consonant sound: review,https://uk.ixl.com/english/reception/choose-the-uppercase-letter-that-matches-the-consonant-sound-review
Early Years,Reception,H,Letter-sound associations: lowercase,H.1,1,Find the word that begins with a given sound,https://uk.ixl.com/english/reception/find-the-word-that-begins-with-a-given-sound
Early Years,Reception,H,Letter-sound associations: lowercase,H.2,2,"Choose the letter that matches the consonant sound: b, d, j, k, p, t, v, z",https://uk.ixl.com/english/reception/choose-the-letter-that-matches-the-consonant-sound-b-d-j-k-p-t-v-z
Early Years,Reception,H,Letter-sound associations: lowercase,H.3,3,"Choose the letter that matches the consonant sound: f, l, m, n, r, s",https://uk.ixl.com/english/reception/choose-the-letter-that-matches-the-consonant-sound-f-l-m-n-r-s
Early Years,Reception,H,Letter-sound associations: lowercase,H.4,4,"Choose the letter that matches the consonant sound: c, g, h, w",https://uk.ixl.com/english/reception/choose-the-letter-that-matches-the-consonant-sound-c-g-h-w
Early Years,Reception,H,Letter-sound associations: lowercase,H.5,5,Choose the lowercase letter that matches the consonant sound: review,https://uk.ixl.com/english/reception/choose-the-lowercase-letter-that-matches-the-consonant-sound-review
Early Years,Reception,I,Short a,I.1,1,Find the short a word,https://uk.ixl.com/english/reception/find-the-short-a-word
Early Years,Reception,I,Short a,I.2,2,Choose the short a word that matches the picture: lowercase,https://uk.ixl.com/english/reception/choose-the-short-a-word-that-matches-the-picture-lowercase
Early Years,Reception,J,Short e,J.1,1,Find the short e word,https://uk.ixl.com/english/reception/find-the-short-e-word
Early Years,Reception,J,Short e,J.2,2,Choose the picture that matches the short e word: lowercase,https://uk.ixl.com/english/reception/choose-the-picture-that-matches-the-short-e-word-lowercase
Early Years,Reception,K,Short i,K.1,1,Find the short i word,https://uk.ixl.com/english/reception/find-the-short-i-word
Early Years,Reception,K,Short i,K.2,2,Choose the short i word that matches the picture: lowercase,https://uk.ixl.com/english/reception/choose-the-short-i-word-that-matches-the-picture-lowercase
Early Years,Reception,L,Short o,L.1,1,Find the short o word,https://uk.ixl.com/english/reception/find-the-short-o-word
Early Years,Reception,L,Short o,L.2,2,Choose the short o word that matches the picture: lowercase,https://uk.ixl.com/english/reception/choose-the-short-o-word-that-matches-the-picture-lowercase
Early Years,Reception,M,Short u,M.1,1,Find the short u word,https://uk.ixl.com/english/reception/find-the-short-u-word
Early Years,Reception,M,Short u,M.2,2,Choose the picture that matches the short u word: lowercase,https://uk.ixl.com/english/reception/choose-the-picture-that-matches-the-short-u-word-lowercase
Early Years,Reception,N,Sight words,N.1,1,Choose the two sight words that are the same,https://uk.ixl.com/english/reception/choose-the-two-sight-words-that-are-the-same
Early Years,Reception,N,Sight words,N.2,2,"Read sight words set 1: a, in, run, the, you",https://uk.ixl.com/english/reception/read-sight-words-set-1-a-in-run-the-you
Early Years,Reception,N,Sight words,N.3,3,"Read sight words set 2: and, had, is, let, to",https://uk.ixl.com/english/reception/read-sight-words-set-2-and-had-is-let-to
Early Years,Reception,N,Sight words,N.4,4,"Read sight words set 3: at, for, I, one, said",https://uk.ixl.com/english/reception/read-sight-words-set-3-at-for-i-one-said
Early Years,Reception,N,Sight words,N.5,5,"Read sight words: review sets 1, 2, 3",https://uk.ixl.com/english/reception/read-sight-words-review-sets-1-2-3
Early Years,Reception,N,Sight words,N.6,6,"Read sight words set 4: can, it, not, up, yes",https://uk.ixl.com/english/reception/read-sight-words-set-4-can-it-not-up-yes
Early Years,Reception,N,Sight words,N.7,7,"Read sight words set 5: an, do, jump, look, make",https://uk.ixl.com/english/reception/read-sight-words-set-5-an-do-jump-look-make
Early Years,Reception,N,Sight words,N.8,8,"Read sight words set 6: down, go, out, so, two",https://uk.ixl.com/english/reception/read-sight-words-set-6-down-go-out-so-two
Early Years,Reception,N,Sight words,N.9,9,"Read sight words: review sets 4, 5, 6",https://uk.ixl.com/english/reception/read-sight-words-review-sets-4-5-6
Early Years,Reception,N,Sight words,N.10,10,"Read sight words set 7: find, my, no, red, see",https://uk.ixl.com/english/reception/read-sight-words-set-7-find-my-no-red-see
Early Years,Reception,N,Sight words,N.11,11,"Read sight words set 8: come, funny, little, me, sit",https://uk.ixl.com/english/reception/read-sight-words-set-8-come-funny-little-me-sit
Early Years,Reception,N,Sight words,N.12,12,"Read sight words set 9: big, help, play, three, yellow",https://uk.ixl.com/english/reception/read-sight-words-set-9-big-help-play-three-yellow
Early Years,Reception,N,Sight words,N.13,13,"Read sight words set 10: away, blue, here, us, where",https://uk.ixl.com/english/reception/read-sight-words-set-10-away-blue-here-us-where
Early Years,Reception,N,Sight words,N.14,14,"Read sight words: review sets 7, 8, 9, 10",https://uk.ixl.com/english/reception/read-sight-words-review-sets-7-8-9-10
Early Years,Reception,N,Sight words,N.15,15,Read sight words: review sets 1–10,https://uk.ixl.com/english/reception/read-sight-words-review-sets-1-10
Early Years,Reception,O,Text features,O.1,1,Identify book parts and features,https://uk.ixl.com/english/reception/identify-book-parts-and-features
Early Years,Reception,P,Reality vs fiction,P.1,1,Which could happen in real life?,https://uk.ixl.com/english/reception/which-could-happen-in-real-life
Early Years,Reception,Q,Inference and analysis,Q.1,1,Which feeling matches the picture?,https://uk.ixl.com/english/reception/which-feeling-matches-the-picture
Early Years,Reception,Q,Inference and analysis,Q.2,2,What will happen next?,https://uk.ixl.com/english/reception/what-will-happen-next
Early Years,Reception,R,Colour and number words,R.1,1,Use colour words,https://uk.ixl.com/english/reception/use-colour-words
Early Years,Reception,R,Colour and number words,R.2,2,Use number words: one to five,https://uk.ixl.com/english/reception/use-number-words-one-to-five
Early Years,Reception,R,Colour and number words,R.3,3,Use number words: six to ten,https://uk.ixl.com/english/reception/use-number-words-six-to-ten
Early Years,Reception,R,Colour and number words,R.4,4,Use number words: one to ten,https://uk.ixl.com/english/reception/use-number-words-one-to-ten
Early Years,Reception,S,Nouns,S.1,1,Choose the singular or plural noun that matches the picture,https://uk.ixl.com/english/reception/choose-the-singular-or-plural-noun-that-matches-the-picture
Early Years,Reception,T,Verbs,T.1,1,Find the picture that matches the action verb,https://uk.ixl.com/english/reception/find-the-picture-that-matches-the-action-verb
Early Years,Reception,U,Adjectives,U.1,1,Compare pictures using adjectives,https://uk.ixl.com/english/reception/compare-pictures-using-adjectives
Early Years,Reception,V,Location words,V.1,1,Inside and outside,https://uk.ixl.com/english/reception/inside-and-outside
Early Years,Reception,V,Location words,V.2,2,Above and below,https://uk.ixl.com/english/reception/above-and-below
Early Years,Reception,V,Location words,V.3,3,Next to and beside,https://uk.ixl.com/english/reception/next-to-and-beside
Early Years,Reception,W,Antonyms,W.1,1,Match antonyms to pictures,https://uk.ixl.com/english/reception/match-antonyms-to-pictures
Early Years,Reception,X,Categories,X.1,1,Sort objects into categories,https://uk.ixl.com/english/reception/sort-objects-into-categories
Early Years,Reception,X,Categories,X.2,2,Which one is not like the others?,https://uk.ixl.com/english/reception/which-one-is-not-like-the-others
Key Stage 1,Year 1,A,Letter identification,A.1,1,Find the letter in the alphabet: uppercase,https://uk.ixl.com/english/year-1/find-the-letter-in-the-alphabet-uppercase
Key Stage 1,Year 1,A,Letter identification,A.2,2,Find the letter in the alphabet: lowercase,https://uk.ixl.com/english/year-1/find-the-letter-in-the-alphabet-lowercase
Key Stage 1,Year 1,A,Letter identification,A.3,3,Choose the letter that you hear: uppercase,https://uk.ixl.com/english/year-1/choose-the-letter-that-you-hear-uppercase
Key Stage 1,Year 1,A,Letter identification,A.4,4,Choose the letter that you hear: lowercase,https://uk.ixl.com/english/year-1/choose-the-letter-that-you-hear-lowercase
Key Stage 1,Year 1,A,Letter identification,A.5,5,Frequently confused letters: find the letter,https://uk.ixl.com/english/year-1/frequently-confused-letters-find-the-letter
Key Stage 1,Year 1,A,Letter identification,A.6,6,Frequently confused letters: find all the letters,https://uk.ixl.com/english/year-1/frequently-confused-letters-find-all-the-letters
Key Stage 1,Year 1,B,Lowercase and uppercase letters,B.1,1,"Choose the lowercase letter that matches: c, k, o, p, s, u, v, w, x, z",https://uk.ixl.com/english/year-1/choose-the-lowercase-letter-that-matches-c-k-o-p-s-u-v-w-x-z
Key Stage 1,Year 1,B,Lowercase and uppercase letters,B.2,2,"Choose the lowercase letter that matches: f, i, j, l, m, t, y",https://uk.ixl.com/english/year-1/choose-the-lowercase-letter-that-matches-f-i-j-l-m-t-y
Key Stage 1,Year 1,B,Lowercase and uppercase letters,B.3,3,"Choose the lowercase letter that matches: a, b, d, e, g, h, n, q, r",https://uk.ixl.com/english/year-1/choose-the-lowercase-letter-that-matches-a-b-d-e-g-h-n-q-r
Key Stage 1,Year 1,B,Lowercase and uppercase letters,B.4,4,Choose the lowercase letter that matches: review,https://uk.ixl.com/english/year-1/choose-the-lowercase-letter-that-matches-review
Key Stage 1,Year 1,B,Lowercase and uppercase letters,B.5,5,Find all the lowercase letters,https://uk.ixl.com/english/year-1/find-all-the-lowercase-letters
Key Stage 1,Year 1,B,Lowercase and uppercase letters,B.6,6,"Choose the uppercase letter that matches: C, K, O, P, S, U, V, W, X, Z",https://uk.ixl.com/english/year-1/choose-the-uppercase-letter-that-matches-c-k-o-p-s-u-v-w-x-z
Key Stage 1,Year 1,B,Lowercase and uppercase letters,B.7,7,"Choose the uppercase letter that matches: F, I, J, L, M, T, Y",https://uk.ixl.com/english/year-1/choose-the-uppercase-letter-that-matches-f-i-j-l-m-t-y
Key Stage 1,Year 1,B,Lowercase and uppercase letters,B.8,8,"Choose the uppercase letter that matches: A, B, D, E, G, H, N, Q, R",https://uk.ixl.com/english/year-1/choose-the-uppercase-letter-that-matches-a-b-d-e-g-h-n-q-r
Key Stage 1,Year 1,B,Lowercase and uppercase letters,B.9,9,Choose the uppercase letter that matches: review,https://uk.ixl.com/english/year-1/choose-the-uppercase-letter-that-matches-review
Key Stage 1,Year 1,B,Lowercase and uppercase letters,B.10,10,Find all the uppercase letters,https://uk.ixl.com/english/year-1/find-all-the-uppercase-letters
Key Stage 1,Year 1,B,Lowercase and uppercase letters,B.11,11,Put the letters in ABC order,https://uk.ixl.com/english/year-1/put-the-letters-in-abc-order
Key Stage 1,Year 1,C,Word recognition,C.1,1,Choose the two words that are the same,https://uk.ixl.com/english/year-1/choose-the-two-words-that-are-the-same
Key Stage 1,Year 1,C,Word recognition,C.2,2,Choose the sentence that is spaced correctly,https://uk.ixl.com/english/year-1/choose-the-sentence-that-is-spaced-correctly
Key Stage 1,Year 1,C,Word recognition,C.3,3,Find a word in a sentence,https://uk.ixl.com/english/year-1/find-a-word-in-a-sentence
Key Stage 1,Year 1,D,Consonants and vowels,D.1,1,Sort consonants and vowels,https://uk.ixl.com/english/year-1/sort-consonants-and-vowels
Key Stage 1,Year 1,D,Consonants and vowels,D.2,2,Find the vowel in the word,https://uk.ixl.com/english/year-1/find-the-vowel-in-the-word
Key Stage 1,Year 1,E,Syllables,E.1,1,How many syllables does the word have?,https://uk.ixl.com/english/year-1/how-many-syllables-does-the-word-have
Key Stage 1,Year 1,E,Syllables,E.2,2,Which word has more syllables?,https://uk.ixl.com/english/year-1/which-word-has-more-syllables
Key Stage 1,Year 1,E,Syllables,E.3,3,Sort by the number of syllables,https://uk.ixl.com/english/year-1/sort-by-the-number-of-syllables
Key Stage 1,Year 1,F,Rhyming,F.1,1,Which word has the same ending?,https://uk.ixl.com/english/year-1/which-word-has-the-same-ending
Key Stage 1,Year 1,F,Rhyming,F.2,2,Which two words have the same ending?,https://uk.ixl.com/english/year-1/which-two-words-have-the-same-ending
Key Stage 1,Year 1,F,Rhyming,F.3,3,Choose the picture that rhymes with the word,https://uk.ixl.com/english/year-1/choose-the-picture-that-rhymes-with-the-word
Key Stage 1,Year 1,F,Rhyming,F.4,4,Which word does not rhyme?,https://uk.ixl.com/english/year-1/which-word-does-not-rhyme
Key Stage 1,Year 1,F,Rhyming,F.5,5,Complete the rhyme,https://uk.ixl.com/english/year-1/complete-the-rhyme
Key Stage 1,Year 1,G,Blending and segmenting,G.1,1,Blend onset and rime together to make a word,https://uk.ixl.com/english/year-1/blend-onset-and-rime-together-to-make-a-word
Key Stage 1,Year 1,G,Blending and segmenting,G.2,2,Blend each sound in a word together,https://uk.ixl.com/english/year-1/blend-each-sound-in-a-word-together
Key Stage 1,Year 1,G,Blending and segmenting,G.3,3,"Identify the first, second and last sound in a word",https://uk.ixl.com/english/year-1/identify-the-first-second-and-last-sound-in-a-word
Key Stage 1,Year 1,G,Blending and segmenting,G.4,4,Put the sounds in order,https://uk.ixl.com/english/year-1/put-the-sounds-in-order
Key Stage 1,Year 1,H,Beginning and ending sounds,H.1,1,Which two words start with the same sound?,https://uk.ixl.com/english/year-1/which-two-words-start-with-the-same-sound
Key Stage 1,Year 1,H,Beginning and ending sounds,H.2,2,Which word ends with the same sound?,https://uk.ixl.com/english/year-1/which-word-ends-with-the-same-sound
Key Stage 1,Year 1,H,Beginning and ending sounds,H.3,3,Which two words end with the same sound?,https://uk.ixl.com/english/year-1/which-two-words-end-with-the-same-sound
Key Stage 1,Year 1,I,Letter-sound associations,I.1,1,Find the words that begin with a given sound,https://uk.ixl.com/english/year-1/find-the-words-that-begin-with-a-given-sound
Key Stage 1,Year 1,I,Letter-sound associations,I.2,2,"Choose the letter that matches the consonant sound: b, d, j, k, p, t, v, z",https://uk.ixl.com/english/year-1/choose-the-letter-that-matches-the-consonant-sound-b-d-j-k-p-t-v-z
Key Stage 1,Year 1,I,Letter-sound associations,I.3,3,"Choose the letter that matches the consonant sound: f, l, m, n, r, s",https://uk.ixl.com/english/year-1/choose-the-letter-that-matches-the-consonant-sound-f-l-m-n-r-s
Key Stage 1,Year 1,I,Letter-sound associations,I.4,4,"Choose the letter that matches the consonant sound: c, g, h, w",https://uk.ixl.com/english/year-1/choose-the-letter-that-matches-the-consonant-sound-c-g-h-w
Key Stage 1,Year 1,I,Letter-sound associations,I.5,5,Choose the letter that matches the consonant sound: review,https://uk.ixl.com/english/year-1/choose-the-letter-that-matches-the-consonant-sound-review
Key Stage 1,Year 1,I,Letter-sound associations,I.6,6,Which letter does the word start with?,https://uk.ixl.com/english/year-1/which-letter-does-the-word-start-with
Key Stage 1,Year 1,I,Letter-sound associations,I.7,7,Which letter does the word end with?,https://uk.ixl.com/english/year-1/which-letter-does-the-word-end-with
Key Stage 1,Year 1,J,Consonant blends and digraphs,J.1,1,Which consonant blend does the word start with?,https://uk.ixl.com/english/year-1/which-consonant-blend-does-the-word-start-with
Key Stage 1,Year 1,J,Consonant blends and digraphs,J.2,2,Complete the word with the right initial consonant blend,https://uk.ixl.com/english/year-1/complete-the-word-with-the-right-initial-consonant-blend
Key Stage 1,Year 1,J,Consonant blends and digraphs,J.3,3,Does the word start with a consonant blend?,https://uk.ixl.com/english/year-1/does-the-word-start-with-a-consonant-blend
Key Stage 1,Year 1,J,Consonant blends and digraphs,J.4,4,Which consonant blend does the word end with?,https://uk.ixl.com/english/year-1/which-consonant-blend-does-the-word-end-with
Key Stage 1,Year 1,J,Consonant blends and digraphs,J.5,5,Complete the word with the right final consonant blend,https://uk.ixl.com/english/year-1/complete-the-word-with-the-right-final-consonant-blend
Key Stage 1,Year 1,J,Consonant blends and digraphs,J.6,6,Does the word end with a consonant blend?,https://uk.ixl.com/english/year-1/does-the-word-end-with-a-consonant-blend
Key Stage 1,Year 1,J,Consonant blends and digraphs,J.7,7,"Choose the word that matches the picture: -ss, -ll, -ff, -zz, -ck",https://uk.ixl.com/english/year-1/choose-the-word-that-matches-the-picture-ss-ll-ff-zz-ck
Key Stage 1,Year 1,J,Consonant blends and digraphs,J.8,8,Choose the correct digraph,https://uk.ixl.com/english/year-1/choose-the-correct-digraph
Key Stage 1,Year 1,K,Short a,K.1,1,Find the short a word,https://uk.ixl.com/english/year-1/find-the-short-a-word
Key Stage 1,Year 1,K,Short a,K.2,2,Choose the short a word that matches the picture,https://uk.ixl.com/english/year-1/choose-the-short-a-word-that-matches-the-picture
Key Stage 1,Year 1,K,Short a,K.3,3,Complete the short a word,https://uk.ixl.com/english/year-1/complete-the-short-a-word
Key Stage 1,Year 1,K,Short a,K.4,4,Choose the short a sentence that matches the picture,https://uk.ixl.com/english/year-1/choose-the-short-a-sentence-that-matches-the-picture
Key Stage 1,Year 1,L,Short e,L.1,1,Find the short e word,https://uk.ixl.com/english/year-1/find-the-short-e-word
Key Stage 1,Year 1,L,Short e,L.2,2,Choose the picture that matches the short e word,https://uk.ixl.com/english/year-1/choose-the-picture-that-matches-the-short-e-word
Key Stage 1,Year 1,L,Short e,L.3,3,Complete the short e word,https://uk.ixl.com/english/year-1/complete-the-short-e-word
Key Stage 1,Year 1,L,Short e,L.4,4,Choose the short e sentence that matches the picture,https://uk.ixl.com/english/year-1/choose-the-short-e-sentence-that-matches-the-picture
Key Stage 1,Year 1,M,Short i,M.1,1,Find the short i word,https://uk.ixl.com/english/year-1/find-the-short-i-word
Key Stage 1,Year 1,M,Short i,M.2,2,Choose the short i word that matches the picture,https://uk.ixl.com/english/year-1/choose-the-short-i-word-that-matches-the-picture
Key Stage 1,Year 1,M,Short i,M.3,3,Complete the short i words,https://uk.ixl.com/english/year-1/complete-the-short-i-words
Key Stage 1,Year 1,M,Short i,M.4,4,Choose the short i sentence that matches the picture,https://uk.ixl.com/english/year-1/choose-the-short-i-sentence-that-matches-the-picture
Key Stage 1,Year 1,N,Short o,N.1,1,Find the short o word,https://uk.ixl.com/english/year-1/find-the-short-o-word
Key Stage 1,Year 1,N,Short o,N.2,2,Choose the short o word that matches the picture,https://uk.ixl.com/english/year-1/choose-the-short-o-word-that-matches-the-picture
Key Stage 1,Year 1,N,Short o,N.3,3,Complete the short o word,https://uk.ixl.com/english/year-1/complete-the-short-o-word
Key Stage 1,Year 1,N,Short o,N.4,4,Choose the short o sentence that matches the picture,https://uk.ixl.com/english/year-1/choose-the-short-o-sentence-that-matches-the-picture
Key Stage 1,Year 1,O,Short u,O.1,1,Find the short u word,https://uk.ixl.com/english/year-1/find-the-short-u-word
Key Stage 1,Year 1,O,Short u,O.2,2,Choose the picture that matches the short u word,https://uk.ixl.com/english/year-1/choose-the-picture-that-matches-the-short-u-word
Key Stage 1,Year 1,O,Short u,O.3,3,Complete the short u word,https://uk.ixl.com/english/year-1/complete-the-short-u-word
Key Stage 1,Year 1,O,Short u,O.4,4,Choose the short u sentence that matches the picture,https://uk.ixl.com/english/year-1/choose-the-short-u-sentence-that-matches-the-picture
Key Stage 1,Year 1,P,Short vowels,P.1,1,Identify the short vowel sound in a word,https://uk.ixl.com/english/year-1/identify-the-short-vowel-sound-in-a-word
Key Stage 1,Year 1,P,Short vowels,P.2,2,Complete the word with the right short vowel,https://uk.ixl.com/english/year-1/complete-the-word-with-the-right-short-vowel
Key Stage 1,Year 1,P,Short vowels,P.3,3,Spell the short vowel word,https://uk.ixl.com/english/year-1/spell-the-short-vowel-word
Key Stage 1,Year 1,P,Short vowels,P.4,4,Complete the sentence with the correct short vowel word,https://uk.ixl.com/english/year-1/complete-the-sentence-with-the-correct-short-vowel-word
Key Stage 1,Year 1,P,Short vowels,P.5,5,Read questions with short vowel words,https://uk.ixl.com/english/year-1/read-questions-with-short-vowel-words
Key Stage 1,Year 1,Q,Long vowels,Q.1,1,Find the word with the same vowel sound,https://uk.ixl.com/english/year-1/find-the-word-with-the-same-vowel-sound
Key Stage 1,Year 1,Q,Long vowels,Q.2,2,Which two words have the same vowel sound?,https://uk.ixl.com/english/year-1/which-two-words-have-the-same-vowel-sound
Key Stage 1,Year 1,Q,Long vowels,Q.3,3,Find the long a word,https://uk.ixl.com/english/year-1/find-the-long-a-word
Key Stage 1,Year 1,Q,Long vowels,Q.4,4,Find the long e word,https://uk.ixl.com/english/year-1/find-the-long-e-word
Key Stage 1,Year 1,Q,Long vowels,Q.5,5,Find the long i word,https://uk.ixl.com/english/year-1/find-the-long-i-word
Key Stage 1,Year 1,Q,Long vowels,Q.6,6,Find the long o word,https://uk.ixl.com/english/year-1/find-the-long-o-word
Key Stage 1,Year 1,Q,Long vowels,Q.7,7,Find the long u word,https://uk.ixl.com/english/year-1/find-the-long-u-word
Key Stage 1,Year 1,Q,Long vowels,Q.8,8,Sort short and long vowel words,https://uk.ixl.com/english/year-1/sort-short-and-long-vowel-words
Key Stage 1,Year 1,R,Sight words,R.1,1,Choose the two sight words that are the same,https://uk.ixl.com/english/year-1/choose-the-two-sight-words-that-are-the-same
Key Stage 1,Year 1,R,Sight words,R.2,2,"Read sight words set 1: ate, he, of, that, was",https://uk.ixl.com/english/year-1/read-sight-words-set-1-ate-he-of-that-was
Key Stage 1,Year 1,R,Sight words,R.3,3,"Read sight words set 2: are, green, on, please, they",https://uk.ixl.com/english/year-1/read-sight-words-set-2-are-green-on-please-they
Key Stage 1,Year 1,R,Sight words,R.4,4,"Read sight words set 3: be, have, or, pretty, this",https://uk.ixl.com/english/year-1/read-sight-words-set-3-be-have-or-pretty-this
Key Stage 1,Year 1,R,Sight words,R.5,5,"Read sight words: review sets 1, 2, 3",https://uk.ixl.com/english/year-1/read-sight-words-review-sets-1-2-3
Key Stage 1,Year 1,R,Sight words,R.6,6,"Read sight words set 4: all, but, ride, saw, what",https://uk.ixl.com/english/year-1/read-sight-words-set-4-all-but-ride-saw-what
Key Stage 1,Year 1,R,Sight words,R.7,7,"Read sight words set 5: about, like, she, under, we",https://uk.ixl.com/english/year-1/read-sight-words-set-5-about-like-she-under-we
Key Stage 1,Year 1,R,Sight words,R.8,8,"Read sight words set 6: black, into, made, ran, white",https://uk.ixl.com/english/year-1/read-sight-words-set-6-black-into-made-ran-white
Key Stage 1,Year 1,R,Sight words,R.9,9,"Read sight words: review sets 4, 5, 6",https://uk.ixl.com/english/year-1/read-sight-words-review-sets-4-5-6
Key Stage 1,Year 1,R,Sight words,R.10,10,"Read sight words set 7: am, did, get, now, well",https://uk.ixl.com/english/year-1/read-sight-words-set-7-am-did-get-now-well
Key Stage 1,Year 1,R,Sight words,R.11,11,"Read sight words set 8: fast, good, him, take, will",https://uk.ixl.com/english/year-1/read-sight-words-set-8-fast-good-him-take-will
Key Stage 1,Year 1,R,Sight words,R.12,12,"Read sight words set 9: came, going, say, too, with",https://uk.ixl.com/english/year-1/read-sight-words-set-9-came-going-say-too-with
Key Stage 1,Year 1,R,Sight words,R.13,13,"Read sight words set 10: brown, does, eat, must, went",https://uk.ixl.com/english/year-1/read-sight-words-set-10-brown-does-eat-must-went
Key Stage 1,Year 1,R,Sight words,R.14,14,"Read sight words: review sets 7, 8, 9, 10",https://uk.ixl.com/english/year-1/read-sight-words-review-sets-7-8-9-10
Key Stage 1,Year 1,R,Sight words,R.15,15,Read sight words: review sets 1–10,https://uk.ixl.com/english/year-1/read-sight-words-review-sets-1-10
Key Stage 1,Year 1,R,Sight words,R.16,16,Complete the sentence with the correct sight word,https://uk.ixl.com/english/year-1/complete-the-sentence-with-the-correct-sight-word
Key Stage 1,Year 1,R,Sight words,R.17,17,Spell the sight word,https://uk.ixl.com/english/year-1/spell-the-sight-word
Key Stage 1,Year 1,S,Text features,S.1,1,Identify book parts and features,https://uk.ixl.com/english/year-1/identify-book-parts-and-features
Key Stage 1,Year 1,T,Reality vs fiction,T.1,1,Which could happen in real life?,https://uk.ixl.com/english/year-1/which-could-happen-in-real-life
Key Stage 1,Year 1,U,Main idea,U.1,1,What is the picture about?,https://uk.ixl.com/english/year-1/what-is-the-picture-about
Key Stage 1,Year 1,V,Inference and analysis,V.1,1,Which feeling matches the picture?,https://uk.ixl.com/english/year-1/which-feeling-matches-the-picture
Key Stage 1,Year 1,V,Inference and analysis,V.2,2,What will happen next?,https://uk.ixl.com/english/year-1/what-will-happen-next
Key Stage 1,Year 1,W,Riddles,W.1,1,What am I?,https://uk.ixl.com/english/year-1/what-am-i
Key Stage 1,Year 1,X,Colour and number words,X.1,1,Use number words: one to ten,https://uk.ixl.com/english/year-1/use-number-words-one-to-ten
Key Stage 1,Year 1,X,Colour and number words,X.2,2,Use colour words,https://uk.ixl.com/english/year-1/use-colour-words
Key Stage 1,Year 1,Y,Adjectives and verbs,Y.1,1,Compare pictures using adjectives,https://uk.ixl.com/english/year-1/compare-pictures-using-adjectives
Key Stage 1,Year 1,Y,Adjectives and verbs,Y.2,2,Find the picture that matches the action verb,https://uk.ixl.com/english/year-1/find-the-picture-that-matches-the-action-verb
Key Stage 1,Year 1,Z,Location words,Z.1,1,"Inside and outside, above and below, next to and beside",https://uk.ixl.com/english/year-1/inside-and-outside-above-and-below-next-to-and-beside
Key Stage 1,Year 1,Z,Location words,Z.2,2,Choose the best location word to match the picture,https://uk.ixl.com/english/year-1/choose-the-best-location-word-to-match-the-picture
Key Stage 1,Year 1,AA,Question words,AA.1,1,"Who, what, when, where or why?",https://uk.ixl.com/english/year-1/who-what-when-where-or-why
Key Stage 1,Year 1,BB,Synonyms and antonyms,BB.1,1,Match antonyms to pictures,https://uk.ixl.com/english/year-1/match-antonyms-to-pictures
Key Stage 1,Year 1,BB,Synonyms and antonyms,BB.2,2,Match synonyms,https://uk.ixl.com/english/year-1/match-synonyms
Key Stage 1,Year 1,CC,Categories,CC.1,1,Sort objects into categories,https://uk.ixl.com/english/year-1/sort-objects-into-categories
Key Stage 1,Year 1,CC,Categories,CC.2,2,Which one is not like the others?,https://uk.ixl.com/english/year-1/which-one-is-not-like-the-others
Key Stage 1,Year 1,DD,Multiple-meaning words,DD.1,1,Multiple-meaning words with pictures,https://uk.ixl.com/english/year-1/multiple-meaning-words-with-pictures
Key Stage 1,Year 1,EE,Sentences,EE.1,1,Is it a telling sentence or an asking sentence?,https://uk.ixl.com/english/year-1/is-it-a-telling-sentence-or-an-asking-sentence
Key Stage 1,Year 1,EE,Sentences,EE.2,2,Identify and use end marks,https://uk.ixl.com/english/year-1/identify-and-use-end-marks
Key Stage 1,Year 1,EE,Sentences,EE.3,3,Find the complete sentence,https://uk.ixl.com/english/year-1/find-the-complete-sentence
Key Stage 1,Year 1,EE,Sentences,EE.4,4,Unscramble the words to make a complete sentence,https://uk.ixl.com/english/year-1/unscramble-the-words-to-make-a-complete-sentence
Key Stage 1,Year 1,FF,Capitalisation,FF.1,1,Capitalise the first letter of a sentence,https://uk.ixl.com/english/year-1/capitalise-the-first-letter-of-a-sentence
Key Stage 1,Year 1,FF,Capitalisation,FF.2,2,Capitalise the pronoun 'I',https://uk.ixl.com/english/year-1/capitalise-the-pronoun-i
Key Stage 1,Year 1,GG,Nouns,GG.1,1,"Is the noun a person, animal, place or thing?",https://uk.ixl.com/english/year-1/is-the-noun-a-person-animal-place-or-thing
Key Stage 1,Year 1,GG,Nouns,GG.2,2,Choose the singular or plural noun that matches the picture,https://uk.ixl.com/english/year-1/choose-the-singular-or-plural-noun-that-matches-the-picture
Key Stage 1,Year 1,HH,Verbs,HH.1,1,Find the action verb with images,https://uk.ixl.com/english/year-1/find-the-action-verb-with-images
Key Stage 1,Year 1,HH,Verbs,HH.2,2,Find the action verb,https://uk.ixl.com/english/year-1/find-the-action-verb
Key Stage 1,Year 1,HH,Verbs,HH.3,3,Complete the sentence with an action verb to match the picture,https://uk.ixl.com/english/year-1/complete-the-sentence-with-an-action-verb-to-match-the-picture
Key Stage 1,Year 2,A,Consonants and vowels,A.1,1,Sort consonants and vowels,https://uk.ixl.com/english/year-2/sort-consonants-and-vowels
Key Stage 1,Year 2,A,Consonants and vowels,A.2,2,Find the vowels in a word,https://uk.ixl.com/english/year-2/find-the-vowels-in-a-word
Key Stage 1,Year 2,B,Syllables,B.1,1,How many syllables does the word have?,https://uk.ixl.com/english/year-2/how-many-syllables-does-the-word-have
Key Stage 1,Year 2,B,Syllables,B.2,2,Sort by the number of syllables,https://uk.ixl.com/english/year-2/sort-by-the-number-of-syllables
Key Stage 1,Year 2,C,Rhyming,C.1,1,Choose the picture that rhymes with the word,https://uk.ixl.com/english/year-2/choose-the-picture-that-rhymes-with-the-word
Key Stage 1,Year 2,C,Rhyming,C.2,2,Which word does not rhyme?,https://uk.ixl.com/english/year-2/which-word-does-not-rhyme
Key Stage 1,Year 2,C,Rhyming,C.3,3,Complete the rhyme,https://uk.ixl.com/english/year-2/complete-the-rhyme
Key Stage 1,Year 2,C,Rhyming,C.4,4,Complete the poem with a word that rhymes,https://uk.ixl.com/english/year-2/complete-the-poem-with-a-word-that-rhymes
Key Stage 1,Year 2,D,Blending and segmenting,D.1,1,Blend each sound in a word together,https://uk.ixl.com/english/year-2/blend-each-sound-in-a-word-together
Key Stage 1,Year 2,D,Blending and segmenting,D.2,2,Identify each sound in a word,https://uk.ixl.com/english/year-2/identify-each-sound-in-a-word
Key Stage 1,Year 2,D,Blending and segmenting,D.3,3,Put the sounds in order,https://uk.ixl.com/english/year-2/put-the-sounds-in-order
Key Stage 1,Year 2,E,Consonant sounds and letters,E.1,1,Which two words start with the same sound?,https://uk.ixl.com/english/year-2/which-two-words-start-with-the-same-sound
Key Stage 1,Year 2,E,Consonant sounds and letters,E.2,2,Which two words end with the same sound?,https://uk.ixl.com/english/year-2/which-two-words-end-with-the-same-sound
Key Stage 1,Year 2,E,Consonant sounds and letters,E.3,3,Which letter does the word start with?,https://uk.ixl.com/english/year-2/which-letter-does-the-word-start-with
Key Stage 1,Year 2,E,Consonant sounds and letters,E.4,4,Which letter does the word end with?,https://uk.ixl.com/english/year-2/which-letter-does-the-word-end-with
Key Stage 1,Year 2,F,Consonant blends and digraphs,F.1,1,Complete the word with the right initial consonant blend,https://uk.ixl.com/english/year-2/complete-the-word-with-the-right-initial-consonant-blend
Key Stage 1,Year 2,F,Consonant blends and digraphs,F.2,2,Does the word start with a consonant blend?,https://uk.ixl.com/english/year-2/does-the-word-start-with-a-consonant-blend
Key Stage 1,Year 2,F,Consonant blends and digraphs,F.3,3,Complete the word with the right final consonant blend,https://uk.ixl.com/english/year-2/complete-the-word-with-the-right-final-consonant-blend
Key Stage 1,Year 2,F,Consonant blends and digraphs,F.4,4,Does the word end with a consonant blend?,https://uk.ixl.com/english/year-2/does-the-word-end-with-a-consonant-blend
Key Stage 1,Year 2,F,Consonant blends and digraphs,F.5,5,Fill in the missing consonant blend,https://uk.ixl.com/english/year-2/fill-in-the-missing-consonant-blend
Key Stage 1,Year 2,F,Consonant blends and digraphs,F.6,6,"Complete the word to match the picture: -ss, -ll, -ff, -zz, -ck",https://uk.ixl.com/english/year-2/complete-the-word-to-match-the-picture-ss-ll-ff-zz-ck
Key Stage 1,Year 2,F,Consonant blends and digraphs,F.7,7,Choose the correct digraph,https://uk.ixl.com/english/year-2/choose-the-correct-digraph
Key Stage 1,Year 2,F,Consonant blends and digraphs,F.8,8,Complete the word with the right digraph,https://uk.ixl.com/english/year-2/complete-the-word-with-the-right-digraph
Key Stage 1,Year 2,F,Consonant blends and digraphs,F.9,9,Spell the digraph word,https://uk.ixl.com/english/year-2/spell-the-digraph-word
Key Stage 1,Year 2,F,Consonant blends and digraphs,F.10,10,Sort by initial consonant blend or digraph,https://uk.ixl.com/english/year-2/sort-by-initial-consonant-blend-or-digraph
Key Stage 1,Year 2,G,Short a,G.1,1,Choose the short a word that matches the picture,https://uk.ixl.com/english/year-2/choose-the-short-a-word-that-matches-the-picture
Key Stage 1,Year 2,G,Short a,G.2,2,Complete the short a word,https://uk.ixl.com/english/year-2/complete-the-short-a-word
Key Stage 1,Year 2,G,Short a,G.3,3,Choose the short a sentence that matches the picture,https://uk.ixl.com/english/year-2/choose-the-short-a-sentence-that-matches-the-picture
Key Stage 1,Year 2,H,Short e,H.1,1,Choose the picture that matches the short e word,https://uk.ixl.com/english/year-2/choose-the-picture-that-matches-the-short-e-word
Key Stage 1,Year 2,H,Short e,H.2,2,Complete the short e word,https://uk.ixl.com/english/year-2/complete-the-short-e-word
Key Stage 1,Year 2,H,Short e,H.3,3,Choose the short e sentence that matches the picture,https://uk.ixl.com/english/year-2/choose-the-short-e-sentence-that-matches-the-picture
Key Stage 1,Year 2,I,Short i,I.1,1,Choose the short i word that matches the picture,https://uk.ixl.com/english/year-2/choose-the-short-i-word-that-matches-the-picture
Key Stage 1,Year 2,I,Short i,I.2,2,Complete the short i words,https://uk.ixl.com/english/year-2/complete-the-short-i-words
Key Stage 1,Year 2,I,Short i,I.3,3,Choose the short i sentence that matches the picture,https://uk.ixl.com/english/year-2/choose-the-short-i-sentence-that-matches-the-picture
Key Stage 1,Year 2,J,Short o,J.1,1,Choose the short o word that matches the picture,https://uk.ixl.com/english/year-2/choose-the-short-o-word-that-matches-the-picture
Key Stage 1,Year 2,J,Short o,J.2,2,Complete the short o word,https://uk.ixl.com/english/year-2/complete-the-short-o-word
Key Stage 1,Year 2,J,Short o,J.3,3,Choose the short o sentence that matches the picture,https://uk.ixl.com/english/year-2/choose-the-short-o-sentence-that-matches-the-picture
Key Stage 1,Year 2,K,Short u,K.1,1,Choose the picture that matches the short u word,https://uk.ixl.com/english/year-2/choose-the-picture-that-matches-the-short-u-word
Key Stage 1,Year 2,K,Short u,K.2,2,Complete the short u word,https://uk.ixl.com/english/year-2/complete-the-short-u-word
Key Stage 1,Year 2,K,Short u,K.3,3,Choose the short u sentence that matches the picture,https://uk.ixl.com/english/year-2/choose-the-short-u-sentence-that-matches-the-picture
Key Stage 1,Year 2,L,Short vowels,L.1,1,Identify the short vowel sound in a word,https://uk.ixl.com/english/year-2/identify-the-short-vowel-sound-in-a-word
Key Stage 1,Year 2,L,Short vowels,L.2,2,Complete the word with the right short vowel,https://uk.ixl.com/english/year-2/complete-the-word-with-the-right-short-vowel
Key Stage 1,Year 2,L,Short vowels,L.3,3,Spell the short vowel word,https://uk.ixl.com/english/year-2/spell-the-short-vowel-word
Key Stage 1,Year 2,L,Short vowels,L.4,4,Complete the sentence with the correct short vowel word,https://uk.ixl.com/english/year-2/complete-the-sentence-with-the-correct-short-vowel-word
Key Stage 1,Year 2,M,Short and long vowel sounds,M.1,1,Find the word with the same vowel sound,https://uk.ixl.com/english/year-2/find-the-word-with-the-same-vowel-sound
Key Stage 1,Year 2,M,Short and long vowel sounds,M.2,2,Which two words have the same vowel sound?,https://uk.ixl.com/english/year-2/which-two-words-have-the-same-vowel-sound
Key Stage 1,Year 2,M,Short and long vowel sounds,M.3,3,Sort short and long vowel words,https://uk.ixl.com/english/year-2/sort-short-and-long-vowel-words
Key Stage 1,Year 2,N,Silent e,N.1,1,Choose the silent e word that matches the picture,https://uk.ixl.com/english/year-2/choose-the-silent-e-word-that-matches-the-picture
Key Stage 1,Year 2,N,Silent e,N.2,2,Complete the silent e words,https://uk.ixl.com/english/year-2/complete-the-silent-e-words
Key Stage 1,Year 2,N,Silent e,N.3,3,Spell the silent e word,https://uk.ixl.com/english/year-2/spell-the-silent-e-word
Key Stage 1,Year 2,N,Silent e,N.4,4,Choose the silent e sentence that matches the picture,https://uk.ixl.com/english/year-2/choose-the-silent-e-sentence-that-matches-the-picture
Key Stage 1,Year 2,O,Vowel digraphs,O.1,1,Choose the picture that matches the vowel digraph word,https://uk.ixl.com/english/year-2/choose-the-picture-that-matches-the-vowel-digraph-word
Key Stage 1,Year 2,O,Vowel digraphs,O.2,2,Complete the vowel digraph words,https://uk.ixl.com/english/year-2/complete-the-vowel-digraph-words
Key Stage 1,Year 2,O,Vowel digraphs,O.3,3,Complete the word with the right vowel digraph,https://uk.ixl.com/english/year-2/complete-the-word-with-the-right-vowel-digraph
Key Stage 1,Year 2,O,Vowel digraphs,O.4,4,Choose the vowel digraph sentence that matches the picture,https://uk.ixl.com/english/year-2/choose-the-vowel-digraph-sentence-that-matches-the-picture
Key Stage 1,Year 2,P,Short and long vowel patterns,P.1,1,Match the short a and long a words to pictures,https://uk.ixl.com/english/year-2/match-the-short-a-and-long-a-words-to-pictures
Key Stage 1,Year 2,P,Short and long vowel patterns,P.2,2,Match the short e and long e words to pictures,https://uk.ixl.com/english/year-2/match-the-short-e-and-long-e-words-to-pictures
Key Stage 1,Year 2,P,Short and long vowel patterns,P.3,3,Choose the short i or long i word that matches the picture,https://uk.ixl.com/english/year-2/choose-the-short-i-or-long-i-word-that-matches-the-picture
Key Stage 1,Year 2,P,Short and long vowel patterns,P.4,4,Choose the short o or long o word that matches the picture,https://uk.ixl.com/english/year-2/choose-the-short-o-or-long-o-word-that-matches-the-picture
Key Stage 1,Year 2,P,Short and long vowel patterns,P.5,5,Choose the short u or long u word that matches the picture,https://uk.ixl.com/english/year-2/choose-the-short-u-or-long-u-word-that-matches-the-picture
Key Stage 1,Year 2,P,Short and long vowel patterns,P.6,6,Use spelling patterns to sort long and short vowel words,https://uk.ixl.com/english/year-2/use-spelling-patterns-to-sort-long-and-short-vowel-words
Key Stage 1,Year 2,Q,"Diphthongs: oi, oy, ou, ow",Q.1,1,Choose the diphthong word that matches the picture,https://uk.ixl.com/english/year-2/choose-the-diphthong-word-that-matches-the-picture
Key Stage 1,Year 2,Q,"Diphthongs: oi, oy, ou, ow",Q.2,2,"Complete the word with the right diphthong: oi, oy, ou, ow",https://uk.ixl.com/english/year-2/complete-the-word-with-the-right-diphthong-oi-oy-ou-ow
Key Stage 1,Year 2,R,Two-syllable words,R.1,1,Put two syllables together to create a word: easier,https://uk.ixl.com/english/year-2/put-two-syllables-together-to-create-a-word-easier
Key Stage 1,Year 2,R,Two-syllable words,R.2,2,Put two syllables together to create a word: harder,https://uk.ixl.com/english/year-2/put-two-syllables-together-to-create-a-word-harder
Key Stage 1,Year 2,R,Two-syllable words,R.3,3,Complete the two-syllable words,https://uk.ixl.com/english/year-2/complete-the-two-syllable-words
Key Stage 1,Year 2,R,Two-syllable words,R.4,4,Complete the sentence with a two-syllable word,https://uk.ixl.com/english/year-2/complete-the-sentence-with-a-two-syllable-word
Key Stage 1,Year 2,S,Sight words,S.1,1,"Read sight words set 1: again, each, from, may, stop, than, when",https://uk.ixl.com/english/year-2/read-sight-words-set-1-again-each-from-may-stop-than-when
Key Stage 1,Year 2,S,Sight words,S.2,2,"Read sight words set 2: after, best, gave, has, once, them, were",https://uk.ixl.com/english/year-2/read-sight-words-set-2-after-best-gave-has-once-them-were
Key Stage 1,Year 2,S,Sight words,S.3,3,"Read sight words set 3: as, by, four, her, more, some, think, way",https://uk.ixl.com/english/year-2/read-sight-words-set-3-as-by-four-her-more-some-think-way
Key Stage 1,Year 2,S,Sight words,S.4,4,"Read sight words: review sets 1, 2, 3",https://uk.ixl.com/english/year-2/read-sight-words-review-sets-1-2-3
Key Stage 1,Year 2,S,Sight words,S.5,5,"Read sight words set 4: every, could, how, over, put, there, who",https://uk.ixl.com/english/year-2/read-sight-words-set-4-every-could-how-over-put-there-who
Key Stage 1,Year 2,S,Sight words,S.6,6,"Read sight words set 5: ask, five, just, long, read, then, want",https://uk.ixl.com/english/year-2/read-sight-words-set-5-ask-five-just-long-read-then-want
Key Stage 1,Year 2,S,Sight words,S.7,7,"Read sight words set 6: any, give, his, new, open, sleep, wish",https://uk.ixl.com/english/year-2/read-sight-words-set-6-any-give-his-new-open-sleep-wish
Key Stage 1,Year 2,S,Sight words,S.8,8,"Read sight words set 7: also, fly, know, live, old, soon, why",https://uk.ixl.com/english/year-2/read-sight-words-set-7-also-fly-know-live-old-soon-why
Key Stage 1,Year 2,S,Sight words,S.9,9,"Read sight words: review sets 4, 5, 6, 7",https://uk.ixl.com/english/year-2/read-sight-words-review-sets-4-5-6-7
Key Stage 1,Year 2,S,Sight words,S.10,10,Read sight words: review sets 1–7,https://uk.ixl.com/english/year-2/read-sight-words-review-sets-1-7
Key Stage 1,Year 2,S,Sight words,S.11,11,Complete the sentence with the correct sight word,https://uk.ixl.com/english/year-2/complete-the-sentence-with-the-correct-sight-word
Key Stage 1,Year 2,S,Sight words,S.12,12,Spell the sight word,https://uk.ixl.com/english/year-2/spell-the-sight-word
Key Stage 1,Year 2,T,Reality vs fiction,T.1,1,Which could happen in real life?,https://uk.ixl.com/english/year-2/which-could-happen-in-real-life
Key Stage 1,Year 2,U,Main idea,U.1,1,What is the picture about?,https://uk.ixl.com/english/year-2/what-is-the-picture-about
Key Stage 1,Year 2,V,Inference and analysis,V.1,1,Which feeling matches the picture?,https://uk.ixl.com/english/year-2/which-feeling-matches-the-picture
Key Stage 1,Year 2,V,Inference and analysis,V.2,2,What will happen next?,https://uk.ixl.com/english/year-2/what-will-happen-next
Key Stage 1,Year 2,V,Inference and analysis,V.3,3,What am I?,https://uk.ixl.com/english/year-2/what-am-i
Key Stage 1,Year 2,V,Inference and analysis,V.4,4,Use actions and dialogue to understand characters,https://uk.ixl.com/english/year-2/use-actions-and-dialogue-to-understand-characters
Key Stage 1,Year 2,W,Nouns and adjectives,W.1,1,Complete the sentence with a noun to match the picture,https://uk.ixl.com/english/year-2/complete-the-sentence-with-a-noun-to-match-the-picture
Key Stage 1,Year 2,W,Nouns and adjectives,W.2,2,Compare pictures using adjectives,https://uk.ixl.com/english/year-2/compare-pictures-using-adjectives
Key Stage 1,Year 2,W,Nouns and adjectives,W.3,3,Use number words,https://uk.ixl.com/english/year-2/use-number-words
Key Stage 1,Year 2,X,Categories,X.1,1,Sort words into categories,https://uk.ixl.com/english/year-2/sort-words-into-categories
Key Stage 1,Year 2,X,Categories,X.2,2,Which word is not like the others?,https://uk.ixl.com/english/year-2/which-word-is-not-like-the-others
Key Stage 1,Year 2,Y,Synonyms and antonyms,Y.1,1,Choose the synonyms,https://uk.ixl.com/english/year-2/choose-the-synonyms
Key Stage 1,Year 2,Y,Synonyms and antonyms,Y.2,2,Choose the antonyms,https://uk.ixl.com/english/year-2/choose-the-antonyms
Key Stage 1,Year 2,Z,Multiple-meaning words,Z.1,1,Multiple-meaning words with pictures,https://uk.ixl.com/english/year-2/multiple-meaning-words-with-pictures
Key Stage 1,Year 2,AA,Shades of meaning,AA.1,1,Find the words with related meanings,https://uk.ixl.com/english/year-2/find-the-words-with-related-meanings
Key Stage 1,Year 2,AA,Shades of meaning,AA.2,2,Describe the difference between related words,https://uk.ixl.com/english/year-2/describe-the-difference-between-related-words
Key Stage 1,Year 2,AA,Shades of meaning,AA.3,3,Order related words based on meaning,https://uk.ixl.com/english/year-2/order-related-words-based-on-meaning
Key Stage 1,Year 2,BB,Prefixes and suffixes,BB.1,1,Use words with prefixes and suffixes,https://uk.ixl.com/english/year-2/use-words-with-prefixes-and-suffixes
Key Stage 1,Year 2,BB,Prefixes and suffixes,BB.2,2,Understand words with prefixes and suffixes,https://uk.ixl.com/english/year-2/understand-words-with-prefixes-and-suffixes
Key Stage 1,Year 2,CC,Context clues,CC.1,1,Use context to identify the meaning of a word,https://uk.ixl.com/english/year-2/use-context-to-identify-the-meaning-of-a-word
Key Stage 1,Year 2,DD,Reference skills,DD.1,1,Put the letters in ABC order,https://uk.ixl.com/english/year-2/put-the-letters-in-abc-order
Key Stage 1,Year 2,DD,Reference skills,DD.2,2,Put the words in ABC order,https://uk.ixl.com/english/year-2/put-the-words-in-abc-order
Key Stage 1,Year 2,EE,Sentences,EE.1,1,Identify statements,https://uk.ixl.com/english/year-2/identify-statements
Key Stage 1,Year 2,EE,Sentences,EE.2,2,Identify questions,https://uk.ixl.com/english/year-2/identify-questions
Key Stage 1,Year 2,EE,Sentences,EE.3,3,Identify exclamations,https://uk.ixl.com/english/year-2/identify-exclamations
Key Stage 1,Year 2,EE,Sentences,EE.4,4,Identify commands,https://uk.ixl.com/english/year-2/identify-commands
Key Stage 1,Year 2,EE,Sentences,EE.5,5,Choose the right end mark,https://uk.ixl.com/english/year-2/choose-the-right-end-mark
Key Stage 1,Year 2,EE,Sentences,EE.6,6,"Statement, question, command or exclamation?",https://uk.ixl.com/english/year-2/statement-question-command-or-exclamation
Key Stage 1,Year 2,EE,Sentences,EE.7,7,"Who, what, when, where or why?",https://uk.ixl.com/english/year-2/who-what-when-where-or-why
Key Stage 1,Year 2,EE,Sentences,EE.8,8,Is it the naming or action part of the sentence?,https://uk.ixl.com/english/year-2/is-it-the-naming-or-action-part-of-the-sentence
Key Stage 1,Year 2,EE,Sentences,EE.9,9,Find the complete sentences,https://uk.ixl.com/english/year-2/find-the-complete-sentences
Key Stage 1,Year 2,EE,Sentences,EE.10,10,Complete the sentence,https://uk.ixl.com/english/year-2/complete-the-sentence
Key Stage 1,Year 2,EE,Sentences,EE.11,11,Unscramble the words to make a complete sentence,https://uk.ixl.com/english/year-2/unscramble-the-words-to-make-a-complete-sentence
Key Stage 1,Year 2,FF,Nouns,FF.1,1,"Is the noun a person, animal, place or thing?",https://uk.ixl.com/english/year-2/is-the-noun-a-person-animal-place-or-thing
Key Stage 1,Year 2,FF,Nouns,FF.2,2,Select the nouns,https://uk.ixl.com/english/year-2/select-the-nouns
Key Stage 1,Year 2,FF,Nouns,FF.3,3,Identify nouns in a sentence,https://uk.ixl.com/english/year-2/identify-nouns-in-a-sentence
Key Stage 1,Year 2,FF,Nouns,FF.4,4,Sort common and proper nouns,https://uk.ixl.com/english/year-2/sort-common-and-proper-nouns
Key Stage 1,Year 2,FF,Nouns,FF.5,5,Identify proper nouns,https://uk.ixl.com/english/year-2/identify-proper-nouns
Key Stage 1,Year 2,FF,Nouns,FF.6,6,Regular plurals: select the word that matches the picture,https://uk.ixl.com/english/year-2/regular-plurals-select-the-word-that-matches-the-picture
Key Stage 1,Year 2,FF,Nouns,FF.7,7,Form regular plurals with -s and -es,https://uk.ixl.com/english/year-2/form-regular-plurals-with-s-and-es
Key Stage 1,Year 2,FF,Nouns,FF.8,8,Use singular and plural nouns,https://uk.ixl.com/english/year-2/use-singular-and-plural-nouns
Key Stage 1,Year 2,FF,Nouns,FF.9,9,Irregular plurals: select the word that matches the picture,https://uk.ixl.com/english/year-2/irregular-plurals-select-the-word-that-matches-the-picture
Key Stage 1,Year 2,FF,Nouns,FF.10,10,Select the possessive noun that matches the picture,https://uk.ixl.com/english/year-2/select-the-possessive-noun-that-matches-the-picture
Key Stage 1,Year 2,FF,Nouns,FF.11,11,Form the singular possessive,https://uk.ixl.com/english/year-2/form-the-singular-possessive
Key Stage 1,Year 2,GG,Pronouns,GG.1,1,Choose between subject and object personal pronouns,https://uk.ixl.com/english/year-2/choose-between-subject-and-object-personal-pronouns
Key Stage 1,Year 2,GG,Pronouns,GG.2,2,Choose the correct personal pronoun,https://uk.ixl.com/english/year-2/choose-the-correct-personal-pronoun
Key Stage 1,Year 2,GG,Pronouns,GG.3,3,Complete the sentence with the correct personal pronoun,https://uk.ixl.com/english/year-2/complete-the-sentence-with-the-correct-personal-pronoun
Key Stage 1,Year 2,GG,Pronouns,GG.4,4,Choose the correct possessive pronoun,https://uk.ixl.com/english/year-2/choose-the-correct-possessive-pronoun
Key Stage 1,Year 2,GG,Pronouns,GG.5,5,Use the correct possessive pronoun,https://uk.ixl.com/english/year-2/use-the-correct-possessive-pronoun
Key Stage 1,Year 2,HH,Verbs,HH.1,1,Complete the sentence with an action verb to match the picture,https://uk.ixl.com/english/year-2/complete-the-sentence-with-an-action-verb-to-match-the-picture
Key Stage 1,Year 2,HH,Verbs,HH.2,2,Identify action verbs,https://uk.ixl.com/english/year-2/identify-action-verbs
Key Stage 1,Year 2,HH,Verbs,HH.3,3,Use action verbs,https://uk.ixl.com/english/year-2/use-action-verbs
Key Stage 1,Year 2,II,Subject-verb agreement,II.1,1,One or more than one?,https://uk.ixl.com/english/year-2/one-or-more-than-one
Key Stage 1,Year 2,II,Subject-verb agreement,II.2,2,Complete the sentence with the best verb,https://uk.ixl.com/english/year-2/complete-the-sentence-with-the-best-verb
Key Stage 1,Year 2,II,Subject-verb agreement,II.3,3,Complete the sentence with the best subject,https://uk.ixl.com/english/year-2/complete-the-sentence-with-the-best-subject
Key Stage 1,Year 2,II,Subject-verb agreement,II.4,4,Pronoun-verb agreement: Complete the sentence with the best verb,https://uk.ixl.com/english/year-2/pronoun-verb-agreement-complete-the-sentence-with-the-best-verb
Key Stage 1,Year 2,II,Subject-verb agreement,II.5,5,Pronoun-verb agreement: Complete the sentence with the best subject,https://uk.ixl.com/english/year-2/pronoun-verb-agreement-complete-the-sentence-with-the-best-subject
Key Stage 1,Year 2,JJ,Verb tense,JJ.1,1,Select the sentence that tells about the present,https://uk.ixl.com/english/year-2/select-the-sentence-that-tells-about-the-present
Key Stage 1,Year 2,JJ,Verb tense,JJ.2,2,Select the sentence that tells about the past,https://uk.ixl.com/english/year-2/select-the-sentence-that-tells-about-the-past
Key Stage 1,Year 2,JJ,Verb tense,JJ.3,3,Select the sentence that tells about the future,https://uk.ixl.com/english/year-2/select-the-sentence-that-tells-about-the-future
Key Stage 1,Year 2,JJ,Verb tense,JJ.4,4,Place sentences on a timeline,https://uk.ixl.com/english/year-2/place-sentences-on-a-timeline
Key Stage 1,Year 2,JJ,Verb tense,JJ.5,5,Form and use the regular past tense,https://uk.ixl.com/english/year-2/form-and-use-the-regular-past-tense
Key Stage 1,Year 2,JJ,Verb tense,JJ.6,6,Identify the irregular past tense,https://uk.ixl.com/english/year-2/identify-the-irregular-past-tense
Key Stage 1,Year 2,JJ,Verb tense,JJ.7,7,Place sentences with irregular verbs on a timeline,https://uk.ixl.com/english/year-2/place-sentences-with-irregular-verbs-on-a-timeline
Key Stage 1,Year 2,JJ,Verb tense,JJ.8,8,Complete the verb with the ending that you hear,https://uk.ixl.com/english/year-2/complete-the-verb-with-the-ending-that-you-hear
Key Stage 1,Year 2,JJ,Verb tense,JJ.9,9,Match the -ed and -ing sentences to the pictures,https://uk.ixl.com/english/year-2/match-the-ed-and-ing-sentences-to-the-pictures
Key Stage 1,Year 2,JJ,Verb tense,JJ.10,10,To be: use the correct present tense form,https://uk.ixl.com/english/year-2/to-be-use-the-correct-present-tense-form
Key Stage 1,Year 2,JJ,Verb tense,JJ.11,11,To be: use the correct past tense form,https://uk.ixl.com/english/year-2/to-be-use-the-correct-past-tense-form
Key Stage 1,Year 2,JJ,Verb tense,JJ.12,12,To be: use the correct form,https://uk.ixl.com/english/year-2/to-be-use-the-correct-form
Key Stage 1,Year 2,JJ,Verb tense,JJ.13,13,To have: use the correct form,https://uk.ixl.com/english/year-2/to-have-use-the-correct-form
Key Stage 1,Year 2,KK,Articles,KK.1,1,Use the correct article: a or an,https://uk.ixl.com/english/year-2/use-the-correct-article-a-or-an
Key Stage 1,Year 2,KK,Articles,KK.2,2,Identify articles,https://uk.ixl.com/english/year-2/identify-articles
Key Stage 1,Year 2,LL,Adjectives,LL.1,1,Use sense words,https://uk.ixl.com/english/year-2/use-sense-words
Key Stage 1,Year 2,LL,Adjectives,LL.2,2,Does the adjective tell you what kind or how many?,https://uk.ixl.com/english/year-2/does-the-adjective-tell-you-what-kind-or-how-many
Key Stage 1,Year 2,LL,Adjectives,LL.3,3,Identify adjectives,https://uk.ixl.com/english/year-2/identify-adjectives
Key Stage 1,Year 2,LL,Adjectives,LL.4,4,Compare pictures using comparative and superlative adjectives,https://uk.ixl.com/english/year-2/compare-pictures-using-comparative-and-superlative-adjectives
Key Stage 1,Year 2,LL,Adjectives,LL.5,5,Identify comparative and superlative adjectives,https://uk.ixl.com/english/year-2/identify-comparative-and-superlative-adjectives
Key Stage 1,Year 2,LL,Adjectives,LL.6,6,Does the adjective compare two or more than two?,https://uk.ixl.com/english/year-2/does-the-adjective-compare-two-or-more-than-two
Key Stage 1,Year 2,MM,Prepositions,MM.1,1,Select the best preposition to match the picture,https://uk.ixl.com/english/year-2/select-the-best-preposition-to-match-the-picture
Key Stage 1,Year 2,MM,Prepositions,MM.2,2,Select the best preposition to complete the sentence,https://uk.ixl.com/english/year-2/select-the-best-preposition-to-complete-the-sentence
Key Stage 1,Year 2,NN,Linking words,NN.1,1,Use conjunctions,https://uk.ixl.com/english/year-2/use-conjunctions
Key Stage 1,Year 2,NN,Linking words,NN.2,2,Identify time-order words,https://uk.ixl.com/english/year-2/identify-time-order-words
Key Stage 1,Year 2,NN,Linking words,NN.3,3,Put the sentences in order,https://uk.ixl.com/english/year-2/put-the-sentences-in-order
Key Stage 1,Year 2,OO,Contractions,OO.1,1,Match the contractions,https://uk.ixl.com/english/year-2/match-the-contractions
Key Stage 1,Year 2,OO,Contractions,OO.2,2,Form pronoun-verb contractions,https://uk.ixl.com/english/year-2/form-pronoun-verb-contractions
Key Stage 1,Year 2,OO,Contractions,OO.3,3,Form contractions with 'not',https://uk.ixl.com/english/year-2/form-contractions-with-not
Key Stage 1,Year 2,OO,Contractions,OO.4,4,Complete the sentence with the correct contraction,https://uk.ixl.com/english/year-2/complete-the-sentence-with-the-correct-contraction
Key Stage 1,Year 2,PP,Capitalisation,PP.1,1,Capitalise the names of people and pets,https://uk.ixl.com/english/year-2/capitalise-the-names-of-people-and-pets
Key Stage 1,Year 2,PP,Capitalisation,PP.2,2,Capitalise days and months,https://uk.ixl.com/english/year-2/capitalise-days-and-months
Key Stage 1,Year 2,PP,Capitalisation,PP.3,3,Capitalise sentences and the pronoun 'I',https://uk.ixl.com/english/year-2/capitalise-sentences-and-the-pronoun-i
Key Stage 2,Year 3,A,Syllables,A.1,1,How many syllables does the word have?,https://uk.ixl.com/english/year-3/how-many-syllables-does-the-word-have
Key Stage 2,Year 3,A,Syllables,A.2,2,Sort by the number of syllables,https://uk.ixl.com/english/year-3/sort-by-the-number-of-syllables
Key Stage 2,Year 3,B,Rhyming,B.1,1,Choose the picture that rhymes with the word,https://uk.ixl.com/english/year-3/choose-the-picture-that-rhymes-with-the-word
Key Stage 2,Year 3,B,Rhyming,B.2,2,Which word does not rhyme?,https://uk.ixl.com/english/year-3/which-word-does-not-rhyme
Key Stage 2,Year 3,B,Rhyming,B.3,3,Complete the rhyme,https://uk.ixl.com/english/year-3/complete-the-rhyme
Key Stage 2,Year 3,B,Rhyming,B.4,4,Complete the poem with a word that rhymes,https://uk.ixl.com/english/year-3/complete-the-poem-with-a-word-that-rhymes
Key Stage 2,Year 3,B,Rhyming,B.5,5,Spell rhyming words to answer riddles,https://uk.ixl.com/english/year-3/spell-rhyming-words-to-answer-riddles
Key Stage 2,Year 3,C,Consonant blends and digraphs,C.1,1,Complete the word with the correct initial consonant blend,https://uk.ixl.com/english/year-3/complete-the-word-with-the-correct-initial-consonant-blend
Key Stage 2,Year 3,C,Consonant blends and digraphs,C.2,2,Complete the word with the correct final consonant blend,https://uk.ixl.com/english/year-3/complete-the-word-with-the-correct-final-consonant-blend
Key Stage 2,Year 3,C,Consonant blends and digraphs,C.3,3,Spell the word with a consonant blend,https://uk.ixl.com/english/year-3/spell-the-word-with-a-consonant-blend
Key Stage 2,Year 3,C,Consonant blends and digraphs,C.4,4,"Complete the word with the correct digraph: ch, sh, th",https://uk.ixl.com/english/year-3/complete-the-word-with-the-correct-digraph-ch-sh-th
Key Stage 2,Year 3,C,Consonant blends and digraphs,C.5,5,"Complete the word with the correct digraph: ph, qu, wh",https://uk.ixl.com/english/year-3/complete-the-word-with-the-correct-digraph-ph-qu-wh
Key Stage 2,Year 3,C,Consonant blends and digraphs,C.6,6,"Spell the digraph word: ch, sh, th",https://uk.ixl.com/english/year-3/spell-the-digraph-word-ch-sh-th
Key Stage 2,Year 3,C,Consonant blends and digraphs,C.7,7,"Spell the digraph word: ph, qu, wh",https://uk.ixl.com/english/year-3/spell-the-digraph-word-ph-qu-wh
Key Stage 2,Year 3,C,Consonant blends and digraphs,C.8,8,Sort by initial consonant blend or digraph,https://uk.ixl.com/english/year-3/sort-by-initial-consonant-blend-or-digraph
Key Stage 2,Year 3,C,Consonant blends and digraphs,C.9,9,Complete the word with a three-letter consonant blend,https://uk.ixl.com/english/year-3/complete-the-word-with-a-three-letter-consonant-blend
Key Stage 2,Year 3,C,Consonant blends and digraphs,C.10,10,Complete the sentence with a three-letter consonant blend word,https://uk.ixl.com/english/year-3/complete-the-sentence-with-a-three-letter-consonant-blend-word
Key Stage 2,Year 3,C,Consonant blends and digraphs,C.11,11,Complete the words with silent letters,https://uk.ixl.com/english/year-3/complete-the-words-with-silent-letters
Key Stage 2,Year 3,D,Short vowels,D.1,1,Complete the word with the correct short vowel,https://uk.ixl.com/english/year-3/complete-the-word-with-the-correct-short-vowel
Key Stage 2,Year 3,D,Short vowels,D.2,2,Spell the short a word,https://uk.ixl.com/english/year-3/spell-the-short-a-word
Key Stage 2,Year 3,D,Short vowels,D.3,3,Spell the short e word,https://uk.ixl.com/english/year-3/spell-the-short-e-word
Key Stage 2,Year 3,D,Short vowels,D.4,4,Spell the short i word,https://uk.ixl.com/english/year-3/spell-the-short-i-word
Key Stage 2,Year 3,D,Short vowels,D.5,5,Spell the short o word,https://uk.ixl.com/english/year-3/spell-the-short-o-word
Key Stage 2,Year 3,D,Short vowels,D.6,6,Spell the short u word,https://uk.ixl.com/english/year-3/spell-the-short-u-word
Key Stage 2,Year 3,E,Silent e,E.1,1,Choose the silent e word that matches the picture,https://uk.ixl.com/english/year-3/choose-the-silent-e-word-that-matches-the-picture
Key Stage 2,Year 3,E,Silent e,E.2,2,Complete the silent e words,https://uk.ixl.com/english/year-3/complete-the-silent-e-words
Key Stage 2,Year 3,E,Silent e,E.3,3,Spell the silent e word,https://uk.ixl.com/english/year-3/spell-the-silent-e-word
Key Stage 2,Year 3,F,Vowel digraphs,F.1,1,Choose the picture that matches the vowel digraph word,https://uk.ixl.com/english/year-3/choose-the-picture-that-matches-the-vowel-digraph-word
Key Stage 2,Year 3,F,Vowel digraphs,F.2,2,Complete the vowel digraph words,https://uk.ixl.com/english/year-3/complete-the-vowel-digraph-words
Key Stage 2,Year 3,F,Vowel digraphs,F.3,3,Complete the word with the correct vowel digraph,https://uk.ixl.com/english/year-3/complete-the-word-with-the-correct-vowel-digraph
Key Stage 2,Year 3,F,Vowel digraphs,F.4,4,Choose the vowel digraph sentence that matches the picture,https://uk.ixl.com/english/year-3/choose-the-vowel-digraph-sentence-that-matches-the-picture
Key Stage 2,Year 3,G,Short and long vowel patterns,G.1,1,Sort short and long vowel words,https://uk.ixl.com/english/year-3/sort-short-and-long-vowel-words
Key Stage 2,Year 3,G,Short and long vowel patterns,G.2,2,Match the short a and long a words to pictures,https://uk.ixl.com/english/year-3/match-the-short-a-and-long-a-words-to-pictures
Key Stage 2,Year 3,G,Short and long vowel patterns,G.3,3,Match the short e and long e words to pictures,https://uk.ixl.com/english/year-3/match-the-short-e-and-long-e-words-to-pictures
Key Stage 2,Year 3,G,Short and long vowel patterns,G.4,4,Choose the short i or long i word that matches the picture,https://uk.ixl.com/english/year-3/choose-the-short-i-or-long-i-word-that-matches-the-picture
Key Stage 2,Year 3,G,Short and long vowel patterns,G.5,5,Choose the short o or long o word that matches the picture,https://uk.ixl.com/english/year-3/choose-the-short-o-or-long-o-word-that-matches-the-picture
Key Stage 2,Year 3,G,Short and long vowel patterns,G.6,6,Choose the short u or long u word that matches the picture,https://uk.ixl.com/english/year-3/choose-the-short-u-or-long-u-word-that-matches-the-picture
Key Stage 2,Year 3,G,Short and long vowel patterns,G.7,7,Use spelling patterns to sort long and short vowel words,https://uk.ixl.com/english/year-3/use-spelling-patterns-to-sort-long-and-short-vowel-words
Key Stage 2,Year 3,G,Short and long vowel patterns,G.8,8,Is the syllable open or closed?,https://uk.ixl.com/english/year-3/is-the-syllable-open-or-closed
Key Stage 2,Year 3,G,Short and long vowel patterns,G.9,9,Spell words with open and closed syllables,https://uk.ixl.com/english/year-3/spell-words-with-open-and-closed-syllables
Key Stage 2,Year 3,G,Short and long vowel patterns,G.10,10,"Complete the sentence with the correct -ild, -ind, -old, -olt or -ost word",https://uk.ixl.com/english/year-3/complete-the-sentence-with-the-correct-ild-ind-old-olt-or-ost-word
Key Stage 2,Year 3,H,Long vowel patterns,H.1,1,Choose the words with a given long vowel,https://uk.ixl.com/english/year-3/choose-the-words-with-a-given-long-vowel
Key Stage 2,Year 3,H,Long vowel patterns,H.2,2,"Spell the long a word: silent e, ai, ay",https://uk.ixl.com/english/year-3/spell-the-long-a-word-silent-e-ai-ay
Key Stage 2,Year 3,H,Long vowel patterns,H.3,3,"Spell the long e word: ee, ea",https://uk.ixl.com/english/year-3/spell-the-long-e-word-ee-ea
Key Stage 2,Year 3,H,Long vowel patterns,H.4,4,"Spell the long i word: silent e, ie, y",https://uk.ixl.com/english/year-3/spell-the-long-i-word-silent-e-ie-y
Key Stage 2,Year 3,H,Long vowel patterns,H.5,5,"Spell the long o word: silent e, oa, ow",https://uk.ixl.com/english/year-3/spell-the-long-o-word-silent-e-oa-ow
Key Stage 2,Year 3,H,Long vowel patterns,H.6,6,"Spell the long u word: silent e, ue, oo, ew",https://uk.ixl.com/english/year-3/spell-the-long-u-word-silent-e-ue-oo-ew
Key Stage 2,Year 3,I,"Diphthongs: oi, oy, ou, ow",I.1,1,Choose the diphthong word that matches the picture,https://uk.ixl.com/english/year-3/choose-the-diphthong-word-that-matches-the-picture
Key Stage 2,Year 3,I,"Diphthongs: oi, oy, ou, ow",I.2,2,"Complete the word with the correct diphthong: oi, oy, ou, ow",https://uk.ixl.com/english/year-3/complete-the-word-with-the-correct-diphthong-oi-oy-ou-ow
Key Stage 2,Year 3,I,"Diphthongs: oi, oy, ou, ow",I.3,3,Choose the diphthong sentence that matches the picture,https://uk.ixl.com/english/year-3/choose-the-diphthong-sentence-that-matches-the-picture
Key Stage 2,Year 3,J,Variant vowels,J.1,1,Complete words with variant vowels,https://uk.ixl.com/english/year-3/complete-words-with-variant-vowels
Key Stage 2,Year 3,J,Variant vowels,J.2,2,Which word has a different vowel sound?,https://uk.ixl.com/english/year-3/which-word-has-a-different-vowel-sound
Key Stage 2,Year 3,K,Soft g and c,K.1,1,Sort soft and hard g words and soft and hard c words,https://uk.ixl.com/english/year-3/sort-soft-and-hard-g-words-and-soft-and-hard-c-words
Key Stage 2,Year 3,K,Soft g and c,K.2,2,Pick the soft g or soft c word that matches the picture,https://uk.ixl.com/english/year-3/pick-the-soft-g-or-soft-c-word-that-matches-the-picture
Key Stage 2,Year 3,K,Soft g and c,K.3,3,Choose the soft g or soft c sentence that matches the picture,https://uk.ixl.com/english/year-3/choose-the-soft-g-or-soft-c-sentence-that-matches-the-picture
Key Stage 2,Year 3,K,Soft g and c,K.4,4,Spell the soft g or soft c word,https://uk.ixl.com/english/year-3/spell-the-soft-g-or-soft-c-word
Key Stage 2,Year 3,L,Two-syllable words,L.1,1,Put two syllables together to create a word: easier,https://uk.ixl.com/english/year-3/put-two-syllables-together-to-create-a-word-easier
Key Stage 2,Year 3,L,Two-syllable words,L.2,2,Put two syllables together to create a word: harder,https://uk.ixl.com/english/year-3/put-two-syllables-together-to-create-a-word-harder
Key Stage 2,Year 3,L,Two-syllable words,L.3,3,Complete the two-syllable words,https://uk.ixl.com/english/year-3/complete-the-two-syllable-words
Key Stage 2,Year 3,L,Two-syllable words,L.4,4,Complete the sentence with a two-syllable word,https://uk.ixl.com/english/year-3/complete-the-sentence-with-a-two-syllable-word
Key Stage 2,Year 3,M,Consonant-l-e,M.1,1,Complete the consonant-l-e words,https://uk.ixl.com/english/year-3/complete-the-consonant-l-e-words
Key Stage 2,Year 3,M,Consonant-l-e,M.2,2,Choose the correct spelling of the consonant-l-e word,https://uk.ixl.com/english/year-3/choose-the-correct-spelling-of-the-consonant-l-e-word
Key Stage 2,Year 3,M,Consonant-l-e,M.3,3,Spell the consonant-l-e word,https://uk.ixl.com/english/year-3/spell-the-consonant-l-e-word
Key Stage 2,Year 3,N,Sight words,N.1,1,Choose the sight word that you hear,https://uk.ixl.com/english/year-3/choose-the-sight-word-that-you-hear
Key Stage 2,Year 3,N,Sight words,N.2,2,Complete the sentence with the correct sight word,https://uk.ixl.com/english/year-3/complete-the-sentence-with-the-correct-sight-word
Key Stage 2,Year 3,N,Sight words,N.3,3,Spell the sight word,https://uk.ixl.com/english/year-3/spell-the-sight-word
Key Stage 2,Year 3,O,Sequence,O.1,1,Order events in a story,https://uk.ixl.com/english/year-3/order-events-in-a-story
Key Stage 2,Year 3,P,Inference and analysis,P.1,1,Use actions and dialogue to understand characters,https://uk.ixl.com/english/year-3/use-actions-and-dialogue-to-understand-characters
Key Stage 2,Year 3,P,Inference and analysis,P.2,2,Analyse stories,https://uk.ixl.com/english/year-3/analyse-stories
Key Stage 2,Year 3,Q,Theme,Q.1,1,"Determine the themes of myths, fables and folktales",https://uk.ixl.com/english/year-3/determine-the-themes-of-myths-fables-and-folktales
Key Stage 2,Year 3,R,Topic and purpose,R.1,1,Identify the purpose of a text,https://uk.ixl.com/english/year-3/identify-the-purpose-of-a-text
Key Stage 2,Year 3,S,Cause and effect,S.1,1,Match each effect to its cause,https://uk.ixl.com/english/year-3/match-each-effect-to-its-cause
Key Stage 2,Year 3,S,Cause and effect,S.2,2,Match each cause to its effect,https://uk.ixl.com/english/year-3/match-each-cause-to-its-effect
Key Stage 2,Year 3,T,Compare and contrast,T.1,1,Compare and contrast in informational passages,https://uk.ixl.com/english/year-3/compare-and-contrast-in-informational-passages
Key Stage 2,Year 3,U,Informational texts,U.1,1,Read and understand informational passages,https://uk.ixl.com/english/year-3/read-and-understand-informational-passages
Key Stage 2,Year 3,V,Organising writing,V.1,1,Put the sentences in order,https://uk.ixl.com/english/year-3/put-the-sentences-in-order
Key Stage 2,Year 3,W,Topic sentences,W.1,1,Choose topic sentences for narrative paragraphs,https://uk.ixl.com/english/year-3/choose-topic-sentences-for-narrative-paragraphs
Key Stage 2,Year 3,W,Topic sentences,W.2,2,Choose topic sentences for expository paragraphs,https://uk.ixl.com/english/year-3/choose-topic-sentences-for-expository-paragraphs
Key Stage 2,Year 3,X,Linking words,X.1,1,Use conjunctions,https://uk.ixl.com/english/year-3/use-conjunctions
Key Stage 2,Year 3,X,Linking words,X.2,2,Use subordinating conjunctions,https://uk.ixl.com/english/year-3/use-subordinating-conjunctions
Key Stage 2,Year 3,X,Linking words,X.3,3,Identify time-order words,https://uk.ixl.com/english/year-3/identify-time-order-words
Key Stage 2,Year 3,X,Linking words,X.4,4,Use time-order words,https://uk.ixl.com/english/year-3/use-time-order-words
Key Stage 2,Year 3,Y,Author's purpose,Y.1,1,Choose the text that matches the writer's purpose,https://uk.ixl.com/english/year-3/choose-the-text-that-matches-the-writers-purpose
Key Stage 2,Year 3,Z,Opinion writing,Z.1,1,Complete the fact and opinion sentences,https://uk.ixl.com/english/year-3/complete-the-fact-and-opinion-sentences
Key Stage 2,Year 3,Z,Opinion writing,Z.2,2,Complete the opinion passage with an example,https://uk.ixl.com/english/year-3/complete-the-opinion-passage-with-an-example
Key Stage 2,Year 3,Z,Opinion writing,Z.3,3,Complete the opinion passage with a reason,https://uk.ixl.com/english/year-3/complete-the-opinion-passage-with-a-reason
Key Stage 2,Year 3,Z,Opinion writing,Z.4,4,Complete the opinion-reason-example table,https://uk.ixl.com/english/year-3/complete-the-opinion-reason-example-table
Key Stage 2,Year 3,AA,Descriptive details,AA.1,1,Choose the sensory details that match the picture,https://uk.ixl.com/english/year-3/choose-the-sensory-details-that-match-the-picture
Key Stage 2,Year 3,AA,Descriptive details,AA.2,2,Add descriptive details to sentences,https://uk.ixl.com/english/year-3/add-descriptive-details-to-sentences
Key Stage 2,Year 3,AA,Descriptive details,AA.3,3,Revise the sentence using a stronger verb,https://uk.ixl.com/english/year-3/revise-the-sentence-using-a-stronger-verb
Key Stage 2,Year 3,BB,Prefixes and suffixes,BB.1,1,Complete the word with the ending that you hear,https://uk.ixl.com/english/year-3/complete-the-word-with-the-ending-that-you-hear
Key Stage 2,Year 3,BB,Prefixes and suffixes,BB.2,2,"Identify base words, prefixes and suffixes",https://uk.ixl.com/english/year-3/identify-base-words-prefixes-and-suffixes
Key Stage 2,Year 3,BB,Prefixes and suffixes,BB.3,3,"Determine the meaning of a word with pre-, re- or mis-",https://uk.ixl.com/english/year-3/determine-the-meaning-of-a-word-with-pre-re-or-mis
Key Stage 2,Year 3,BB,Prefixes and suffixes,BB.4,4,"Use the prefixes pre-, re- and mis-",https://uk.ixl.com/english/year-3/use-the-prefixes-pre-re-and-mis
Key Stage 2,Year 3,BB,Prefixes and suffixes,BB.5,5,Determine the meaning of a word with -ful or -less,https://uk.ixl.com/english/year-3/determine-the-meaning-of-a-word-with-ful-or-less
Key Stage 2,Year 3,BB,Prefixes and suffixes,BB.6,6,Prefixes and suffixes: review,https://uk.ixl.com/english/year-3/prefixes-and-suffixes-review
Key Stage 2,Year 3,CC,Compound words,CC.1,1,Form compound words,https://uk.ixl.com/english/year-3/form-compound-words
Key Stage 2,Year 3,CC,Compound words,CC.2,2,Form and use compound words,https://uk.ixl.com/english/year-3/form-and-use-compound-words
Key Stage 2,Year 3,DD,Categories,DD.1,1,Sort words into categories,https://uk.ixl.com/english/year-3/sort-words-into-categories
Key Stage 2,Year 3,DD,Categories,DD.2,2,Which word is not like the others?,https://uk.ixl.com/english/year-3/which-word-is-not-like-the-others
Key Stage 2,Year 3,EE,Synonyms and antonyms,EE.1,1,Choose the synonym,https://uk.ixl.com/english/year-3/choose-the-synonym
Key Stage 2,Year 3,EE,Synonyms and antonyms,EE.2,2,Find synonyms in context,https://uk.ixl.com/english/year-3/find-synonyms-in-context
Key Stage 2,Year 3,EE,Synonyms and antonyms,EE.3,3,Choose the antonym,https://uk.ixl.com/english/year-3/choose-the-antonym
Key Stage 2,Year 3,EE,Synonyms and antonyms,EE.4,4,Which sentence uses an antonym?,https://uk.ixl.com/english/year-3/which-sentence-uses-an-antonym
Key Stage 2,Year 3,EE,Synonyms and antonyms,EE.5,5,Find antonyms in context,https://uk.ixl.com/english/year-3/find-antonyms-in-context
Key Stage 2,Year 3,EE,Synonyms and antonyms,EE.6,6,Which sentence has the same meaning?,https://uk.ixl.com/english/year-3/which-sentence-has-the-same-meaning
Key Stage 2,Year 3,FF,Homophones,FF.1,1,Homophones with pictures,https://uk.ixl.com/english/year-3/homophones-with-pictures
Key Stage 2,Year 3,FF,Homophones,FF.2,2,Identify homophones,https://uk.ixl.com/english/year-3/identify-homophones
Key Stage 2,Year 3,FF,Homophones,FF.3,3,Use the correct homophone,https://uk.ixl.com/english/year-3/use-the-correct-homophone
Key Stage 2,Year 3,GG,Multiple-meaning words,GG.1,1,Multiple-meaning words with pictures,https://uk.ixl.com/english/year-3/multiple-meaning-words-with-pictures
Key Stage 2,Year 3,HH,Shades of meaning,HH.1,1,Find the words with related meanings,https://uk.ixl.com/english/year-3/find-the-words-with-related-meanings
Key Stage 2,Year 3,HH,Shades of meaning,HH.2,2,Describe the difference between related words,https://uk.ixl.com/english/year-3/describe-the-difference-between-related-words
Key Stage 2,Year 3,HH,Shades of meaning,HH.3,3,Order related words based on meaning,https://uk.ixl.com/english/year-3/order-related-words-based-on-meaning
Key Stage 2,Year 3,II,Idioms,II.1,1,Choose the picture that matches the idiomatic expression,https://uk.ixl.com/english/year-3/choose-the-picture-that-matches-the-idiomatic-expression
Key Stage 2,Year 3,JJ,Context clues,JJ.1,1,Use context to identify the meaning of a word,https://uk.ixl.com/english/year-3/use-context-to-identify-the-meaning-of-a-word
Key Stage 2,Year 3,KK,Reference skills,KK.1,1,Order alphabetically based on the first letter,https://uk.ixl.com/english/year-3/order-alphabetically-based-on-the-first-letter
Key Stage 2,Year 3,KK,Reference skills,KK.2,2,Order alphabetically based on the first two letters,https://uk.ixl.com/english/year-3/order-alphabetically-based-on-the-first-two-letters
Key Stage 2,Year 3,KK,Reference skills,KK.3,3,Order alphabetically based on the first three letters,https://uk.ixl.com/english/year-3/order-alphabetically-based-on-the-first-three-letters
Key Stage 2,Year 3,KK,Reference skills,KK.4,4,Use guide words,https://uk.ixl.com/english/year-3/use-guide-words
Key Stage 2,Year 3,KK,Reference skills,KK.5,5,Use dictionary entries,https://uk.ixl.com/english/year-3/use-dictionary-entries
Key Stage 2,Year 3,LL,"Sentences, fragments and run-ons",LL.1,1,"Is the sentence a statement, question, command or exclamation?",https://uk.ixl.com/english/year-3/is-the-sentence-a-statement-question-command-or-exclamation
Key Stage 2,Year 3,LL,"Sentences, fragments and run-ons",LL.2,2,Identify the subject of a sentence,https://uk.ixl.com/english/year-3/identify-the-subject-of-a-sentence
Key Stage 2,Year 3,LL,"Sentences, fragments and run-ons",LL.3,3,Identify the predicate of a sentence,https://uk.ixl.com/english/year-3/identify-the-predicate-of-a-sentence
Key Stage 2,Year 3,LL,"Sentences, fragments and run-ons",LL.4,4,Is it a complete sentence or a fragment?,https://uk.ixl.com/english/year-3/is-it-a-complete-sentence-or-a-fragment
Key Stage 2,Year 3,LL,"Sentences, fragments and run-ons",LL.5,5,Is it a complete sentence or a run-on?,https://uk.ixl.com/english/year-3/is-it-a-complete-sentence-or-a-run-on
Key Stage 2,Year 3,LL,"Sentences, fragments and run-ons",LL.6,6,"Is it a complete sentence, a fragment or a run-on?",https://uk.ixl.com/english/year-3/is-it-a-complete-sentence-a-fragment-or-a-run-on
Key Stage 2,Year 3,LL,"Sentences, fragments and run-ons",LL.7,7,Unscramble the words to make a complete sentence,https://uk.ixl.com/english/year-3/unscramble-the-words-to-make-a-complete-sentence
Key Stage 2,Year 3,MM,Nouns,MM.1,1,Select the nouns,https://uk.ixl.com/english/year-3/select-the-nouns
Key Stage 2,Year 3,MM,Nouns,MM.2,2,Which word is a noun?,https://uk.ixl.com/english/year-3/which-word-is-a-noun
Key Stage 2,Year 3,MM,Nouns,MM.3,3,Identify nouns,https://uk.ixl.com/english/year-3/identify-nouns
Key Stage 2,Year 3,MM,Nouns,MM.4,4,Sort common and proper nouns,https://uk.ixl.com/english/year-3/sort-common-and-proper-nouns
Key Stage 2,Year 3,MM,Nouns,MM.5,5,Identify common and proper nouns,https://uk.ixl.com/english/year-3/identify-common-and-proper-nouns
Key Stage 2,Year 3,MM,Nouns,MM.6,6,Form regular plurals with -s and -es,https://uk.ixl.com/english/year-3/form-regular-plurals-with-s-and-es
Key Stage 2,Year 3,MM,Nouns,MM.7,7,Use regular plurals with -s and -es,https://uk.ixl.com/english/year-3/use-regular-plurals-with-s-and-es
Key Stage 2,Year 3,MM,Nouns,MM.8,8,Use singular and plural nouns,https://uk.ixl.com/english/year-3/use-singular-and-plural-nouns
Key Stage 2,Year 3,MM,Nouns,MM.9,9,Is the noun singular or plural?,https://uk.ixl.com/english/year-3/is-the-noun-singular-or-plural
Key Stage 2,Year 3,MM,Nouns,MM.10,10,Form and use irregular plurals,https://uk.ixl.com/english/year-3/form-and-use-irregular-plurals
Key Stage 2,Year 3,MM,Nouns,MM.11,11,"Identify plurals, singular possessives and plural possessives",https://uk.ixl.com/english/year-3/identify-plurals-singular-possessives-and-plural-possessives
Key Stage 2,Year 3,MM,Nouns,MM.12,12,Form the singular or plural possessive,https://uk.ixl.com/english/year-3/form-the-singular-or-plural-possessive
Key Stage 2,Year 3,MM,Nouns,MM.13,13,Identify and correct errors with plural and possessive nouns,https://uk.ixl.com/english/year-3/identify-and-correct-errors-with-plural-and-possessive-nouns
Key Stage 2,Year 3,NN,Pronouns,NN.1,1,Identify personal pronouns,https://uk.ixl.com/english/year-3/identify-personal-pronouns
Key Stage 2,Year 3,NN,Pronouns,NN.2,2,Choose between subject and object personal pronouns,https://uk.ixl.com/english/year-3/choose-between-subject-and-object-personal-pronouns
Key Stage 2,Year 3,NN,Pronouns,NN.3,3,Replace the singular noun with a personal pronoun,https://uk.ixl.com/english/year-3/replace-the-singular-noun-with-a-personal-pronoun
Key Stage 2,Year 3,NN,Pronouns,NN.4,4,Replace the plural noun with a personal pronoun,https://uk.ixl.com/english/year-3/replace-the-plural-noun-with-a-personal-pronoun
Key Stage 2,Year 3,NN,Pronouns,NN.5,5,Compound subjects and objects with 'I' and 'me',https://uk.ixl.com/english/year-3/compound-subjects-and-objects-with-i-and-me
Key Stage 2,Year 3,NN,Pronouns,NN.6,6,Choose the correct personal pronoun,https://uk.ixl.com/english/year-3/choose-the-correct-personal-pronoun
Key Stage 2,Year 3,NN,Pronouns,NN.7,7,Identify possessive pronouns,https://uk.ixl.com/english/year-3/identify-possessive-pronouns
Key Stage 2,Year 3,NN,Pronouns,NN.8,8,Use possessive pronouns,https://uk.ixl.com/english/year-3/use-possessive-pronouns
Key Stage 2,Year 3,NN,Pronouns,NN.9,9,Choose between personal and reflexive pronouns,https://uk.ixl.com/english/year-3/choose-between-personal-and-reflexive-pronouns
Key Stage 2,Year 3,NN,Pronouns,NN.10,10,Use reflexive pronouns,https://uk.ixl.com/english/year-3/use-reflexive-pronouns
Key Stage 2,Year 3,OO,Verb types,OO.1,1,Use action verbs,https://uk.ixl.com/english/year-3/use-action-verbs
Key Stage 2,Year 3,OO,Verb types,OO.2,2,Identify action verbs,https://uk.ixl.com/english/year-3/identify-action-verbs
Key Stage 2,Year 3,OO,Verb types,OO.3,3,Identify helping verbs,https://uk.ixl.com/english/year-3/identify-helping-verbs
Key Stage 2,Year 3,PP,Subject-verb agreement,PP.1,1,One or more than one?,https://uk.ixl.com/english/year-3/one-or-more-than-one
Key Stage 2,Year 3,PP,Subject-verb agreement,PP.2,2,Use the correct subject or verb,https://uk.ixl.com/english/year-3/use-the-correct-subject-or-verb
Key Stage 2,Year 3,PP,Subject-verb agreement,PP.3,3,Pronoun-verb agreement,https://uk.ixl.com/english/year-3/pronoun-verb-agreement
Key Stage 2,Year 3,QQ,Verb tense,QQ.1,1,Which sentence is in the regular past tense?,https://uk.ixl.com/english/year-3/which-sentence-is-in-the-regular-past-tense
Key Stage 2,Year 3,QQ,Verb tense,QQ.2,2,Identify verbs in the regular past tense,https://uk.ixl.com/english/year-3/identify-verbs-in-the-regular-past-tense
Key Stage 2,Year 3,QQ,Verb tense,QQ.3,3,Form and use the regular past tense,https://uk.ixl.com/english/year-3/form-and-use-the-regular-past-tense
Key Stage 2,Year 3,QQ,Verb tense,QQ.4,4,Change the sentence to future tense,https://uk.ixl.com/english/year-3/change-the-sentence-to-future-tense
Key Stage 2,Year 3,QQ,Verb tense,QQ.5,5,Identify the irregular past tense I,https://uk.ixl.com/english/year-3/identify-the-irregular-past-tense
Key Stage 2,Year 3,QQ,Verb tense,QQ.6,6,Identify the irregular past tense II,https://uk.ixl.com/english/year-3/identify-the-irregular-past-tense-ii
Key Stage 2,Year 3,QQ,Verb tense,QQ.7,7,Form and use the irregular past tense: set 1,https://uk.ixl.com/english/year-3/form-and-use-the-irregular-past-tense-set-1
Key Stage 2,Year 3,QQ,Verb tense,QQ.8,8,Form and use the irregular past tense: set 2,https://uk.ixl.com/english/year-3/form-and-use-the-irregular-past-tense-set-2
Key Stage 2,Year 3,QQ,Verb tense,QQ.9,9,Form and use the irregular past tense: set 3,https://uk.ixl.com/english/year-3/form-and-use-the-irregular-past-tense-set-3
Key Stage 2,Year 3,QQ,Verb tense,QQ.10,10,Form and use the irregular past tense: set 4,https://uk.ixl.com/english/year-3/form-and-use-the-irregular-past-tense-set-4
Key Stage 2,Year 3,QQ,Verb tense,QQ.11,11,Match the -ed and -ing sentences to the pictures,https://uk.ixl.com/english/year-3/match-the-ed-and-ing-sentences-to-the-pictures
Key Stage 2,Year 3,QQ,Verb tense,QQ.12,12,To be: use the correct present tense form,https://uk.ixl.com/english/year-3/to-be-use-the-correct-present-tense-form
Key Stage 2,Year 3,QQ,Verb tense,QQ.13,13,To be: use the correct past tense form,https://uk.ixl.com/english/year-3/to-be-use-the-correct-past-tense-form
Key Stage 2,Year 3,QQ,Verb tense,QQ.14,14,To be: use the correct form,https://uk.ixl.com/english/year-3/to-be-use-the-correct-form
Key Stage 2,Year 3,QQ,Verb tense,QQ.15,15,To have: use the correct form,https://uk.ixl.com/english/year-3/to-have-use-the-correct-form
Key Stage 2,Year 3,QQ,Verb tense,QQ.16,16,Place sentences with irregular verbs on a timeline,https://uk.ixl.com/english/year-3/place-sentences-with-irregular-verbs-on-a-timeline
Key Stage 2,Year 3,QQ,Verb tense,QQ.17,17,"Is the sentence in the past, present or future tense?",https://uk.ixl.com/english/year-3/is-the-sentence-in-the-past-present-or-future-tense
Key Stage 2,Year 3,RR,Articles,RR.1,1,Use the correct article: a or an,https://uk.ixl.com/english/year-3/use-the-correct-article-a-or-an
Key Stage 2,Year 3,RR,Articles,RR.2,2,Identify articles,https://uk.ixl.com/english/year-3/identify-articles
Key Stage 2,Year 3,SS,Adjectives and adverbs,SS.1,1,Use sense words,https://uk.ixl.com/english/year-3/use-sense-words
Key Stage 2,Year 3,SS,Adjectives and adverbs,SS.2,2,Does the adjective tell you what kind or how many?,https://uk.ixl.com/english/year-3/does-the-adjective-tell-you-what-kind-or-how-many
Key Stage 2,Year 3,SS,Adjectives and adverbs,SS.3,3,Identify the adjective that describes the noun,https://uk.ixl.com/english/year-3/identify-the-adjective-that-describes-the-noun
Key Stage 2,Year 3,SS,Adjectives and adverbs,SS.4,4,Identify adjectives,https://uk.ixl.com/english/year-3/identify-adjectives
Key Stage 2,Year 3,SS,Adjectives and adverbs,SS.5,5,Identify comparative and superlative adjectives,https://uk.ixl.com/english/year-3/identify-comparative-and-superlative-adjectives
Key Stage 2,Year 3,SS,Adjectives and adverbs,SS.6,6,"Does the adverb tell you how, when or where?",https://uk.ixl.com/english/year-3/does-the-adverb-tell-you-how-when-or-where
Key Stage 2,Year 3,SS,Adjectives and adverbs,SS.7,7,Identify adverbs,https://uk.ixl.com/english/year-3/identify-adverbs
Key Stage 2,Year 3,SS,Adjectives and adverbs,SS.8,8,Choose between adjectives and adverbs,https://uk.ixl.com/english/year-3/choose-between-adjectives-and-adverbs
Key Stage 2,Year 3,SS,Adjectives and adverbs,SS.9,9,Is the word an adjective or adverb?,https://uk.ixl.com/english/year-3/is-the-word-an-adjective-or-adverb
Key Stage 2,Year 3,TT,Prepositions,TT.1,1,Select the best preposition to match the picture,https://uk.ixl.com/english/year-3/select-the-best-preposition-to-match-the-picture
Key Stage 2,Year 3,TT,Prepositions,TT.2,2,Select the best preposition to complete the sentence,https://uk.ixl.com/english/year-3/select-the-best-preposition-to-complete-the-sentence
Key Stage 2,Year 3,UU,Contractions,UU.1,1,Form pronoun-verb contractions,https://uk.ixl.com/english/year-3/form-pronoun-verb-contractions
Key Stage 2,Year 3,UU,Contractions,UU.2,2,Form contractions with 'not',https://uk.ixl.com/english/year-3/form-contractions-with-not
Key Stage 2,Year 3,UU,Contractions,UU.3,3,Use pronoun-verb contractions,https://uk.ixl.com/english/year-3/use-pronoun-verb-contractions
Key Stage 2,Year 3,UU,Contractions,UU.4,4,Use contractions with 'not',https://uk.ixl.com/english/year-3/use-contractions-with-not
Key Stage 2,Year 3,UU,Contractions,UU.5,5,Use contractions in a sentence,https://uk.ixl.com/english/year-3/use-contractions-in-a-sentence
Key Stage 2,Year 3,VV,Capitalisation,VV.1,1,Capitalising the names of people and pets,https://uk.ixl.com/english/year-3/capitalising-the-names-of-people-and-pets
Key Stage 2,Year 3,VV,Capitalisation,VV.2,2,"Capitalising days, months and holidays",https://uk.ixl.com/english/year-3/capitalising-days-months-and-holidays
Key Stage 2,Year 3,VV,Capitalisation,VV.3,3,Capitalising the names of places and geographic features,https://uk.ixl.com/english/year-3/capitalising-the-names-of-places-and-geographic-features
Key Stage 2,Year 3,VV,Capitalisation,VV.4,4,Capitalising titles,https://uk.ixl.com/english/year-3/capitalising-titles
Key Stage 2,Year 3,VV,Capitalisation,VV.5,5,Greetings and closings of letters,https://uk.ixl.com/english/year-3/greetings-and-closings-of-letters
Key Stage 2,Year 4,A,Short and long vowels,A.1,1,Use spelling patterns to sort long and short vowel words,https://uk.ixl.com/english/year-4/use-spelling-patterns-to-sort-long-and-short-vowel-words
Key Stage 2,Year 4,A,Short and long vowels,A.2,2,Spell rhyming words to answer riddles,https://uk.ixl.com/english/year-4/spell-rhyming-words-to-answer-riddles
Key Stage 2,Year 4,A,Short and long vowels,A.3,3,"Spell the long a word: silent e, ai, ay, ea, ey, eigh",https://uk.ixl.com/english/year-4/spell-the-long-a-word-silent-e-ai-ay-ea-ey-eigh
Key Stage 2,Year 4,A,Short and long vowels,A.4,4,"Spell the long e word: silent e, ee, ea, ie",https://uk.ixl.com/english/year-4/spell-the-long-e-word-silent-e-ee-ea-ie
Key Stage 2,Year 4,A,Short and long vowels,A.5,5,"Spell the long i word: silent e, ie, y, igh, ind, ild",https://uk.ixl.com/english/year-4/spell-the-long-i-word-silent-e-ie-y-igh-ind-ild
Key Stage 2,Year 4,A,Short and long vowels,A.6,6,"Spell the long o word: silent e, oa, ow, old, ost, olt",https://uk.ixl.com/english/year-4/spell-the-long-o-word-silent-e-oa-ow-old-ost-olt
Key Stage 2,Year 4,A,Short and long vowels,A.7,7,"Spell the long u word: silent e, ue, oo, ew, ui",https://uk.ixl.com/english/year-4/spell-the-long-u-word-silent-e-ue-oo-ew-ui
Key Stage 2,Year 4,B,Blends,B.1,1,Complete the word with a three-letter consonant blend,https://uk.ixl.com/english/year-4/complete-the-word-with-a-three-letter-consonant-blend
Key Stage 2,Year 4,C,Multisyllabic words,C.1,1,Spell words with open and closed syllables,https://uk.ixl.com/english/year-4/spell-words-with-open-and-closed-syllables
Key Stage 2,Year 4,C,Multisyllabic words,C.2,2,Spell consonant-l-e words,https://uk.ixl.com/english/year-4/spell-consonant-l-e-words
Key Stage 2,Year 4,D,Diphthongs and r vowel patterns,D.1,1,Spell words with vowel diphthong patterns,https://uk.ixl.com/english/year-4/spell-words-with-vowel-diphthong-patterns
Key Stage 2,Year 4,D,Diphthongs and r vowel patterns,D.2,2,Spell words with r vowel patterns,https://uk.ixl.com/english/year-4/spell-words-with-r-vowel-patterns
Key Stage 2,Year 4,E,Irregular words,E.1,1,Spell the sight word,https://uk.ixl.com/english/year-4/spell-the-sight-word
Key Stage 2,Year 4,F,Main idea,F.1,1,Use key details to determine the main idea,https://uk.ixl.com/english/year-4/use-key-details-to-determine-the-main-idea
Key Stage 2,Year 4,F,Main idea,F.2,2,Determine the main idea of a passage,https://uk.ixl.com/english/year-4/determine-the-main-idea-of-a-passage
Key Stage 2,Year 4,G,Theme,G.1,1,"Determine the themes of myths, fables and folktales",https://uk.ixl.com/english/year-4/determine-the-themes-of-myths-fables-and-folktales
Key Stage 2,Year 4,H,Author's purpose,H.1,1,Identify the author's purpose: mixed media,https://uk.ixl.com/english/year-4/identify-the-authors-purpose-mixed-media
Key Stage 2,Year 4,H,Author's purpose,H.2,2,Identify the author's purpose: passages,https://uk.ixl.com/english/year-4/identify-the-authors-purpose-passages
Key Stage 2,Year 4,I,Text structure,I.1,1,Determine the order of events in informational texts,https://uk.ixl.com/english/year-4/determine-the-order-of-events-in-informational-texts
Key Stage 2,Year 4,I,Text structure,I.2,2,Compare and contrast in informational texts,https://uk.ixl.com/english/year-4/compare-and-contrast-in-informational-texts
Key Stage 2,Year 4,I,Text structure,I.3,3,Match causes with effects,https://uk.ixl.com/english/year-4/match-causes-with-effects
Key Stage 2,Year 4,I,Text structure,I.4,4,Match causes and effects in informational texts,https://uk.ixl.com/english/year-4/match-causes-and-effects-in-informational-texts
Key Stage 2,Year 4,I,Text structure,I.5,5,Match problems with their solutions,https://uk.ixl.com/english/year-4/match-problems-with-their-solutions
Key Stage 2,Year 4,I,Text structure,I.6,6,Identify text structures,https://uk.ixl.com/english/year-4/identify-text-structures
Key Stage 2,Year 4,J,Sensory details,J.1,1,Sort sensory details,https://uk.ixl.com/english/year-4/sort-sensory-details
Key Stage 2,Year 4,K,Literary devices,K.1,1,Determine the meanings of similes,https://uk.ixl.com/english/year-4/determine-the-meanings-of-similes
Key Stage 2,Year 4,L,Point of view,L.1,1,Distinguish points of view,https://uk.ixl.com/english/year-4/distinguish-points-of-view
Key Stage 2,Year 4,M,Inference,M.1,1,Use actions and dialogue to understand characters,https://uk.ixl.com/english/year-4/use-actions-and-dialogue-to-understand-characters
Key Stage 2,Year 4,M,Inference,M.2,2,Draw inferences from a text,https://uk.ixl.com/english/year-4/draw-inferences-from-a-text
Key Stage 2,Year 4,M,Inference,M.3,3,Make predictions about a story,https://uk.ixl.com/english/year-4/make-predictions-about-a-story
Key Stage 2,Year 4,N,Story elements,N.1,1,Identify story elements,https://uk.ixl.com/english/year-4/identify-story-elements
Key Stage 2,Year 4,O,Visual elements,O.1,1,Compare mythological illustrations,https://uk.ixl.com/english/year-4/compare-mythological-illustrations
Key Stage 2,Year 4,P,Literary texts: level 1,P.1,1,Read fantasy with illustrations,https://uk.ixl.com/english/year-4/read-fantasy-with-illustrations
Key Stage 2,Year 4,P,Literary texts: level 1,P.2,2,Read historical fiction with illustrations,https://uk.ixl.com/english/year-4/read-historical-fiction-with-illustrations
Key Stage 2,Year 4,P,Literary texts: level 1,P.3,3,Read science fiction with illustrations,https://uk.ixl.com/english/year-4/read-science-fiction-with-illustrations
Key Stage 2,Year 4,P,Literary texts: level 1,P.4,4,Read realistic fiction with illustrations,https://uk.ixl.com/english/year-4/read-realistic-fiction-with-illustrations
Key Stage 2,Year 4,Q,Literary texts: level 2,Q.1,1,Read realistic fiction: set 1,https://uk.ixl.com/english/year-4/read-realistic-fiction-set-1
Key Stage 2,Year 4,Q,Literary texts: level 2,Q.2,2,Read realistic fiction: set 2,https://uk.ixl.com/english/year-4/read-realistic-fiction-set-2
Key Stage 2,Year 4,Q,Literary texts: level 2,Q.3,3,Read poetry,https://uk.ixl.com/english/year-4/read-poetry
Key Stage 2,Year 4,R,Informational texts: level 1,R.1,1,Read about animals,https://uk.ixl.com/english/year-4/read-about-animals
Key Stage 2,Year 4,R,Informational texts: level 1,R.2,2,Read about food,https://uk.ixl.com/english/year-4/read-about-food
Key Stage 2,Year 4,R,Informational texts: level 1,R.3,3,"Read about art, music and traditions",https://uk.ixl.com/english/year-4/read-about-art-music-and-traditions
Key Stage 2,Year 4,R,Informational texts: level 1,R.4,4,Read about sports and hobbies,https://uk.ixl.com/english/year-4/read-about-sports-and-hobbies
Key Stage 2,Year 4,S,Informational texts: level 2,S.1,1,Read about famous people,https://uk.ixl.com/english/year-4/read-about-famous-people
Key Stage 2,Year 4,S,Informational texts: level 2,S.2,2,Read about famous places,https://uk.ixl.com/english/year-4/read-about-famous-places
Key Stage 2,Year 4,S,Informational texts: level 2,S.3,3,Read about business and technology,https://uk.ixl.com/english/year-4/read-about-business-and-technology
Key Stage 2,Year 4,S,Informational texts: level 2,S.4,4,Read about science and nature,https://uk.ixl.com/english/year-4/read-about-science-and-nature
Key Stage 2,Year 4,T,Organising writing,T.1,1,Put the sentences in order,https://uk.ixl.com/english/year-4/put-the-sentences-in-order
Key Stage 2,Year 4,T,Organising writing,T.2,2,Order items from most general to most specific,https://uk.ixl.com/english/year-4/order-items-from-most-general-to-most-specific
Key Stage 2,Year 4,T,Organising writing,T.3,3,Organise information by topic,https://uk.ixl.com/english/year-4/organise-information-by-topic
Key Stage 2,Year 4,U,Topic sentences,U.1,1,Choose topic sentences for narrative paragraphs,https://uk.ixl.com/english/year-4/choose-topic-sentences-for-narrative-paragraphs
Key Stage 2,Year 4,U,Topic sentences,U.2,2,Choose topic sentences for expository paragraphs,https://uk.ixl.com/english/year-4/choose-topic-sentences-for-expository-paragraphs
Key Stage 2,Year 4,V,Writer's purpose,V.1,1,Choose the text that matches the writer's purpose,https://uk.ixl.com/english/year-4/choose-the-text-that-matches-the-writers-purpose
Key Stage 2,Year 4,W,Linking words,W.1,1,Identify time-order words,https://uk.ixl.com/english/year-4/identify-time-order-words
Key Stage 2,Year 4,W,Linking words,W.2,2,Use time-order words,https://uk.ixl.com/english/year-4/use-time-order-words
Key Stage 2,Year 4,W,Linking words,W.3,3,Use coordinating conjunctions,https://uk.ixl.com/english/year-4/use-coordinating-conjunctions
Key Stage 2,Year 4,W,Linking words,W.4,4,Use subordinating conjunctions,https://uk.ixl.com/english/year-4/use-subordinating-conjunctions
Key Stage 2,Year 4,W,Linking words,W.5,5,Choose the best transition,https://uk.ixl.com/english/year-4/choose-the-best-transition
Key Stage 2,Year 4,X,Opinion writing,X.1,1,Distinguish facts from opinions,https://uk.ixl.com/english/year-4/distinguish-facts-from-opinions
Key Stage 2,Year 4,X,Opinion writing,X.2,2,Identify an author's statement of opinion,https://uk.ixl.com/english/year-4/identify-an-authors-statement-of-opinion
Key Stage 2,Year 4,X,Opinion writing,X.3,3,Choose reasons to support an opinion,https://uk.ixl.com/english/year-4/choose-reasons-to-support-an-opinion
Key Stage 2,Year 4,X,Opinion writing,X.4,4,Complete the opinion passage with an example,https://uk.ixl.com/english/year-4/complete-the-opinion-passage-with-an-example
Key Stage 2,Year 4,X,Opinion writing,X.5,5,Complete the opinion passage with a reason,https://uk.ixl.com/english/year-4/complete-the-opinion-passage-with-a-reason
Key Stage 2,Year 4,X,Opinion writing,X.6,6,Complete the opinion-reason-example table,https://uk.ixl.com/english/year-4/complete-the-opinion-reason-example-table
Key Stage 2,Year 4,Y,Descriptive details,Y.1,1,Add descriptive details to sentences,https://uk.ixl.com/english/year-4/add-descriptive-details-to-sentences
Key Stage 2,Year 4,Y,Descriptive details,Y.2,2,Show character emotions and traits,https://uk.ixl.com/english/year-4/show-character-emotions-and-traits
Key Stage 2,Year 4,Y,Descriptive details,Y.3,3,Revise the sentence using a stronger verb,https://uk.ixl.com/english/year-4/revise-the-sentence-using-a-stronger-verb
Key Stage 2,Year 4,Z,Prefixes and suffixes,Z.1,1,"Identify base words, prefixes and suffixes",https://uk.ixl.com/english/year-4/identify-base-words-prefixes-and-suffixes
Key Stage 2,Year 4,Z,Prefixes and suffixes,Z.2,2,"Determine the meaning of a word with pre-, re- or mis-",https://uk.ixl.com/english/year-4/determine-the-meaning-of-a-word-with-pre-re-or-mis
Key Stage 2,Year 4,Z,Prefixes and suffixes,Z.3,3,"Use the prefixes pre-, re- and mis-",https://uk.ixl.com/english/year-4/use-the-prefixes-pre-re-and-mis
Key Stage 2,Year 4,Z,Prefixes and suffixes,Z.4,4,Determine the meaning of a word with -ful or -less,https://uk.ixl.com/english/year-4/determine-the-meaning-of-a-word-with-ful-or-less
Key Stage 2,Year 4,Z,Prefixes and suffixes,Z.5,5,Determine the meaning of a word with -ly or -ness,https://uk.ixl.com/english/year-4/determine-the-meaning-of-a-word-with-ly-or-ness
Key Stage 2,Year 4,Z,Prefixes and suffixes,Z.6,6,Determine the meaning of a word with -able or -ment,https://uk.ixl.com/english/year-4/determine-the-meaning-of-a-word-with-able-or-ment
Key Stage 2,Year 4,Z,Prefixes and suffixes,Z.7,7,Determine the meaning of a word with a suffix: review,https://uk.ixl.com/english/year-4/determine-the-meaning-of-a-word-with-a-suffix-review
Key Stage 2,Year 4,Z,Prefixes and suffixes,Z.8,8,Determine the meanings of words with prefixes and suffixes: review,https://uk.ixl.com/english/year-4/determine-the-meanings-of-words-with-prefixes-and-suffixes-review
Key Stage 2,Year 4,AA,Greek and Latin roots,AA.1,1,Use Greek and Latin roots as clues to the meanings of words,https://uk.ixl.com/english/year-4/use-greek-and-latin-roots-as-clues-to-the-meanings-of-words
Key Stage 2,Year 4,AA,Greek and Latin roots,AA.2,2,Determine the meanings of Greek and Latin roots,https://uk.ixl.com/english/year-4/determine-the-meanings-of-greek-and-latin-roots
Key Stage 2,Year 4,AA,Greek and Latin roots,AA.3,3,Determine the meanings of words with Greek and Latin roots,https://uk.ixl.com/english/year-4/determine-the-meanings-of-words-with-greek-and-latin-roots
Key Stage 2,Year 4,BB,Compound words,BB.1,1,Form compound words,https://uk.ixl.com/english/year-4/form-compound-words
Key Stage 2,Year 4,BB,Compound words,BB.2,2,Form and use compound words,https://uk.ixl.com/english/year-4/form-and-use-compound-words
Key Stage 2,Year 4,CC,Categories,CC.1,1,Select the members of a group,https://uk.ixl.com/english/year-4/select-the-members-of-a-group
Key Stage 2,Year 4,CC,Categories,CC.2,2,Select the words that don't belong,https://uk.ixl.com/english/year-4/select-the-words-that-dont-belong
Key Stage 2,Year 4,DD,Synonyms and antonyms,DD.1,1,Choose the synonym,https://uk.ixl.com/english/year-4/choose-the-synonym
Key Stage 2,Year 4,DD,Synonyms and antonyms,DD.2,2,Which sentence has the same meaning?,https://uk.ixl.com/english/year-4/which-sentence-has-the-same-meaning
Key Stage 2,Year 4,DD,Synonyms and antonyms,DD.3,3,Find synonyms in context,https://uk.ixl.com/english/year-4/find-synonyms-in-context
Key Stage 2,Year 4,DD,Synonyms and antonyms,DD.4,4,Choose the antonym,https://uk.ixl.com/english/year-4/choose-the-antonym
Key Stage 2,Year 4,DD,Synonyms and antonyms,DD.5,5,Which sentence uses an antonym?,https://uk.ixl.com/english/year-4/which-sentence-uses-an-antonym
Key Stage 2,Year 4,DD,Synonyms and antonyms,DD.6,6,Find antonyms in context,https://uk.ixl.com/english/year-4/find-antonyms-in-context
Key Stage 2,Year 4,EE,Homophones,EE.1,1,Homophones with pictures,https://uk.ixl.com/english/year-4/homophones-with-pictures
Key Stage 2,Year 4,EE,Homophones,EE.2,2,Identify homophones,https://uk.ixl.com/english/year-4/identify-homophones
Key Stage 2,Year 4,EE,Homophones,EE.3,3,Use the correct homophone,https://uk.ixl.com/english/year-4/use-the-correct-homophone
Key Stage 2,Year 4,FF,Multiple-meaning words,FF.1,1,Which definition matches the sentence?,https://uk.ixl.com/english/year-4/which-definition-matches-the-sentence
Key Stage 2,Year 4,FF,Multiple-meaning words,FF.2,2,Which sentence matches the definition?,https://uk.ixl.com/english/year-4/which-sentence-matches-the-definition
Key Stage 2,Year 4,GG,Shades of meaning,GG.1,1,Describe the difference between related words,https://uk.ixl.com/english/year-4/describe-the-difference-between-related-words
Key Stage 2,Year 4,GG,Shades of meaning,GG.2,2,Positive and negative connotation,https://uk.ixl.com/english/year-4/positive-and-negative-connotation
Key Stage 2,Year 4,HH,Idioms,HH.1,1,Choose the picture that matches the idiomatic expression,https://uk.ixl.com/english/year-4/choose-the-picture-that-matches-the-idiomatic-expression
Key Stage 2,Year 4,II,Context clues,II.1,1,Determine the meaning of words using synonyms in context,https://uk.ixl.com/english/year-4/determine-the-meaning-of-words-using-synonyms-in-context
Key Stage 2,Year 4,II,Context clues,II.2,2,Use context to identify the meaning of a word,https://uk.ixl.com/english/year-4/use-context-to-identify-the-meaning-of-a-word
Key Stage 2,Year 4,JJ,Reference skills,JJ.1,1,Order alphabetically based on the first letter,https://uk.ixl.com/english/year-4/order-alphabetically-based-on-the-first-letter
Key Stage 2,Year 4,JJ,Reference skills,JJ.2,2,Order alphabetically based on the first two letters,https://uk.ixl.com/english/year-4/order-alphabetically-based-on-the-first-two-letters
Key Stage 2,Year 4,JJ,Reference skills,JJ.3,3,Order alphabetically based on the first three letters,https://uk.ixl.com/english/year-4/order-alphabetically-based-on-the-first-three-letters
Key Stage 2,Year 4,JJ,Reference skills,JJ.4,4,Order alphabetically: challenge,https://uk.ixl.com/english/year-4/order-alphabetically-challenge
Key Stage 2,Year 4,JJ,Reference skills,JJ.5,5,Use guide words,https://uk.ixl.com/english/year-4/use-guide-words
Key Stage 2,Year 4,JJ,Reference skills,JJ.6,6,Use dictionary entries,https://uk.ixl.com/english/year-4/use-dictionary-entries
Key Stage 2,Year 4,JJ,Reference skills,JJ.7,7,Use dictionary definitions,https://uk.ixl.com/english/year-4/use-dictionary-definitions
Key Stage 2,Year 4,KK,"Sentences, fragments and run-ons",KK.1,1,"Is the sentence a statement, question, command or exclamation?",https://uk.ixl.com/english/year-4/is-the-sentence-a-statement-question-command-or-exclamation
Key Stage 2,Year 4,KK,"Sentences, fragments and run-ons",KK.2,2,Identify the complete subject of a sentence,https://uk.ixl.com/english/year-4/identify-the-complete-subject-of-a-sentence
Key Stage 2,Year 4,KK,"Sentences, fragments and run-ons",KK.3,3,Identify the complete predicate of a sentence,https://uk.ixl.com/english/year-4/identify-the-complete-predicate-of-a-sentence
Key Stage 2,Year 4,KK,"Sentences, fragments and run-ons",KK.4,4,Identify the simple subject or predicate of a sentence,https://uk.ixl.com/english/year-4/identify-the-simple-subject-or-predicate-of-a-sentence
Key Stage 2,Year 4,KK,"Sentences, fragments and run-ons",KK.5,5,Is it a complete sentence or a fragment?,https://uk.ixl.com/english/year-4/is-it-a-complete-sentence-or-a-fragment
Key Stage 2,Year 4,KK,"Sentences, fragments and run-ons",KK.6,6,Is it a complete sentence or a run-on?,https://uk.ixl.com/english/year-4/is-it-a-complete-sentence-or-a-run-on
Key Stage 2,Year 4,KK,"Sentences, fragments and run-ons",KK.7,7,"Is it a complete sentence, a fragment or a run-on?",https://uk.ixl.com/english/year-4/is-it-a-complete-sentence-a-fragment-or-a-run-on
Key Stage 2,Year 4,KK,"Sentences, fragments and run-ons",KK.8,8,Is the sentence simple or compound?,https://uk.ixl.com/english/year-4/is-the-sentence-simple-or-compound
Key Stage 2,Year 4,KK,"Sentences, fragments and run-ons",KK.9,9,Order the words to create a sentence,https://uk.ixl.com/english/year-4/order-the-words-to-create-a-sentence
Key Stage 2,Year 4,LL,Nouns,LL.1,1,Which word is a noun?,https://uk.ixl.com/english/year-4/which-word-is-a-noun
Key Stage 2,Year 4,LL,Nouns,LL.2,2,Identify nouns,https://uk.ixl.com/english/year-4/identify-nouns
Key Stage 2,Year 4,LL,Nouns,LL.3,3,Identify nouns – with abstract nouns,https://uk.ixl.com/english/year-4/identify-nouns-with-abstract-nouns
Key Stage 2,Year 4,LL,Nouns,LL.4,4,Identify common and proper nouns,https://uk.ixl.com/english/year-4/identify-common-and-proper-nouns
Key Stage 2,Year 4,LL,Nouns,LL.5,5,"Form regular plurals with -s, -es and -ies",https://uk.ixl.com/english/year-4/form-regular-plurals-with-s-es-and-ies
Key Stage 2,Year 4,LL,Nouns,LL.6,6,"Use regular plurals with -s, -es and -ies",https://uk.ixl.com/english/year-4/use-regular-plurals-with-s-es-and-ies
Key Stage 2,Year 4,LL,Nouns,LL.7,7,Is the noun singular or plural?,https://uk.ixl.com/english/year-4/is-the-noun-singular-or-plural
Key Stage 2,Year 4,LL,Nouns,LL.8,8,Form and use irregular plurals,https://uk.ixl.com/english/year-4/form-and-use-irregular-plurals
Key Stage 2,Year 4,LL,Nouns,LL.9,9,"Identify plurals, singular possessives and plural possessives",https://uk.ixl.com/english/year-4/identify-plurals-singular-possessives-and-plural-possessives
Key Stage 2,Year 4,LL,Nouns,LL.10,10,Form the singular or plural possessive,https://uk.ixl.com/english/year-4/form-the-singular-or-plural-possessive
Key Stage 2,Year 4,LL,Nouns,LL.11,11,Identify and correct errors with plural and possessive nouns,https://uk.ixl.com/english/year-4/identify-and-correct-errors-with-plural-and-possessive-nouns
Key Stage 2,Year 4,MM,Pronouns,MM.1,1,Identify personal pronouns,https://uk.ixl.com/english/year-4/identify-personal-pronouns
Key Stage 2,Year 4,MM,Pronouns,MM.2,2,Choose between subject and object personal pronouns,https://uk.ixl.com/english/year-4/choose-between-subject-and-object-personal-pronouns
Key Stage 2,Year 4,MM,Pronouns,MM.3,3,Replace the noun with a personal pronoun,https://uk.ixl.com/english/year-4/replace-the-noun-with-a-personal-pronoun
Key Stage 2,Year 4,MM,Pronouns,MM.4,4,Compound subjects and objects with 'I' and 'me',https://uk.ixl.com/english/year-4/compound-subjects-and-objects-with-i-and-me
Key Stage 2,Year 4,MM,Pronouns,MM.5,5,Identify possessive pronouns,https://uk.ixl.com/english/year-4/identify-possessive-pronouns
Key Stage 2,Year 4,MM,Pronouns,MM.6,6,Use possessive pronouns,https://uk.ixl.com/english/year-4/use-possessive-pronouns
Key Stage 2,Year 4,MM,Pronouns,MM.7,7,Choose between personal and reflexive pronouns,https://uk.ixl.com/english/year-4/choose-between-personal-and-reflexive-pronouns
Key Stage 2,Year 4,MM,Pronouns,MM.8,8,Use reflexive pronouns,https://uk.ixl.com/english/year-4/use-reflexive-pronouns
Key Stage 2,Year 4,NN,Verb types,NN.1,1,Use action verbs,https://uk.ixl.com/english/year-4/use-action-verbs
Key Stage 2,Year 4,NN,Verb types,NN.2,2,Identify action verbs,https://uk.ixl.com/english/year-4/identify-action-verbs
Key Stage 2,Year 4,NN,Verb types,NN.3,3,Identify main verbs and helping verbs,https://uk.ixl.com/english/year-4/identify-main-verbs-and-helping-verbs
Key Stage 2,Year 4,OO,Subject-verb agreement,OO.1,1,Is the subject singular or plural?,https://uk.ixl.com/english/year-4/is-the-subject-singular-or-plural
Key Stage 2,Year 4,OO,Subject-verb agreement,OO.2,2,Use the correct subject or verb,https://uk.ixl.com/english/year-4/use-the-correct-subject-or-verb
Key Stage 2,Year 4,OO,Subject-verb agreement,OO.3,3,Pronoun-verb agreement,https://uk.ixl.com/english/year-4/pronoun-verb-agreement
Key Stage 2,Year 4,PP,Verb tense,PP.1,1,Which sentence is in the regular past tense?,https://uk.ixl.com/english/year-4/which-sentence-is-in-the-regular-past-tense
Key Stage 2,Year 4,PP,Verb tense,PP.2,2,Identify verbs in the regular past tense,https://uk.ixl.com/english/year-4/identify-verbs-in-the-regular-past-tense
Key Stage 2,Year 4,PP,Verb tense,PP.3,3,Form and use the regular past tense,https://uk.ixl.com/english/year-4/form-and-use-the-regular-past-tense
Key Stage 2,Year 4,PP,Verb tense,PP.4,4,Identify the irregular past tense I,https://uk.ixl.com/english/year-4/identify-the-irregular-past-tense
Key Stage 2,Year 4,PP,Verb tense,PP.5,5,Identify the irregular past tense II,https://uk.ixl.com/english/year-4/identify-the-irregular-past-tense-ii
Key Stage 2,Year 4,PP,Verb tense,PP.6,6,Form and use the irregular past tense: set 1,https://uk.ixl.com/english/year-4/form-and-use-the-irregular-past-tense-set-1
Key Stage 2,Year 4,PP,Verb tense,PP.7,7,Form and use the irregular past tense: set 2,https://uk.ixl.com/english/year-4/form-and-use-the-irregular-past-tense-set-2
Key Stage 2,Year 4,PP,Verb tense,PP.8,8,Form and use the irregular past tense: set 3,https://uk.ixl.com/english/year-4/form-and-use-the-irregular-past-tense-set-3
Key Stage 2,Year 4,PP,Verb tense,PP.9,9,Form and use the irregular past tense: set 4,https://uk.ixl.com/english/year-4/form-and-use-the-irregular-past-tense-set-4
Key Stage 2,Year 4,PP,Verb tense,PP.10,10,Form and use the irregular past tense: set 5,https://uk.ixl.com/english/year-4/form-and-use-the-irregular-past-tense-set-5
Key Stage 2,Year 4,PP,Verb tense,PP.11,11,To be: use the correct form,https://uk.ixl.com/english/year-4/to-be-use-the-correct-form
Key Stage 2,Year 4,PP,Verb tense,PP.12,12,To have: use the correct form,https://uk.ixl.com/english/year-4/to-have-use-the-correct-form
Key Stage 2,Year 4,PP,Verb tense,PP.13,13,"Is the sentence in the past, present or future tense?",https://uk.ixl.com/english/year-4/is-the-sentence-in-the-past-present-or-future-tense
Key Stage 2,Year 4,PP,Verb tense,PP.14,14,Change the sentence to future tense,https://uk.ixl.com/english/year-4/change-the-sentence-to-future-tense
Key Stage 2,Year 4,QQ,Articles,QQ.1,1,Use the correct article: a or an,https://uk.ixl.com/english/year-4/use-the-correct-article-a-or-an
Key Stage 2,Year 4,QQ,Articles,QQ.2,2,"Use the correct article: a, an or the",https://uk.ixl.com/english/year-4/use-the-correct-article-a-an-or-the
Key Stage 2,Year 4,QQ,Articles,QQ.3,3,Identify articles,https://uk.ixl.com/english/year-4/identify-articles
Key Stage 2,Year 4,RR,Adjectives and adverbs,RR.1,1,Does the adjective tell you what kind or how many?,https://uk.ixl.com/english/year-4/does-the-adjective-tell-you-what-kind-or-how-many
Key Stage 2,Year 4,RR,Adjectives and adverbs,RR.2,2,Identify the adjective that describes the noun,https://uk.ixl.com/english/year-4/identify-the-adjective-that-describes-the-noun
Key Stage 2,Year 4,RR,Adjectives and adverbs,RR.3,3,Identify adjectives,https://uk.ixl.com/english/year-4/identify-adjectives
Key Stage 2,Year 4,RR,Adjectives and adverbs,RR.4,4,"Does the adverb tell you how, when or where?",https://uk.ixl.com/english/year-4/does-the-adverb-tell-you-how-when-or-where
Key Stage 2,Year 4,RR,Adjectives and adverbs,RR.5,5,Identify adverbs,https://uk.ixl.com/english/year-4/identify-adverbs
Key Stage 2,Year 4,RR,Adjectives and adverbs,RR.6,6,Choose between adjectives and adverbs,https://uk.ixl.com/english/year-4/choose-between-adjectives-and-adverbs
Key Stage 2,Year 4,RR,Adjectives and adverbs,RR.7,7,Is the word an adjective or adverb?,https://uk.ixl.com/english/year-4/is-the-word-an-adjective-or-adverb
Key Stage 2,Year 4,RR,Adjectives and adverbs,RR.8,8,Use adjectives to compare,https://uk.ixl.com/english/year-4/use-adjectives-to-compare
Key Stage 2,Year 4,RR,Adjectives and adverbs,RR.9,9,Spell adjectives that compare,https://uk.ixl.com/english/year-4/spell-adjectives-that-compare
Key Stage 2,Year 4,RR,Adjectives and adverbs,RR.10,10,Use adverbs to compare,https://uk.ixl.com/english/year-4/use-adverbs-to-compare
Key Stage 2,Year 4,SS,Prepositions,SS.1,1,Identify prepositions,https://uk.ixl.com/english/year-4/identify-prepositions
Key Stage 2,Year 4,SS,Prepositions,SS.2,2,Identify prepositions and their objects,https://uk.ixl.com/english/year-4/identify-prepositions-and-their-objects
Key Stage 2,Year 4,SS,Prepositions,SS.3,3,Identify prepositional phrases,https://uk.ixl.com/english/year-4/identify-prepositional-phrases
Key Stage 2,Year 4,SS,Prepositions,SS.4,4,Prepositions: review,https://uk.ixl.com/english/year-4/prepositions-review
Key Stage 2,Year 4,TT,Conjunctions,TT.1,1,Identify coordinating conjunctions,https://uk.ixl.com/english/year-4/identify-coordinating-conjunctions
Key Stage 2,Year 4,TT,Conjunctions,TT.2,2,Identify subordinating conjunctions,https://uk.ixl.com/english/year-4/identify-subordinating-conjunctions
Key Stage 2,Year 4,UU,Contractions,UU.1,1,Pronoun-verb contractions,https://uk.ixl.com/english/year-4/pronoun-verb-contractions
Key Stage 2,Year 4,UU,Contractions,UU.2,2,Contractions with 'not',https://uk.ixl.com/english/year-4/contractions-with-not
Key Stage 2,Year 4,VV,Commas,VV.1,1,Commas with direct addresses and after introductory words,https://uk.ixl.com/english/year-4/commas-with-direct-addresses-and-after-introductory-words
Key Stage 2,Year 4,WW,Capitalisation,WW.1,1,Capitalising the names of people and pets and titles of respect,https://uk.ixl.com/english/year-4/capitalising-the-names-of-people-and-pets-and-titles-of-respect
Key Stage 2,Year 4,WW,Capitalisation,WW.2,2,"Capitalising days, months and holidays",https://uk.ixl.com/english/year-4/capitalising-days-months-and-holidays
Key Stage 2,Year 4,WW,Capitalisation,WW.3,3,Capitalising the names of places and geographic features,https://uk.ixl.com/english/year-4/capitalising-the-names-of-places-and-geographic-features
Key Stage 2,Year 4,XX,Formatting,XX.1,1,Greetings and closings of letters,https://uk.ixl.com/english/year-4/greetings-and-closings-of-letters
Key Stage 2,Year 4,XX,Formatting,XX.2,2,Capitalising titles,https://uk.ixl.com/english/year-4/capitalising-titles
Key Stage 2,Year 4,XX,Formatting,XX.3,3,Formatting titles,https://uk.ixl.com/english/year-4/formatting-titles
Key Stage 2,Year 4,XX,Formatting,XX.4,4,Formatting and capitalising titles,https://uk.ixl.com/english/year-4/formatting-and-capitalising-titles
Key Stage 2,Year 5,A,Main idea,A.1,1,Use key details to determine the main idea,https://uk.ixl.com/english/year-5/use-key-details-to-determine-the-main-idea
Key Stage 2,Year 5,A,Main idea,A.2,2,Determine the main idea of a passage,https://uk.ixl.com/english/year-5/determine-the-main-idea-of-a-passage
Key Stage 2,Year 5,A,Main idea,A.3,3,Combine main ideas from two texts,https://uk.ixl.com/english/year-5/combine-main-ideas-from-two-texts
Key Stage 2,Year 5,B,Theme,B.1,1,"Determine the themes of myths, fables and folktales",https://uk.ixl.com/english/year-5/determine-the-themes-of-myths-fables-and-folktales
Key Stage 2,Year 5,C,Author's purpose,C.1,1,Identify the purpose of a text,https://uk.ixl.com/english/year-5/identify-the-purpose-of-a-text
Key Stage 2,Year 5,D,Text structure,D.1,1,Determine the order of events in informational texts,https://uk.ixl.com/english/year-5/determine-the-order-of-events-in-informational-texts
Key Stage 2,Year 5,D,Text structure,D.2,2,Compare and contrast in informational texts,https://uk.ixl.com/english/year-5/compare-and-contrast-in-informational-texts
Key Stage 2,Year 5,D,Text structure,D.3,3,Match causes and effects in informational texts,https://uk.ixl.com/english/year-5/match-causes-and-effects-in-informational-texts
Key Stage 2,Year 5,D,Text structure,D.4,4,Match problems with their solutions,https://uk.ixl.com/english/year-5/match-problems-with-their-solutions
Key Stage 2,Year 5,D,Text structure,D.5,5,Identify text structures,https://uk.ixl.com/english/year-5/identify-text-structures
Key Stage 2,Year 5,E,Sensory details,E.1,1,Sort sensory details,https://uk.ixl.com/english/year-5/sort-sensory-details
Key Stage 2,Year 5,F,Literary devices,F.1,1,Identify similes and metaphors,https://uk.ixl.com/english/year-5/identify-similes-and-metaphors
Key Stage 2,Year 5,F,Literary devices,F.2,2,Determine the meanings of similes and metaphors,https://uk.ixl.com/english/year-5/determine-the-meanings-of-similes-and-metaphors
Key Stage 2,Year 5,F,Literary devices,F.3,3,Analyse the effects of figures of speech on meaning and tone,https://uk.ixl.com/english/year-5/analyse-the-effects-of-figures-of-speech-on-meaning-and-tone
Key Stage 2,Year 5,G,Point of view,G.1,1,Distinguish points of view,https://uk.ixl.com/english/year-5/distinguish-points-of-view
Key Stage 2,Year 5,H,Inference,H.1,1,Use actions and dialogue to understand characters,https://uk.ixl.com/english/year-5/use-actions-and-dialogue-to-understand-characters
Key Stage 2,Year 5,H,Inference,H.2,2,Compare and contrast characters,https://uk.ixl.com/english/year-5/compare-and-contrast-characters
Key Stage 2,Year 5,H,Inference,H.3,3,Draw inferences from a text,https://uk.ixl.com/english/year-5/draw-inferences-from-a-text
Key Stage 2,Year 5,H,Inference,H.4,4,Make predictions about a story,https://uk.ixl.com/english/year-5/make-predictions-about-a-story
Key Stage 2,Year 5,I,Story elements,I.1,1,Identify story elements,https://uk.ixl.com/english/year-5/identify-story-elements
Key Stage 2,Year 5,J,Visual elements,J.1,1,Compare mythological illustrations,https://uk.ixl.com/english/year-5/compare-mythological-illustrations
Key Stage 2,Year 5,K,Literary texts: level 1,K.1,1,Read fantasy with illustrations,https://uk.ixl.com/english/year-5/read-fantasy-with-illustrations
Key Stage 2,Year 5,K,Literary texts: level 1,K.2,2,Read realistic fiction with illustrations,https://uk.ixl.com/english/year-5/read-realistic-fiction-with-illustrations
Key Stage 2,Year 5,K,Literary texts: level 1,K.3,3,Read science fiction with illustrations,https://uk.ixl.com/english/year-5/read-science-fiction-with-illustrations
Key Stage 2,Year 5,L,Literary texts: level 2,L.1,1,Read realistic fiction,https://uk.ixl.com/english/year-5/read-realistic-fiction
Key Stage 2,Year 5,L,Literary texts: level 2,L.2,2,Read historical fiction,https://uk.ixl.com/english/year-5/read-historical-fiction
Key Stage 2,Year 5,L,Literary texts: level 2,L.3,3,Read poetry,https://uk.ixl.com/english/year-5/read-poetry
Key Stage 2,Year 5,L,Literary texts: level 2,L.4,4,Read drama,https://uk.ixl.com/english/year-5/read-drama
Key Stage 2,Year 5,M,Informational texts: level 1,M.1,1,Read about animals,https://uk.ixl.com/english/year-5/read-about-animals
Key Stage 2,Year 5,M,Informational texts: level 1,M.2,2,"Read about art, music and traditions",https://uk.ixl.com/english/year-5/read-about-art-music-and-traditions
Key Stage 2,Year 5,M,Informational texts: level 1,M.3,3,Read about famous places,https://uk.ixl.com/english/year-5/read-about-famous-places
Key Stage 2,Year 5,M,Informational texts: level 1,M.4,4,Read about sports and hobbies,https://uk.ixl.com/english/year-5/read-about-sports-and-hobbies
Key Stage 2,Year 5,N,Informational texts: level 2,N.1,1,Read about famous people,https://uk.ixl.com/english/year-5/read-about-famous-people
Key Stage 2,Year 5,N,Informational texts: level 2,N.2,2,Read about business and technology,https://uk.ixl.com/english/year-5/read-passages-about-business-and-technology
Key Stage 2,Year 5,N,Informational texts: level 2,N.3,3,Read about science and nature,https://uk.ixl.com/english/year-5/read-about-science-and-nature
Key Stage 2,Year 5,N,Informational texts: level 2,N.4,4,Read about history,https://uk.ixl.com/english/year-5/read-about-history
Key Stage 2,Year 5,O,Organising writing,O.1,1,Put the sentences in order,https://uk.ixl.com/english/year-5/put-the-sentences-in-order
Key Stage 2,Year 5,O,Organising writing,O.2,2,Order items from most general to most specific,https://uk.ixl.com/english/year-5/order-items-from-most-general-to-most-specific
Key Stage 2,Year 5,O,Organising writing,O.3,3,Organise information by topic,https://uk.ixl.com/english/year-5/organise-information-by-topic
Key Stage 2,Year 5,O,Organising writing,O.4,4,Remove the sentence that does not belong,https://uk.ixl.com/english/year-5/remove-the-sentence-that-does-not-belong
Key Stage 2,Year 5,P,Introductions and conclusions,P.1,1,Choose the best topic sentence,https://uk.ixl.com/english/year-5/choose-the-best-topic-sentence
Key Stage 2,Year 5,P,Introductions and conclusions,P.2,2,Choose the best concluding sentence,https://uk.ixl.com/english/year-5/choose-the-best-concluding-sentence
Key Stage 2,Year 5,Q,Linking words,Q.1,1,Identify time-order words,https://uk.ixl.com/english/year-5/identify-time-order-words
Key Stage 2,Year 5,Q,Linking words,Q.2,2,Use coordinating conjunctions,https://uk.ixl.com/english/year-5/use-coordinating-conjunctions
Key Stage 2,Year 5,Q,Linking words,Q.3,3,Use subordinating conjunctions,https://uk.ixl.com/english/year-5/use-subordinating-conjunctions
Key Stage 2,Year 5,Q,Linking words,Q.4,4,Choose the best transition,https://uk.ixl.com/english/year-5/choose-the-best-transition
Key Stage 2,Year 5,R,Developing and supporting arguments,R.1,1,Distinguish facts from opinions,https://uk.ixl.com/english/year-5/distinguish-facts-from-opinions
Key Stage 2,Year 5,R,Developing and supporting arguments,R.2,2,Identify an author's statement of opinion,https://uk.ixl.com/english/year-5/identify-an-authors-statement-of-opinion
Key Stage 2,Year 5,R,Developing and supporting arguments,R.3,3,Choose reasons to support an opinion,https://uk.ixl.com/english/year-5/choose-reasons-to-support-an-opinion
Key Stage 2,Year 5,R,Developing and supporting arguments,R.4,4,Identify supporting details in literary texts,https://uk.ixl.com/english/year-5/identify-supporting-details-in-literary-texts
Key Stage 2,Year 5,R,Developing and supporting arguments,R.5,5,Identify supporting details in informational texts,https://uk.ixl.com/english/year-5/identify-supporting-details-in-informational-texts
Key Stage 2,Year 5,R,Developing and supporting arguments,R.6,6,Identify and correct plagiarism,https://uk.ixl.com/english/year-5/identify-and-correct-plagiarism
Key Stage 2,Year 5,S,Descriptive details,S.1,1,Show character emotions and traits,https://uk.ixl.com/english/year-5/show-character-emotions-and-traits
Key Stage 2,Year 5,S,Descriptive details,S.2,2,Revise the sentence using a stronger verb,https://uk.ixl.com/english/year-5/revise-the-sentence-using-a-stronger-verb
Key Stage 2,Year 5,T,Prefixes and suffixes,T.1,1,"Identify base words, prefixes and suffixes",https://uk.ixl.com/english/year-5/identify-base-words-prefixes-and-suffixes
Key Stage 2,Year 5,T,Prefixes and suffixes,T.2,2,"Determine the meaning of a word with pre-, re- or mis-",https://uk.ixl.com/english/year-5/determine-the-meaning-of-a-word-with-pre-re-or-mis
Key Stage 2,Year 5,T,Prefixes and suffixes,T.3,3,"Use the prefixes pre-, re- and mis-",https://uk.ixl.com/english/year-5/use-the-prefixes-pre-re-and-mis
Key Stage 2,Year 5,T,Prefixes and suffixes,T.4,4,Determine the meaning of a word with -ful or -less,https://uk.ixl.com/english/year-5/determine-the-meaning-of-a-word-with-ful-or-less
Key Stage 2,Year 5,T,Prefixes and suffixes,T.5,5,Determine the meaning of a word with -ly or -ness,https://uk.ixl.com/english/year-5/determine-the-meaning-of-a-word-with-ly-or-ness
Key Stage 2,Year 5,T,Prefixes and suffixes,T.6,6,Determine the meaning of a word with -able or -ment,https://uk.ixl.com/english/year-5/determine-the-meaning-of-a-word-with-able-or-ment
Key Stage 2,Year 5,T,Prefixes and suffixes,T.7,7,Determine the meaning of a word with a suffix: review,https://uk.ixl.com/english/year-5/determine-the-meaning-of-a-word-with-a-suffix-review
Key Stage 2,Year 5,T,Prefixes and suffixes,T.8,8,Determine the meanings of words with prefixes and suffixes: review,https://uk.ixl.com/english/year-5/determine-the-meanings-of-words-with-prefixes-and-suffixes-review
Key Stage 2,Year 5,U,Greek and Latin roots,U.1,1,Sort words by shared Greek or Latin roots,https://uk.ixl.com/english/year-5/sort-words-by-shared-greek-or-latin-roots
Key Stage 2,Year 5,U,Greek and Latin roots,U.2,2,Use Greek and Latin roots as clues to the meanings of words,https://uk.ixl.com/english/year-5/use-greek-and-latin-roots-as-clues-to-the-meanings-of-words
Key Stage 2,Year 5,U,Greek and Latin roots,U.3,3,Use the meanings of words as clues to the meanings of Greek and Latin roots,https://uk.ixl.com/english/year-5/use-the-meanings-of-words-as-clues-to-the-meanings-of-greek-and-latin-roots
Key Stage 2,Year 5,U,Greek and Latin roots,U.4,4,Determine the meanings of Greek and Latin roots,https://uk.ixl.com/english/year-5/determine-the-meanings-of-greek-and-latin-roots
Key Stage 2,Year 5,U,Greek and Latin roots,U.5,5,Determine the meanings of words with Greek and Latin roots,https://uk.ixl.com/english/year-5/determine-the-meanings-of-words-with-greek-and-latin-roots
Key Stage 2,Year 5,U,Greek and Latin roots,U.6,6,Match words with Greek and Latin roots to their meanings,https://uk.ixl.com/english/year-5/match-words-with-greek-and-latin-roots-to-their-meanings
Key Stage 2,Year 5,V,Compound words,V.1,1,Form compound words,https://uk.ixl.com/english/year-5/form-compound-words
Key Stage 2,Year 5,V,Compound words,V.2,2,Form and use compound words,https://uk.ixl.com/english/year-5/form-and-use-compound-words
Key Stage 2,Year 5,W,Categories,W.1,1,Select the members of a group,https://uk.ixl.com/english/year-5/select-the-members-of-a-group
Key Stage 2,Year 5,W,Categories,W.2,2,Select the words that don't belong,https://uk.ixl.com/english/year-5/select-the-words-that-dont-belong
Key Stage 2,Year 5,X,Synonyms and antonyms,X.1,1,Choose the synonym,https://uk.ixl.com/english/year-5/choose-the-synonym
Key Stage 2,Year 5,X,Synonyms and antonyms,X.2,2,Which sentence has the same meaning?,https://uk.ixl.com/english/year-5/which-sentence-has-the-same-meaning
Key Stage 2,Year 5,X,Synonyms and antonyms,X.3,3,Find synonyms in context,https://uk.ixl.com/english/year-5/find-synonyms-in-context
Key Stage 2,Year 5,X,Synonyms and antonyms,X.4,4,Choose the antonym,https://uk.ixl.com/english/year-5/choose-the-antonym
Key Stage 2,Year 5,X,Synonyms and antonyms,X.5,5,Which sentence uses an antonym?,https://uk.ixl.com/english/year-5/which-sentence-uses-an-antonym
Key Stage 2,Year 5,X,Synonyms and antonyms,X.6,6,Find antonyms in context,https://uk.ixl.com/english/year-5/find-antonyms-in-context
Key Stage 2,Year 5,Y,Homophones,Y.1,1,Homophones with pictures,https://uk.ixl.com/english/year-5/homophones-with-pictures
Key Stage 2,Year 5,Y,Homophones,Y.2,2,Identify homophones,https://uk.ixl.com/english/year-5/identify-homophones
Key Stage 2,Year 5,Y,Homophones,Y.3,3,Use the correct homophone,https://uk.ixl.com/english/year-5/use-the-correct-homophone
Key Stage 2,Year 5,Z,Multiple-meaning words,Z.1,1,Which definition matches the sentence?,https://uk.ixl.com/english/year-5/which-definition-matches-the-sentence
Key Stage 2,Year 5,Z,Multiple-meaning words,Z.2,2,Which sentence matches the definition?,https://uk.ixl.com/english/year-5/which-sentence-matches-the-definition
Key Stage 2,Year 5,AA,Shades of meaning,AA.1,1,Describe the difference between related words,https://uk.ixl.com/english/year-5/describe-the-difference-between-related-words
Key Stage 2,Year 5,AA,Shades of meaning,AA.2,2,Positive and negative connotation,https://uk.ixl.com/english/year-5/positive-and-negative-connotation
Key Stage 2,Year 5,BB,Context clues,BB.1,1,Find words using context,https://uk.ixl.com/english/year-5/find-words-using-context
Key Stage 2,Year 5,BB,Context clues,BB.2,2,Determine the meaning of words using synonyms in context,https://uk.ixl.com/english/year-5/determine-the-meaning-of-words-using-synonyms-in-context
Key Stage 2,Year 5,BB,Context clues,BB.3,3,Use context to identify the meaning of a word,https://uk.ixl.com/english/year-5/use-context-to-identify-the-meaning-of-a-word
Key Stage 2,Year 5,BB,Context clues,BB.4,4,Determine the meaning of domain-specific words with pictures,https://uk.ixl.com/english/year-5/determine-the-meaning-of-domain-specific-words-with-pictures
Key Stage 2,Year 5,CC,Reference skills,CC.1,1,Order alphabetically based on the first letter,https://uk.ixl.com/english/year-5/order-alphabetically-based-on-the-first-letter
Key Stage 2,Year 5,CC,Reference skills,CC.2,2,Order alphabetically based on the first two letters,https://uk.ixl.com/english/year-5/order-alphabetically-based-on-the-first-two-letters
Key Stage 2,Year 5,CC,Reference skills,CC.3,3,Order alphabetically based on the first three letters,https://uk.ixl.com/english/year-5/order-alphabetically-based-on-the-first-three-letters
Key Stage 2,Year 5,CC,Reference skills,CC.4,4,Order alphabetically: challenge,https://uk.ixl.com/english/year-5/order-alphabetically-challenge
Key Stage 2,Year 5,CC,Reference skills,CC.5,5,Use guide words,https://uk.ixl.com/english/year-5/use-guide-words
Key Stage 2,Year 5,CC,Reference skills,CC.6,6,Use dictionary entries,https://uk.ixl.com/english/year-5/use-dictionary-entries
Key Stage 2,Year 5,CC,Reference skills,CC.7,7,Use dictionary definitions,https://uk.ixl.com/english/year-5/use-dictionary-definitions
Key Stage 2,Year 5,CC,Reference skills,CC.8,8,Use thesaurus entries,https://uk.ixl.com/english/year-5/use-thesaurus-entries
Key Stage 2,Year 5,DD,"Sentences, fragments and run-ons",DD.1,1,"Is the sentence declarative, interrogative, imperative or exclamatory?",https://uk.ixl.com/english/year-5/is-the-sentence-declarative-interrogative-imperative-or-exclamatory
Key Stage 2,Year 5,DD,"Sentences, fragments and run-ons",DD.2,2,Identify the complete subject of a sentence,https://uk.ixl.com/english/year-5/identify-the-complete-subject-of-a-sentence
Key Stage 2,Year 5,DD,"Sentences, fragments and run-ons",DD.3,3,Identify the complete predicate of a sentence,https://uk.ixl.com/english/year-5/identify-the-complete-predicate-of-a-sentence
Key Stage 2,Year 5,DD,"Sentences, fragments and run-ons",DD.4,4,Identify the simple subject or predicate of a sentence,https://uk.ixl.com/english/year-5/identify-the-simple-subject-or-predicate-of-a-sentence
Key Stage 2,Year 5,DD,"Sentences, fragments and run-ons",DD.5,5,Is it a complete sentence or a fragment?,https://uk.ixl.com/english/year-5/is-it-a-complete-sentence-or-a-fragment
Key Stage 2,Year 5,DD,"Sentences, fragments and run-ons",DD.6,6,Is it a complete sentence or a run-on?,https://uk.ixl.com/english/year-5/is-it-a-complete-sentence-or-a-run-on
Key Stage 2,Year 5,DD,"Sentences, fragments and run-ons",DD.7,7,"Is it a complete sentence, a fragment or a run-on?",https://uk.ixl.com/english/year-5/is-it-a-complete-sentence-a-fragment-or-a-run-on
Key Stage 2,Year 5,DD,"Sentences, fragments and run-ons",DD.8,8,Is the sentence simple or compound?,https://uk.ixl.com/english/year-5/is-the-sentence-simple-or-compound
Key Stage 2,Year 5,DD,"Sentences, fragments and run-ons",DD.9,9,Order the words to create a sentence,https://uk.ixl.com/english/year-5/order-the-words-to-create-a-sentence
Key Stage 2,Year 5,EE,Nouns,EE.1,1,Which word is a noun?,https://uk.ixl.com/english/year-5/which-word-is-a-noun
Key Stage 2,Year 5,EE,Nouns,EE.2,2,Identify nouns,https://uk.ixl.com/english/year-5/identify-nouns
Key Stage 2,Year 5,EE,Nouns,EE.3,3,Identify nouns – with abstract nouns,https://uk.ixl.com/english/year-5/identify-nouns-with-abstract-nouns
Key Stage 2,Year 5,EE,Nouns,EE.4,4,Identify common and proper nouns,https://uk.ixl.com/english/year-5/identify-common-and-proper-nouns
Key Stage 2,Year 5,EE,Nouns,EE.5,5,"Form regular plurals with -s, -es and -ies",https://uk.ixl.com/english/year-5/form-regular-plurals-with-s-es-and-ies
Key Stage 2,Year 5,EE,Nouns,EE.6,6,"Use regular plurals with -s, -es and -ies",https://uk.ixl.com/english/year-5/use-regular-plurals-with-s-es-and-ies
Key Stage 2,Year 5,EE,Nouns,EE.7,7,"Form regular plurals with -s, -es, -ies and -ves",https://uk.ixl.com/english/year-5/form-regular-plurals-with-s-es-ies-and-ves
Key Stage 2,Year 5,EE,Nouns,EE.8,8,"Use regular plurals with -s, -es, -ies and -ves",https://uk.ixl.com/english/year-5/use-regular-plurals-with-s-es-ies-and-ves
Key Stage 2,Year 5,EE,Nouns,EE.9,9,Is the noun singular or plural?,https://uk.ixl.com/english/year-5/is-the-noun-singular-or-plural
Key Stage 2,Year 5,EE,Nouns,EE.10,10,Form and use irregular plurals,https://uk.ixl.com/english/year-5/form-and-use-irregular-plurals
Key Stage 2,Year 5,EE,Nouns,EE.11,11,"Identify plurals, singular possessives and plural possessives",https://uk.ixl.com/english/year-5/identify-plurals-singular-possessives-and-plural-possessives
Key Stage 2,Year 5,EE,Nouns,EE.12,12,Form the singular or plural possessive,https://uk.ixl.com/english/year-5/form-the-singular-or-plural-possessive
Key Stage 2,Year 5,EE,Nouns,EE.13,13,Identify and correct errors with plural and possessive nouns,https://uk.ixl.com/english/year-5/identify-and-correct-errors-with-plural-and-possessive-nouns
Key Stage 2,Year 5,FF,Pronouns,FF.1,1,Identify personal pronouns,https://uk.ixl.com/english/year-5/identify-personal-pronouns
Key Stage 2,Year 5,FF,Pronouns,FF.2,2,Choose between subject and object personal pronouns,https://uk.ixl.com/english/year-5/choose-between-subject-and-object-personal-pronouns
Key Stage 2,Year 5,FF,Pronouns,FF.3,3,Replace the noun with a personal pronoun,https://uk.ixl.com/english/year-5/replace-the-noun-with-a-personal-pronoun
Key Stage 2,Year 5,FF,Pronouns,FF.4,4,Compound subjects and objects with 'I' and 'me',https://uk.ixl.com/english/year-5/compound-subjects-and-objects-with-i-and-me
Key Stage 2,Year 5,FF,Pronouns,FF.5,5,Identify possessive pronouns,https://uk.ixl.com/english/year-5/identify-possessive-pronouns
Key Stage 2,Year 5,FF,Pronouns,FF.6,6,Use possessive pronouns,https://uk.ixl.com/english/year-5/use-possessive-pronouns
Key Stage 2,Year 5,FF,Pronouns,FF.7,7,Choose between personal and reflexive pronouns,https://uk.ixl.com/english/year-5/choose-between-personal-and-reflexive-pronouns
Key Stage 2,Year 5,FF,Pronouns,FF.8,8,Use reflexive pronouns,https://uk.ixl.com/english/year-5/use-reflexive-pronouns
Key Stage 2,Year 5,FF,Pronouns,FF.9,9,Identify relative pronouns,https://uk.ixl.com/english/year-5/identify-relative-pronouns
Key Stage 2,Year 5,FF,Pronouns,FF.10,10,Use relative pronouns: who and whom,https://uk.ixl.com/english/year-5/use-relative-pronouns-who-and-whom
Key Stage 2,Year 5,FF,Pronouns,FF.11,11,"Use relative pronouns: who, whom, whose, which and that",https://uk.ixl.com/english/year-5/use-relative-pronouns-who-whom-whose-which-and-that
Key Stage 2,Year 5,GG,Verb types,GG.1,1,Use action verbs,https://uk.ixl.com/english/year-5/use-action-verbs
Key Stage 2,Year 5,GG,Verb types,GG.2,2,Identify action verbs,https://uk.ixl.com/english/year-5/identify-action-verbs
Key Stage 2,Year 5,GG,Verb types,GG.3,3,Identify main verbs and helping verbs,https://uk.ixl.com/english/year-5/identify-main-verbs-and-helping-verbs
Key Stage 2,Year 5,GG,Verb types,GG.4,4,What does the modal verb show?,https://uk.ixl.com/english/year-5/what-does-the-modal-verb-show
Key Stage 2,Year 5,GG,Verb types,GG.5,5,Use the correct modal verb,https://uk.ixl.com/english/year-5/use-the-correct-modal-verb
Key Stage 2,Year 5,HH,Subject-verb agreement,HH.1,1,Is the subject singular or plural?,https://uk.ixl.com/english/year-5/is-the-subject-singular-or-plural
Key Stage 2,Year 5,HH,Subject-verb agreement,HH.2,2,Use the correct subject or verb,https://uk.ixl.com/english/year-5/use-the-correct-subject-or-verb
Key Stage 2,Year 5,HH,Subject-verb agreement,HH.3,3,Pronoun-verb agreement,https://uk.ixl.com/english/year-5/pronoun-verb-agreement
Key Stage 2,Year 5,HH,Subject-verb agreement,HH.4,4,Use the correct subject or verb – with compound subjects,https://uk.ixl.com/english/year-5/use-the-correct-subject-or-verb-with-compound-subjects
Key Stage 2,Year 5,II,Verb tense,II.1,1,Which sentence is in the regular past tense?,https://uk.ixl.com/english/year-5/which-sentence-is-in-the-regular-past-tense
Key Stage 2,Year 5,II,Verb tense,II.2,2,Identify verbs in the regular past tense,https://uk.ixl.com/english/year-5/identify-verbs-in-the-regular-past-tense
Key Stage 2,Year 5,II,Verb tense,II.3,3,Form and use the regular past tense,https://uk.ixl.com/english/year-5/form-and-use-the-regular-past-tense
Key Stage 2,Year 5,II,Verb tense,II.4,4,Identify the irregular past tense,https://uk.ixl.com/english/year-5/identify-the-irregular-past-tense
Key Stage 2,Year 5,II,Verb tense,II.5,5,Form and use the irregular past tense: set 1,https://uk.ixl.com/english/year-5/form-and-use-the-irregular-past-tense-set-1
Key Stage 2,Year 5,II,Verb tense,II.6,6,Form and use the irregular past tense: set 2,https://uk.ixl.com/english/year-5/form-and-use-the-irregular-past-tense-set-2
Key Stage 2,Year 5,II,Verb tense,II.7,7,Form and use the irregular past tense: set 3,https://uk.ixl.com/english/year-5/form-and-use-the-irregular-past-tense-set-3
Key Stage 2,Year 5,II,Verb tense,II.8,8,Form and use the irregular past tense: set 4,https://uk.ixl.com/english/year-5/form-and-use-the-irregular-past-tense-set-4
Key Stage 2,Year 5,II,Verb tense,II.9,9,To be: use the correct form,https://uk.ixl.com/english/year-5/to-be-use-the-correct-form
Key Stage 2,Year 5,II,Verb tense,II.10,10,To have: use the correct form,https://uk.ixl.com/english/year-5/to-have-use-the-correct-form
Key Stage 2,Year 5,II,Verb tense,II.11,11,"Is the sentence in the past, present or future tense?",https://uk.ixl.com/english/year-5/is-the-sentence-in-the-past-present-or-future-tense
Key Stage 2,Year 5,II,Verb tense,II.12,12,Change the sentence to future tense,https://uk.ixl.com/english/year-5/change-the-sentence-to-future-tense
Key Stage 2,Year 5,II,Verb tense,II.13,13,Use the progressive verb tenses,https://uk.ixl.com/english/year-5/use-the-progressive-verb-tenses
Key Stage 2,Year 5,II,Verb tense,II.14,14,Form the progressive verb tenses,https://uk.ixl.com/english/year-5/form-the-progressive-verb-tenses
Key Stage 2,Year 5,II,Verb tense,II.15,15,Choose between the past tense and past participle,https://uk.ixl.com/english/year-5/choose-between-the-past-tense-and-past-participle
Key Stage 2,Year 5,II,Verb tense,II.16,16,Use the perfect verb tenses,https://uk.ixl.com/english/year-5/use-the-perfect-verb-tenses
Key Stage 2,Year 5,II,Verb tense,II.17,17,Form the perfect verb tenses,https://uk.ixl.com/english/year-5/form-the-perfect-verb-tenses
Key Stage 2,Year 5,JJ,Articles,JJ.1,1,Use the correct article: a or an,https://uk.ixl.com/english/year-5/use-the-correct-article-a-or-an
Key Stage 2,Year 5,JJ,Articles,JJ.2,2,"Use the correct article: a, an or the",https://uk.ixl.com/english/year-5/use-the-correct-article-a-an-or-the
Key Stage 2,Year 5,JJ,Articles,JJ.3,3,Identify articles,https://uk.ixl.com/english/year-5/identify-articles
Key Stage 2,Year 5,KK,Adjectives and adverbs,KK.1,1,Does the adjective tell you what kind or how many?,https://uk.ixl.com/english/year-5/does-the-adjective-tell-you-what-kind-or-how-many
Key Stage 2,Year 5,KK,Adjectives and adverbs,KK.2,2,Identify the adjective that describes the noun,https://uk.ixl.com/english/year-5/identify-the-adjective-that-describes-the-noun
Key Stage 2,Year 5,KK,Adjectives and adverbs,KK.3,3,Identify adjectives,https://uk.ixl.com/english/year-5/identify-adjectives
Key Stage 2,Year 5,KK,Adjectives and adverbs,KK.4,4,Order adjectives,https://uk.ixl.com/english/year-5/order-adjectives
Key Stage 2,Year 5,KK,Adjectives and adverbs,KK.5,5,"Does the adverb tell you how, when or where?",https://uk.ixl.com/english/year-5/does-the-adverb-tell-you-how-when-or-where
Key Stage 2,Year 5,KK,Adjectives and adverbs,KK.6,6,Identify adverbs,https://uk.ixl.com/english/year-5/identify-adverbs
Key Stage 2,Year 5,KK,Adjectives and adverbs,KK.7,7,Use relative adverbs,https://uk.ixl.com/english/year-5/use-relative-adverbs
Key Stage 2,Year 5,KK,Adjectives and adverbs,KK.8,8,Choose between adjectives and adverbs,https://uk.ixl.com/english/year-5/choose-between-adjectives-and-adverbs
Key Stage 2,Year 5,KK,Adjectives and adverbs,KK.9,9,Is the word an adjective or adverb?,https://uk.ixl.com/english/year-5/is-the-word-an-adjective-or-adverb
Key Stage 2,Year 5,KK,Adjectives and adverbs,KK.10,10,Use adjectives to compare,https://uk.ixl.com/english/year-5/use-adjectives-to-compare
Key Stage 2,Year 5,KK,Adjectives and adverbs,KK.11,11,Spell adjectives that compare,https://uk.ixl.com/english/year-5/spell-adjectives-that-compare
Key Stage 2,Year 5,KK,Adjectives and adverbs,KK.12,12,Use adjectives with more and most,https://uk.ixl.com/english/year-5/use-adjectives-with-more-and-most
Key Stage 2,Year 5,KK,Adjectives and adverbs,KK.13,13,Use adverbs to compare,https://uk.ixl.com/english/year-5/use-adverbs-to-compare
Key Stage 2,Year 5,LL,Prepositions,LL.1,1,Identify prepositions,https://uk.ixl.com/english/year-5/identify-prepositions
Key Stage 2,Year 5,LL,Prepositions,LL.2,2,Identify prepositions and their objects,https://uk.ixl.com/english/year-5/identify-prepositions-and-their-objects
Key Stage 2,Year 5,LL,Prepositions,LL.3,3,Identify prepositional phrases,https://uk.ixl.com/english/year-5/identify-prepositional-phrases
Key Stage 2,Year 5,LL,Prepositions,LL.4,4,Prepositions: review,https://uk.ixl.com/english/year-5/prepositions-review
Key Stage 2,Year 5,MM,Conjunctions,MM.1,1,Identify coordinating conjunctions,https://uk.ixl.com/english/year-5/identify-coordinating-conjunctions
Key Stage 2,Year 5,MM,Conjunctions,MM.2,2,Identify subordinating conjunctions,https://uk.ixl.com/english/year-5/identify-subordinating-conjunctions
Key Stage 2,Year 5,NN,Contractions,NN.1,1,Pronoun-verb contractions,https://uk.ixl.com/english/year-5/pronoun-verb-contractions
Key Stage 2,Year 5,NN,Contractions,NN.2,2,Contractions with 'not',https://uk.ixl.com/english/year-5/contractions-with-not
Key Stage 2,Year 5,OO,Commas,OO.1,1,Commas with direct addresses and after introductory words,https://uk.ixl.com/english/year-5/commas-with-direct-addresses-and-after-introductory-words
Key Stage 2,Year 5,PP,Capitalisation,PP.1,1,Capitalising the names of people and pets and titles of respect,https://uk.ixl.com/english/year-5/capitalising-the-names-of-people-and-pets-and-titles-of-respect
Key Stage 2,Year 5,PP,Capitalisation,PP.2,2,"Capitalising days, months and holidays",https://uk.ixl.com/english/year-5/capitalising-days-months-and-holidays
Key Stage 2,Year 5,PP,Capitalisation,PP.3,3,Capitalising the names of places and geographic features,https://uk.ixl.com/english/year-5/capitalising-the-names-of-places-and-geographic-features
Key Stage 2,Year 5,PP,Capitalisation,PP.4,4,"Capitalising proper adjectives, nationalities and languages",https://uk.ixl.com/english/year-5/capitalising-proper-adjectives-nationalities-and-languages
Key Stage 2,Year 5,QQ,Formatting,QQ.1,1,Greetings and closings of letters,https://uk.ixl.com/english/year-5/greetings-and-closings-of-letters
Key Stage 2,Year 5,QQ,Formatting,QQ.2,2,Capitalising titles,https://uk.ixl.com/english/year-5/capitalising-titles
Key Stage 2,Year 5,QQ,Formatting,QQ.3,3,Formatting titles,https://uk.ixl.com/english/year-5/formatting-titles
Key Stage 2,Year 5,QQ,Formatting,QQ.4,4,Formatting and capitalising titles,https://uk.ixl.com/english/year-5/formatting-and-capitalising-titles
Key Stage 2,Year 6,A,Main idea,A.1,1,Use key details to determine the main idea,https://uk.ixl.com/english/year-6/use-key-details-to-determine-the-main-idea
Key Stage 2,Year 6,A,Main idea,A.2,2,Determine the main idea of a passage,https://uk.ixl.com/english/year-6/determine-the-main-idea-of-a-passage
Key Stage 2,Year 6,A,Main idea,A.3,3,Combine main ideas from two texts,https://uk.ixl.com/english/year-6/combine-main-ideas-from-two-texts
Key Stage 2,Year 6,B,Theme,B.1,1,Determine the themes of short stories,https://uk.ixl.com/english/year-6/determine-the-themes-of-short-stories
Key Stage 2,Year 6,C,Author's purpose and tone,C.1,1,Identify the purpose of a text,https://uk.ixl.com/english/year-6/identify-the-purpose-of-a-text
Key Stage 2,Year 6,C,Author's purpose and tone,C.2,2,Which sentence is more formal?,https://uk.ixl.com/english/year-6/which-sentence-is-more-formal
Key Stage 2,Year 6,D,Text structure,D.1,1,Determine the order of events in informational texts,https://uk.ixl.com/english/year-6/determine-the-order-of-events-in-informational-texts
Key Stage 2,Year 6,D,Text structure,D.2,2,Compare and contrast in informational texts,https://uk.ixl.com/english/year-6/compare-and-contrast-in-informational-texts
Key Stage 2,Year 6,D,Text structure,D.3,3,Match causes and effects in informational texts,https://uk.ixl.com/english/year-6/match-causes-and-effects-in-informational-texts
Key Stage 2,Year 6,D,Text structure,D.4,4,Match problems with their solutions,https://uk.ixl.com/english/year-6/match-problems-with-their-solutions
Key Stage 2,Year 6,D,Text structure,D.5,5,Identify text structures,https://uk.ixl.com/english/year-6/identify-text-structures
Key Stage 2,Year 6,E,Sensory details,E.1,1,Sort sensory details,https://uk.ixl.com/english/year-6/sort-sensory-details
Key Stage 2,Year 6,F,Literary devices,F.1,1,Identify similes and metaphors,https://uk.ixl.com/english/year-6/identify-similes-and-metaphors
Key Stage 2,Year 6,F,Literary devices,F.2,2,Determine the meanings of similes and metaphors,https://uk.ixl.com/english/year-6/determine-the-meanings-of-similes-and-metaphors
Key Stage 2,Year 6,F,Literary devices,F.3,3,Analyse the effects of figures of speech on meaning and tone,https://uk.ixl.com/english/year-6/analyse-the-effects-of-figures-of-speech-on-meaning-and-tone
Key Stage 2,Year 6,G,Point of view,G.1,1,Compare and contrast points of view,https://uk.ixl.com/english/year-6/compare-and-contrast-points-of-view
Key Stage 2,Year 6,H,Inference,H.1,1,Use actions and dialogue to understand characters,https://uk.ixl.com/english/year-6/use-actions-and-dialogue-to-understand-characters
Key Stage 2,Year 6,H,Inference,H.2,2,Compare and contrast characters,https://uk.ixl.com/english/year-6/compare-and-contrast-characters
Key Stage 2,Year 6,H,Inference,H.3,3,Draw inferences from a text,https://uk.ixl.com/english/year-6/draw-inferences-from-a-text
Key Stage 2,Year 6,I,Story elements,I.1,1,Identify story elements,https://uk.ixl.com/english/year-6/identify-story-elements
Key Stage 2,Year 6,J,Visual elements,J.1,1,Compare mythological illustrations,https://uk.ixl.com/english/year-6/compare-mythological-illustrations
Key Stage 2,Year 6,K,Literary texts: level 1,K.1,1,Read fantasy with illustrations,https://uk.ixl.com/english/year-6/read-fantasy-with-illustrations
Key Stage 2,Year 6,K,Literary texts: level 1,K.2,2,Read realistic fiction with illustrations,https://uk.ixl.com/english/year-6/read-realistic-fiction-with-illustrations
Key Stage 2,Year 6,K,Literary texts: level 1,K.3,3,Read historical fiction with illustrations,https://uk.ixl.com/english/year-6/read-historical-fiction-with-illustrations
Key Stage 2,Year 6,L,Literary texts: level 2,L.1,1,Read realistic fiction,https://uk.ixl.com/english/year-6/read-realistic-fiction
Key Stage 2,Year 6,L,Literary texts: level 2,L.2,2,Read historical fiction,https://uk.ixl.com/english/year-6/read-historical-fiction
Key Stage 2,Year 6,L,Literary texts: level 2,L.3,3,Read poetry,https://uk.ixl.com/english/year-6/read-poetry
Key Stage 2,Year 6,L,Literary texts: level 2,L.4,4,Read drama,https://uk.ixl.com/english/year-6/read-drama
Key Stage 2,Year 6,M,Informational texts: level 1,M.1,1,Read about animals,https://uk.ixl.com/english/year-6/read-about-animals
Key Stage 2,Year 6,M,Informational texts: level 1,M.2,2,"Read about art, music and traditions",https://uk.ixl.com/english/year-6/read-about-art-music-and-traditions
Key Stage 2,Year 6,M,Informational texts: level 1,M.3,3,Read about famous places,https://uk.ixl.com/english/year-6/read-about-famous-places
Key Stage 2,Year 6,M,Informational texts: level 1,M.4,4,Read about sports and hobbies,https://uk.ixl.com/english/year-6/read-about-sports-and-hobbies
Key Stage 2,Year 6,N,Informational texts: level 2,N.1,1,Read about famous people,https://uk.ixl.com/english/year-6/read-about-famous-people
Key Stage 2,Year 6,N,Informational texts: level 2,N.2,2,Read about business and technology,https://uk.ixl.com/english/year-6/read-about-business-and-technology
Key Stage 2,Year 6,N,Informational texts: level 2,N.3,3,Read about science and nature,https://uk.ixl.com/english/year-6/read-about-science-and-nature
Key Stage 2,Year 6,N,Informational texts: level 2,N.4,4,Read about history,https://uk.ixl.com/english/year-6/read-about-history
Key Stage 2,Year 6,O,Organising writing,O.1,1,Put the sentences in order,https://uk.ixl.com/english/year-6/put-the-sentences-in-order
Key Stage 2,Year 6,O,Organising writing,O.2,2,Use coordinating conjunctions,https://uk.ixl.com/english/year-6/use-coordinating-conjunctions
Key Stage 2,Year 6,O,Organising writing,O.3,3,Choose the best transition,https://uk.ixl.com/english/year-6/choose-the-best-transition
Key Stage 2,Year 6,O,Organising writing,O.4,4,Order items from most general to most specific,https://uk.ixl.com/english/year-6/order-items-from-most-general-to-most-specific
Key Stage 2,Year 6,O,Organising writing,O.5,5,Organise information by topic,https://uk.ixl.com/english/year-6/organise-information-by-topic
Key Stage 2,Year 6,O,Organising writing,O.6,6,Remove the sentence that does not belong,https://uk.ixl.com/english/year-6/remove-the-sentence-that-does-not-belong
Key Stage 2,Year 6,P,Introductions and conclusions,P.1,1,Choose the best topic sentence,https://uk.ixl.com/english/year-6/choose-the-best-topic-sentence
Key Stage 2,Year 6,P,Introductions and conclusions,P.2,2,Choose the best concluding sentence,https://uk.ixl.com/english/year-6/choose-the-best-concluding-sentence
Key Stage 2,Year 6,Q,Developing and supporting arguments,Q.1,1,Distinguish facts from opinions,https://uk.ixl.com/english/year-6/distinguish-facts-from-opinions
Key Stage 2,Year 6,Q,Developing and supporting arguments,Q.2,2,Identify an author's statement of opinion,https://uk.ixl.com/english/year-6/identify-an-authors-statement-of-opinion
Key Stage 2,Year 6,Q,Developing and supporting arguments,Q.3,3,Choose reasons to support an opinion,https://uk.ixl.com/english/year-6/choose-reasons-to-support-an-opinion
Key Stage 2,Year 6,Q,Developing and supporting arguments,Q.4,4,Identify supporting details in literary texts,https://uk.ixl.com/english/year-6/identify-supporting-details-in-literary-texts
Key Stage 2,Year 6,Q,Developing and supporting arguments,Q.5,5,Identify supporting details in informational texts,https://uk.ixl.com/english/year-6/identify-supporting-details-in-informational-texts
Key Stage 2,Year 6,R,Descriptive details,R.1,1,Show character emotions and traits,https://uk.ixl.com/english/year-6/show-character-emotions-and-traits
Key Stage 2,Year 6,R,Descriptive details,R.2,2,Revise the sentence using a stronger verb,https://uk.ixl.com/english/year-6/revise-the-sentence-using-a-stronger-verb
Key Stage 2,Year 6,S,Editing and revising,S.1,1,Use the correct frequently confused word,https://uk.ixl.com/english/year-6/use-the-correct-frequently-confused-word
Key Stage 2,Year 6,S,Editing and revising,S.2,2,Correct errors with frequently confused words,https://uk.ixl.com/english/year-6/correct-errors-with-frequently-confused-words
Key Stage 2,Year 6,T,Research skills,T.1,1,Identify and correct plagiarism,https://uk.ixl.com/english/year-6/identify-and-correct-plagiarism
Key Stage 2,Year 6,U,Prefixes and suffixes,U.1,1,Words with pre-,https://uk.ixl.com/english/year-6/words-with-pre
Key Stage 2,Year 6,U,Prefixes and suffixes,U.2,2,Words with re-,https://uk.ixl.com/english/year-6/words-with-re
Key Stage 2,Year 6,U,Prefixes and suffixes,U.3,3,Words with sub-,https://uk.ixl.com/english/year-6/words-with-sub
Key Stage 2,Year 6,U,Prefixes and suffixes,U.4,4,Words with mis-,https://uk.ixl.com/english/year-6/words-with-mis
Key Stage 2,Year 6,U,Prefixes and suffixes,U.5,5,"Words with un-, dis-, in-, im- and non-",https://uk.ixl.com/english/year-6/words-with-un-dis-in-im-and-non
Key Stage 2,Year 6,U,Prefixes and suffixes,U.6,6,Words with -ful,https://uk.ixl.com/english/year-6/words-with-ful
Key Stage 2,Year 6,U,Prefixes and suffixes,U.7,7,Words with -less,https://uk.ixl.com/english/year-6/words-with-less
Key Stage 2,Year 6,U,Prefixes and suffixes,U.8,8,Words with -able and -ible,https://uk.ixl.com/english/year-6/words-with-able-and-ible
Key Stage 2,Year 6,V,Greek and Latin roots,V.1,1,Sort words by shared Greek or Latin roots,https://uk.ixl.com/english/year-6/sort-words-by-shared-greek-or-latin-roots
Key Stage 2,Year 6,V,Greek and Latin roots,V.2,2,Use Greek and Latin roots as clues to the meanings of words,https://uk.ixl.com/english/year-6/use-greek-and-latin-roots-as-clues-to-the-meanings-of-words
Key Stage 2,Year 6,V,Greek and Latin roots,V.3,3,Use the meanings of words as clues to the meanings of Greek and Latin roots,https://uk.ixl.com/english/year-6/use-the-meanings-of-words-as-clues-to-the-meanings-of-greek-and-latin-roots
Key Stage 2,Year 6,V,Greek and Latin roots,V.4,4,Use words as clues to the meanings of Greek and Latin roots,https://uk.ixl.com/english/year-6/use-words-as-clues-to-the-meanings-of-greek-and-latin-roots
Key Stage 2,Year 6,V,Greek and Latin roots,V.5,5,Determine the meanings of Greek and Latin roots,https://uk.ixl.com/english/year-6/determine-the-meanings-of-greek-and-latin-roots
Key Stage 2,Year 6,V,Greek and Latin roots,V.6,6,Determine the meanings of words with Greek and Latin roots,https://uk.ixl.com/english/year-6/determine-the-meanings-of-words-with-greek-and-latin-roots
Key Stage 2,Year 6,V,Greek and Latin roots,V.7,7,Match words with Greek and Latin roots to their meanings,https://uk.ixl.com/english/year-6/match-words-with-greek-and-latin-roots-to-their-meanings
Key Stage 2,Year 6,W,Categories,W.1,1,Select the members of a group,https://uk.ixl.com/english/year-6/select-the-members-of-a-group
Key Stage 2,Year 6,W,Categories,W.2,2,Select the words that don't belong,https://uk.ixl.com/english/year-6/select-the-words-that-dont-belong
Key Stage 2,Year 6,X,Synonyms and antonyms,X.1,1,Choose the synonym,https://uk.ixl.com/english/year-6/choose-the-synonym
Key Stage 2,Year 6,X,Synonyms and antonyms,X.2,2,Find synonyms in context,https://uk.ixl.com/english/year-6/find-synonyms-in-context
Key Stage 2,Year 6,X,Synonyms and antonyms,X.3,3,Choose the antonym,https://uk.ixl.com/english/year-6/choose-the-antonym
Key Stage 2,Year 6,X,Synonyms and antonyms,X.4,4,Find antonyms in context,https://uk.ixl.com/english/year-6/find-antonyms-in-context
Key Stage 2,Year 6,Y,Analogies,Y.1,1,Analogies,https://uk.ixl.com/english/year-6/analogies
Key Stage 2,Year 6,Z,Homophones,Z.1,1,Use the correct homophone,https://uk.ixl.com/english/year-6/use-the-correct-homophone
Key Stage 2,Year 6,AA,Multiple-meaning words,AA.1,1,Which definition matches the sentence?,https://uk.ixl.com/english/year-6/which-definition-matches-the-sentence
Key Stage 2,Year 6,AA,Multiple-meaning words,AA.2,2,Which sentence matches the definition?,https://uk.ixl.com/english/year-6/which-sentence-matches-the-definition
Key Stage 2,Year 6,BB,Shades of meaning,BB.1,1,Describe the difference between related words,https://uk.ixl.com/english/year-6/describe-the-difference-between-related-words
Key Stage 2,Year 6,BB,Shades of meaning,BB.2,2,Positive and negative connotation,https://uk.ixl.com/english/year-6/positive-and-negative-connotation
Key Stage 2,Year 6,CC,Context clues,CC.1,1,Find words using context,https://uk.ixl.com/english/year-6/find-words-using-context
Key Stage 2,Year 6,CC,Context clues,CC.2,2,Determine the meaning of words using synonyms in context,https://uk.ixl.com/english/year-6/determine-the-meaning-of-words-using-synonyms-in-context
Key Stage 2,Year 6,CC,Context clues,CC.3,3,Use context to identify the meaning of a word,https://uk.ixl.com/english/year-6/use-context-to-identify-the-meaning-of-a-word
Key Stage 2,Year 6,CC,Context clues,CC.4,4,Determine the meaning of domain-specific words with pictures,https://uk.ixl.com/english/year-6/determine-the-meaning-of-domain-specific-words-with-pictures
Key Stage 2,Year 6,DD,Reference skills,DD.1,1,Order alphabetically based on the first two letters,https://uk.ixl.com/english/year-6/order-alphabetically-based-on-the-first-two-letters
Key Stage 2,Year 6,DD,Reference skills,DD.2,2,Order alphabetically based on the first three letters,https://uk.ixl.com/english/year-6/order-alphabetically-based-on-the-first-three-letters
Key Stage 2,Year 6,DD,Reference skills,DD.3,3,Order alphabetically: challenge,https://uk.ixl.com/english/year-6/order-alphabetically-challenge
Key Stage 2,Year 6,DD,Reference skills,DD.4,4,Use guide words,https://uk.ixl.com/english/year-6/use-guide-words
Key Stage 2,Year 6,DD,Reference skills,DD.5,5,Use dictionary entries,https://uk.ixl.com/english/year-6/use-dictionary-entries
Key Stage 2,Year 6,DD,Reference skills,DD.6,6,Use dictionary definitions,https://uk.ixl.com/english/year-6/use-dictionary-definitions
Key Stage 2,Year 6,DD,Reference skills,DD.7,7,Use thesaurus entries,https://uk.ixl.com/english/year-6/use-thesaurus-entries
Key Stage 2,Year 6,EE,"Sentences, fragments and run-ons",EE.1,1,"Is the sentence declarative, interrogative, imperative or exclamatory?",https://uk.ixl.com/english/year-6/is-the-sentence-declarative-interrogative-imperative-or-exclamatory
Key Stage 2,Year 6,EE,"Sentences, fragments and run-ons",EE.2,2,Identify the complete subject or complete predicate of a sentence,https://uk.ixl.com/english/year-6/identify-the-complete-subject-or-complete-predicate-of-a-sentence
Key Stage 2,Year 6,EE,"Sentences, fragments and run-ons",EE.3,3,Identify the simple subject or predicate of a sentence,https://uk.ixl.com/english/year-6/identify-the-simple-subject-or-predicate-of-a-sentence
Key Stage 2,Year 6,EE,"Sentences, fragments and run-ons",EE.4,4,Is it a complete sentence or a fragment?,https://uk.ixl.com/english/year-6/is-it-a-complete-sentence-or-a-fragment
Key Stage 2,Year 6,EE,"Sentences, fragments and run-ons",EE.5,5,Is it a complete sentence or a run-on?,https://uk.ixl.com/english/year-6/is-it-a-complete-sentence-or-a-run-on
Key Stage 2,Year 6,EE,"Sentences, fragments and run-ons",EE.6,6,"Is it a complete sentence, a fragment or a run-on?",https://uk.ixl.com/english/year-6/is-it-a-complete-sentence-a-fragment-or-a-run-on
Key Stage 2,Year 6,EE,"Sentences, fragments and run-ons",EE.7,7,Identify dependent and independent clauses,https://uk.ixl.com/english/year-6/identify-dependent-and-independent-clauses
Key Stage 2,Year 6,EE,"Sentences, fragments and run-ons",EE.8,8,Is the sentence simple or compound?,https://uk.ixl.com/english/year-6/is-the-sentence-simple-or-compound
Key Stage 2,Year 6,EE,"Sentences, fragments and run-ons",EE.9,9,"Is the sentence simple, compound or complex?",https://uk.ixl.com/english/year-6/is-the-sentence-simple-compound-or-complex
Key Stage 2,Year 6,EE,"Sentences, fragments and run-ons",EE.10,10,Order the words to create a sentence,https://uk.ixl.com/english/year-6/order-the-words-to-create-a-sentence
Key Stage 2,Year 6,FF,Nouns,FF.1,1,Identify nouns – with abstract nouns,https://uk.ixl.com/english/year-6/identify-nouns-with-abstract-nouns
Key Stage 2,Year 6,FF,Nouns,FF.2,2,Identify common and proper nouns,https://uk.ixl.com/english/year-6/identify-common-and-proper-nouns
Key Stage 2,Year 6,FF,Nouns,FF.3,3,"Form plurals of nouns ending in f, fe, o and y",https://uk.ixl.com/english/year-6/form-plurals-of-nouns-ending-in-f-fe-o-and-y
Key Stage 2,Year 6,FF,Nouns,FF.4,4,"Form and use plurals of nouns ending in f, fe, o and y",https://uk.ixl.com/english/year-6/form-and-use-plurals-of-nouns-ending-in-f-fe-o-and-y
Key Stage 2,Year 6,FF,Nouns,FF.5,5,Form plurals: review,https://uk.ixl.com/english/year-6/form-plurals-review
Key Stage 2,Year 6,FF,Nouns,FF.6,6,Form and use plurals: review,https://uk.ixl.com/english/year-6/form-and-use-plurals-review
Key Stage 2,Year 6,FF,Nouns,FF.7,7,"Identify plurals, singular possessives and plural possessives",https://uk.ixl.com/english/year-6/identify-plurals-singular-possessives-and-plural-possessives
Key Stage 2,Year 6,FF,Nouns,FF.8,8,Form the singular or plural possessive,https://uk.ixl.com/english/year-6/form-the-singular-or-plural-possessive
Key Stage 2,Year 6,FF,Nouns,FF.9,9,Identify and correct errors with plural and possessive nouns,https://uk.ixl.com/english/year-6/identify-and-correct-errors-with-plural-and-possessive-nouns
Key Stage 2,Year 6,GG,Pronouns,GG.1,1,Identify personal pronouns,https://uk.ixl.com/english/year-6/identify-personal-pronouns
Key Stage 2,Year 6,GG,Pronouns,GG.2,2,Choose between subject and object personal pronouns,https://uk.ixl.com/english/year-6/choose-between-subject-and-object-personal-pronouns
Key Stage 2,Year 6,GG,Pronouns,GG.3,3,Replace the noun with a personal pronoun,https://uk.ixl.com/english/year-6/replace-the-noun-with-a-personal-pronoun
Key Stage 2,Year 6,GG,Pronouns,GG.4,4,Compound subjects and objects with 'I' and 'me',https://uk.ixl.com/english/year-6/compound-subjects-and-objects-with-i-and-me
Key Stage 2,Year 6,GG,Pronouns,GG.5,5,Compound subjects and objects with personal pronouns,https://uk.ixl.com/english/year-6/compound-subjects-and-objects-with-personal-pronouns
Key Stage 2,Year 6,GG,Pronouns,GG.6,6,Use possessive pronouns,https://uk.ixl.com/english/year-6/use-possessive-pronouns
Key Stage 2,Year 6,GG,Pronouns,GG.7,7,Choose between personal and reflexive pronouns,https://uk.ixl.com/english/year-6/choose-between-personal-and-reflexive-pronouns
Key Stage 2,Year 6,GG,Pronouns,GG.8,8,Use reflexive pronouns,https://uk.ixl.com/english/year-6/use-reflexive-pronouns
Key Stage 2,Year 6,GG,Pronouns,GG.9,9,Identify relative pronouns,https://uk.ixl.com/english/year-6/identify-relative-pronouns
Key Stage 2,Year 6,GG,Pronouns,GG.10,10,Use relative pronouns: who and whom,https://uk.ixl.com/english/year-6/use-relative-pronouns-who-and-whom
Key Stage 2,Year 6,GG,Pronouns,GG.11,11,"Use relative pronouns: who, whom, whose, which and that",https://uk.ixl.com/english/year-6/use-relative-pronouns-who-whom-whose-which-and-that
Key Stage 2,Year 6,HH,Verb types,HH.1,1,Identify main verbs and helping verbs,https://uk.ixl.com/english/year-6/identify-main-verbs-and-helping-verbs
Key Stage 2,Year 6,HH,Verb types,HH.2,2,What does the modal verb show?,https://uk.ixl.com/english/year-6/what-does-the-modal-verb-show
Key Stage 2,Year 6,HH,Verb types,HH.3,3,Use the correct modal verb,https://uk.ixl.com/english/year-6/use-the-correct-modal-verb
Key Stage 2,Year 6,II,Subject-verb agreement,II.1,1,Use the correct subject or verb,https://uk.ixl.com/english/year-6/use-the-correct-subject-or-verb
Key Stage 2,Year 6,II,Subject-verb agreement,II.2,2,Use the correct subject or verb – with compound subjects,https://uk.ixl.com/english/year-6/use-the-correct-subject-or-verb-with-compound-subjects
Key Stage 2,Year 6,JJ,Verb tense,JJ.1,1,"Is the sentence in the past, present or future tense?",https://uk.ixl.com/english/year-6/is-the-sentence-in-the-past-present-or-future-tense
Key Stage 2,Year 6,JJ,Verb tense,JJ.2,2,Form and use the regular past tense,https://uk.ixl.com/english/year-6/form-and-use-the-regular-past-tense
Key Stage 2,Year 6,JJ,Verb tense,JJ.3,3,Form and use the irregular past tense,https://uk.ixl.com/english/year-6/form-and-use-the-irregular-past-tense
Key Stage 2,Year 6,JJ,Verb tense,JJ.4,4,"Form and use the simple past, present and future tense",https://uk.ixl.com/english/year-6/form-and-use-the-simple-past-present-and-future-tense
Key Stage 2,Year 6,JJ,Verb tense,JJ.5,5,Correct inappropriate shifts in verb tense,https://uk.ixl.com/english/year-6/correct-inappropriate-shifts-in-verb-tense
Key Stage 2,Year 6,JJ,Verb tense,JJ.6,6,Use the progressive verb tenses,https://uk.ixl.com/english/year-6/use-the-progressive-verb-tenses
Key Stage 2,Year 6,JJ,Verb tense,JJ.7,7,Form the progressive verb tenses,https://uk.ixl.com/english/year-6/form-the-progressive-verb-tenses
Key Stage 2,Year 6,JJ,Verb tense,JJ.8,8,Choose between the past tense and past participle,https://uk.ixl.com/english/year-6/choose-between-the-past-tense-and-past-participle
Key Stage 2,Year 6,JJ,Verb tense,JJ.9,9,Use the perfect verb tenses,https://uk.ixl.com/english/year-6/use-the-perfect-verb-tenses
Key Stage 2,Year 6,JJ,Verb tense,JJ.10,10,Form the perfect verb tenses,https://uk.ixl.com/english/year-6/form-the-perfect-verb-tenses
Key Stage 2,Year 6,KK,Adjectives and adverbs,KK.1,1,Identify adjectives,https://uk.ixl.com/english/year-6/identify-adjectives
Key Stage 2,Year 6,KK,Adjectives and adverbs,KK.2,2,Order adjectives,https://uk.ixl.com/english/year-6/order-adjectives
Key Stage 2,Year 6,KK,Adjectives and adverbs,KK.3,3,Identify adverbs,https://uk.ixl.com/english/year-6/identify-adverbs
Key Stage 2,Year 6,KK,Adjectives and adverbs,KK.4,4,Use relative adverbs,https://uk.ixl.com/english/year-6/use-relative-adverbs
Key Stage 2,Year 6,KK,Adjectives and adverbs,KK.5,5,Choose between adjectives and adverbs,https://uk.ixl.com/english/year-6/choose-between-adjectives-and-adverbs
Key Stage 2,Year 6,KK,Adjectives and adverbs,KK.6,6,Is the word an adjective or adverb?,https://uk.ixl.com/english/year-6/is-the-word-an-adjective-or-adverb
Key Stage 2,Year 6,KK,Adjectives and adverbs,KK.7,7,Use adjectives to compare,https://uk.ixl.com/english/year-6/use-adjectives-to-compare
Key Stage 2,Year 6,KK,Adjectives and adverbs,KK.8,8,Spell adjectives that compare,https://uk.ixl.com/english/year-6/spell-adjectives-that-compare
Key Stage 2,Year 6,KK,Adjectives and adverbs,KK.9,9,Use adjectives with more and most,https://uk.ixl.com/english/year-6/use-adjectives-with-more-and-most
Key Stage 2,Year 6,KK,Adjectives and adverbs,KK.10,10,Use adverbs to compare,https://uk.ixl.com/english/year-6/use-adverbs-to-compare
Key Stage 2,Year 6,LL,Prepositions,LL.1,1,Identify prepositions,https://uk.ixl.com/english/year-6/identify-prepositions
Key Stage 2,Year 6,LL,Prepositions,LL.2,2,Identify prepositions and their objects,https://uk.ixl.com/english/year-6/identify-prepositions-and-their-objects
Key Stage 2,Year 6,LL,Prepositions,LL.3,3,Identify prepositional phrases,https://uk.ixl.com/english/year-6/identify-prepositional-phrases
Key Stage 2,Year 6,LL,Prepositions,LL.4,4,Prepositions: review,https://uk.ixl.com/english/year-6/prepositions-review
Key Stage 2,Year 6,MM,Conjunctions,MM.1,1,Identify coordinating conjunctions,https://uk.ixl.com/english/year-6/identify-coordinating-conjunctions
Key Stage 2,Year 6,MM,Conjunctions,MM.2,2,Identify subordinating conjunctions,https://uk.ixl.com/english/year-6/identify-subordinating-conjunctions
Key Stage 2,Year 6,MM,Conjunctions,MM.3,3,Use the correct pair of correlative conjunctions,https://uk.ixl.com/english/year-6/use-the-correct-pair-of-correlative-conjunctions
Key Stage 2,Year 6,MM,Conjunctions,MM.4,4,Fill in the missing correlative conjunction,https://uk.ixl.com/english/year-6/fill-in-the-missing-correlative-conjunction
Key Stage 2,Year 6,NN,Contractions,NN.1,1,Pronoun-verb contractions,https://uk.ixl.com/english/year-6/pronoun-verb-contractions
Key Stage 2,Year 6,NN,Contractions,NN.2,2,Contractions with 'not',https://uk.ixl.com/english/year-6/contractions-with-not
Key Stage 2,Year 6,OO,Commas,OO.1,1,"Commas with direct addresses, introductory words and interjections",https://uk.ixl.com/english/year-6/commas-with-direct-addresses-introductory-words-and-interjections
Key Stage 2,Year 6,OO,Commas,OO.2,2,Commas with compound and complex sentences,https://uk.ixl.com/english/year-6/commas-with-compound-and-complex-sentences
Key Stage 2,Year 6,PP,Capitalisation,PP.1,1,Correct capitalisation errors,https://uk.ixl.com/english/year-6/correct-capitalisation-errors
Key Stage 2,Year 6,PP,Capitalisation,PP.2,2,Capitalising titles,https://uk.ixl.com/english/year-6/capitalising-titles
Key Stage 2,Year 6,QQ,Formatting,QQ.1,1,Formatting titles,https://uk.ixl.com/english/year-6/formatting-titles
Key Stage 2,Year 6,QQ,Formatting,QQ.2,2,Formatting and capitalising titles,https://uk.ixl.com/english/year-6/formatting-and-capitalising-titles
Key Stage 3,Year 7,A,Main idea,A.1,1,Determine the main idea of a passage,https://uk.ixl.com/english/year-7/determine-the-main-idea-of-a-passage
Key Stage 3,Year 7,B,Theme,B.1,1,Match the quotations with their themes,https://uk.ixl.com/english/year-7/match-the-quotations-with-their-themes
Key Stage 3,Year 7,B,Theme,B.2,2,Determine the themes of short stories,https://uk.ixl.com/english/year-7/determine-the-themes-of-short-stories
Key Stage 3,Year 7,C,Author's purpose and tone,C.1,1,Which sentence is more formal?,https://uk.ixl.com/english/year-7/which-sentence-is-more-formal
Key Stage 3,Year 7,C,Author's purpose and tone,C.2,2,Compare passages for tone,https://uk.ixl.com/english/year-7/compare-passages-for-tone
Key Stage 3,Year 7,C,Author's purpose and tone,C.3,3,Identify the author's purpose,https://uk.ixl.com/english/year-7/identify-the-authors-purpose
Key Stage 3,Year 7,D,Point of view,D.1,1,Determine the author's point of view,https://uk.ixl.com/english/year-7/determine-the-authors-point-of-view
Key Stage 3,Year 7,E,Text structure,E.1,1,Compare and contrast in informational texts,https://uk.ixl.com/english/year-7/compare-and-contrast-in-informational-texts
Key Stage 3,Year 7,E,Text structure,E.2,2,Match causes and effects in informational texts,https://uk.ixl.com/english/year-7/match-causes-and-effects-in-informational-texts
Key Stage 3,Year 7,E,Text structure,E.3,3,Match problems with their solutions,https://uk.ixl.com/english/year-7/match-problems-with-their-solutions
Key Stage 3,Year 7,E,Text structure,E.4,4,Identify text structures,https://uk.ixl.com/english/year-7/identify-text-structures
Key Stage 3,Year 7,F,Literary devices,F.1,1,Interpret figures of speech,https://uk.ixl.com/english/year-7/interpret-figures-of-speech
Key Stage 3,Year 7,F,Literary devices,F.2,2,Classify figures of speech,https://uk.ixl.com/english/year-7/classify-figures-of-speech
Key Stage 3,Year 7,F,Literary devices,F.3,3,Analyse the effects of figures of speech on meaning and tone,https://uk.ixl.com/english/year-7/analyse-the-effects-of-figures-of-speech-on-meaning-and-tone
Key Stage 3,Year 7,G,Analysing literature,G.1,1,Analyse short stories,https://uk.ixl.com/english/year-7/analyse-short-stories
Key Stage 3,Year 7,H,Analysing informational texts,H.1,1,Read and understand informational passages,https://uk.ixl.com/english/year-7/read-and-understand-informational-passages
Key Stage 3,Year 7,H,Analysing informational texts,H.2,2,Trace an argument,https://uk.ixl.com/english/year-7/trace-an-argument
Key Stage 3,Year 7,I,Comparing texts,I.1,1,Compare two texts with different genres,https://uk.ixl.com/english/year-7/compare-two-texts-with-different-genres
Key Stage 3,Year 7,J,Visual elements,J.1,1,Compare illustrations of literary and historical subjects,https://uk.ixl.com/english/year-7/compare-illustrations-of-literary-and-historical-subjects
Key Stage 3,Year 7,K,Organising writing,K.1,1,Order topics from broadest to narrowest,https://uk.ixl.com/english/year-7/order-topics-from-broadest-to-narrowest
Key Stage 3,Year 7,K,Organising writing,K.2,2,Organise information by topic,https://uk.ixl.com/english/year-7/organise-information-by-topic
Key Stage 3,Year 7,K,Organising writing,K.3,3,Transitions with conjunctive adverbs,https://uk.ixl.com/english/year-7/transitions-with-conjunctive-adverbs
Key Stage 3,Year 7,L,Developing and supporting arguments,L.1,1,Distinguish facts from opinions,https://uk.ixl.com/english/year-7/distinguish-facts-from-opinions
Key Stage 3,Year 7,L,Developing and supporting arguments,L.2,2,Choose evidence to support a claim,https://uk.ixl.com/english/year-7/choose-evidence-to-support-a-claim
Key Stage 3,Year 7,L,Developing and supporting arguments,L.3,3,Identify supporting details in informational texts,https://uk.ixl.com/english/year-7/identify-supporting-details-in-informational-texts
Key Stage 3,Year 7,L,Developing and supporting arguments,L.4,4,Identify supporting details in literary texts,https://uk.ixl.com/english/year-7/identify-supporting-details-in-literary-texts
Key Stage 3,Year 7,L,Developing and supporting arguments,L.5,5,Identify counterclaims,https://uk.ixl.com/english/year-7/identify-counterclaims
Key Stage 3,Year 7,M,Creative techniques,M.1,1,Use personification,https://uk.ixl.com/english/year-7/use-personification
Key Stage 3,Year 7,N,Editing and revising,N.1,1,Use the correct frequently confused word,https://uk.ixl.com/english/year-7/use-the-correct-frequently-confused-word
Key Stage 3,Year 7,N,Editing and revising,N.2,2,Correct errors with frequently confused words,https://uk.ixl.com/english/year-7/correct-errors-with-frequently-confused-words
Key Stage 3,Year 7,N,Editing and revising,N.3,3,Suggest appropriate revisions,https://uk.ixl.com/english/year-7/suggest-appropriate-revisions
Key Stage 3,Year 7,O,Research skills,O.1,1,Identify and correct plagiarism,https://uk.ixl.com/english/year-7/identify-and-correct-plagiarism
Key Stage 3,Year 7,P,Prefixes and suffixes,P.1,1,Words with pre-,https://uk.ixl.com/english/year-7/words-with-pre
Key Stage 3,Year 7,P,Prefixes and suffixes,P.2,2,Words with re-,https://uk.ixl.com/english/year-7/words-with-re
Key Stage 3,Year 7,P,Prefixes and suffixes,P.3,3,Words with sub-,https://uk.ixl.com/english/year-7/words-with-sub
Key Stage 3,Year 7,P,Prefixes and suffixes,P.4,4,Words with mis-,https://uk.ixl.com/english/year-7/words-with-mis
Key Stage 3,Year 7,P,Prefixes and suffixes,P.5,5,"Words with un-, dis-, in-, im- and non-",https://uk.ixl.com/english/year-7/words-with-un-dis-in-im-and-non
Key Stage 3,Year 7,P,Prefixes and suffixes,P.6,6,Words with -ful,https://uk.ixl.com/english/year-7/words-with-ful
Key Stage 3,Year 7,P,Prefixes and suffixes,P.7,7,Words with -less,https://uk.ixl.com/english/year-7/words-with-less
Key Stage 3,Year 7,P,Prefixes and suffixes,P.8,8,Words with -able and -ible,https://uk.ixl.com/english/year-7/words-with-able-and-ible
Key Stage 3,Year 7,Q,Greek and Latin roots,Q.1,1,Use Greek and Latin roots as clues to the meanings of words,https://uk.ixl.com/english/year-7/use-greek-and-latin-roots-as-clues-to-the-meanings-of-words
Key Stage 3,Year 7,Q,Greek and Latin roots,Q.2,2,Use the meanings of words as clues to the meanings of Greek and Latin roots,https://uk.ixl.com/english/year-7/use-the-meanings-of-words-as-clues-to-the-meanings-of-greek-and-latin-roots
Key Stage 3,Year 7,Q,Greek and Latin roots,Q.3,3,Use words as clues to the meanings of Greek and Latin roots,https://uk.ixl.com/english/year-7/use-words-as-clues-to-the-meanings-of-greek-and-latin-roots
Key Stage 3,Year 7,Q,Greek and Latin roots,Q.4,4,Determine the meanings of Greek and Latin roots,https://uk.ixl.com/english/year-7/determine-the-meanings-of-greek-and-latin--roots
Key Stage 3,Year 7,Q,Greek and Latin roots,Q.5,5,Determine the meanings of words with Greek and Latin roots,https://uk.ixl.com/english/year-7/determine-the-meanings-of-words-with-greek-and-latin-roots
Key Stage 3,Year 7,R,Synonyms and antonyms,R.1,1,Choose the synonym,https://uk.ixl.com/english/year-7/choose-the-synonym
Key Stage 3,Year 7,R,Synonyms and antonyms,R.2,2,Find synonyms in context,https://uk.ixl.com/english/year-7/find-synonyms-in-context
Key Stage 3,Year 7,R,Synonyms and antonyms,R.3,3,Choose the antonym,https://uk.ixl.com/english/year-7/choose-the-antonym
Key Stage 3,Year 7,R,Synonyms and antonyms,R.4,4,Find antonyms in context,https://uk.ixl.com/english/year-7/find-antonyms-in-context
Key Stage 3,Year 7,S,Homophones,S.1,1,Use the correct homophone,https://uk.ixl.com/english/year-7/use-the-correct-homophone
Key Stage 3,Year 7,S,Homophones,S.2,2,Which definition matches the sentence?,https://uk.ixl.com/english/year-7/which-definition-matches-the-sentence
Key Stage 3,Year 7,S,Homophones,S.3,3,Which sentence matches the definition?,https://uk.ixl.com/english/year-7/which-sentence-matches-the-definition
Key Stage 3,Year 7,T,Shades of meaning,T.1,1,Describe the difference between related words,https://uk.ixl.com/english/year-7/describe-the-difference-between-related-words
Key Stage 3,Year 7,T,Shades of meaning,T.2,2,Positive and negative connotation,https://uk.ixl.com/english/year-7/positive-and-negative-connotation
Key Stage 3,Year 7,U,Analogies,U.1,1,Analogies,https://uk.ixl.com/english/year-7/analogies
Key Stage 3,Year 7,U,Analogies,U.2,2,Analogies: challenge,https://uk.ixl.com/english/year-7/analogies-challenge
Key Stage 3,Year 7,V,Context clues,V.1,1,Find words using context,https://uk.ixl.com/english/year-7/find-words-using-context
Key Stage 3,Year 7,V,Context clues,V.2,2,Determine the meaning of words using synonyms in context,https://uk.ixl.com/english/year-7/determine-the-meaning-of-words-using-synonyms-in-context
Key Stage 3,Year 7,V,Context clues,V.3,3,Determine the meaning of words using antonyms in context,https://uk.ixl.com/english/year-7/determine-the-meaning-of-words-using-antonyms-in-context
Key Stage 3,Year 7,V,Context clues,V.4,4,Use context to identify the meaning of a word,https://uk.ixl.com/english/year-7/use-context-to-identify-the-meaning-of-a-word
Key Stage 3,Year 7,V,Context clues,V.5,5,Determine the meaning of domain-specific words with pictures,https://uk.ixl.com/english/year-7/determine-the-meaning-of-domain-specific-words-with-pictures
Key Stage 3,Year 7,W,Reference skills,W.1,1,Alphabetical order,https://uk.ixl.com/english/year-7/alphabetical-order
Key Stage 3,Year 7,W,Reference skills,W.2,2,Use guide words,https://uk.ixl.com/english/year-7/use-guide-words
Key Stage 3,Year 7,W,Reference skills,W.3,3,Use dictionary entries,https://uk.ixl.com/english/year-7/use-dictionary-entries
Key Stage 3,Year 7,W,Reference skills,W.4,4,Use dictionary definitions,https://uk.ixl.com/english/year-7/use-dictionary-definitions
Key Stage 3,Year 7,W,Reference skills,W.5,5,Use thesaurus entries,https://uk.ixl.com/english/year-7/use-thesaurus-entries
Key Stage 3,Year 7,X,"Sentences, fragments and run-ons",X.1,1,"Is the sentence declarative, interrogative, imperative or exclamatory?",https://uk.ixl.com/english/year-7/is-the-sentence-declarative-interrogative-imperative-or-exclamatory
Key Stage 3,Year 7,X,"Sentences, fragments and run-ons",X.2,2,Identify the complete subject or complete predicate of a sentence,https://uk.ixl.com/english/year-7/identify-the-complete-subject-or-complete-predicate-of-a-sentence
Key Stage 3,Year 7,X,"Sentences, fragments and run-ons",X.3,3,Identify the simple subject or simple predicate of a sentence,https://uk.ixl.com/english/year-7/identify-the-simple-subject-or-simple-predicate-of-a-sentence
Key Stage 3,Year 7,X,"Sentences, fragments and run-ons",X.4,4,Identify the compound subject or compound predicate of a sentence,https://uk.ixl.com/english/year-7/identify-the-compound-subject-or-compound-predicate-of-a-sentence
Key Stage 3,Year 7,X,"Sentences, fragments and run-ons",X.5,5,Is it a complete sentence or a fragment?,https://uk.ixl.com/english/year-7/is-it-a-complete-sentence-or-a-fragment
Key Stage 3,Year 7,X,"Sentences, fragments and run-ons",X.6,6,Is it a complete sentence or a run-on?,https://uk.ixl.com/english/year-7/is-it-a-complete-sentence-or-a-run-on
Key Stage 3,Year 7,X,"Sentences, fragments and run-ons",X.7,7,"Is it a complete sentence, a fragment or a run-on?",https://uk.ixl.com/english/year-7/is-it-a-complete-sentence-a-fragment-or-a-run-on
Key Stage 3,Year 7,X,"Sentences, fragments and run-ons",X.8,8,Identify dependent and independent clauses,https://uk.ixl.com/english/year-7/identify-dependent-and-independent-clauses
Key Stage 3,Year 7,X,"Sentences, fragments and run-ons",X.9,9,"Is the sentence simple, compound or complex?",https://uk.ixl.com/english/year-7/is-the-sentence-simple-compound-or-complex
Key Stage 3,Year 7,Y,Nouns,Y.1,1,Identify common and proper nouns,https://uk.ixl.com/english/year-7/identify-common-and-proper-nouns
Key Stage 3,Year 7,Y,Nouns,Y.2,2,"Form plurals of nouns ending in f, fe, o and y",https://uk.ixl.com/english/year-7/form-plurals-of-nouns-ending-in-f-fe-o-and-y
Key Stage 3,Year 7,Y,Nouns,Y.3,3,"Form and use plurals of nouns ending in f, fe, o and y",https://uk.ixl.com/english/year-7/form-and-use-plurals-of-nouns-ending-in-f-fe-o-and-y
Key Stage 3,Year 7,Y,Nouns,Y.4,4,Form plurals: review,https://uk.ixl.com/english/year-7/form-plurals-review
Key Stage 3,Year 7,Y,Nouns,Y.5,5,Form and use plurals: review,https://uk.ixl.com/english/year-7/form-and-use-plurals-review
Key Stage 3,Year 7,Y,Nouns,Y.6,6,"Identify plurals, singular possessives and plural possessives",https://uk.ixl.com/english/year-7/identify-plurals-singular-possessives-and-plural-possessives
Key Stage 3,Year 7,Y,Nouns,Y.7,7,Form the singular or plural possessive,https://uk.ixl.com/english/year-7/form-the-singular-or-plural-possessive
Key Stage 3,Year 7,Y,Nouns,Y.8,8,Identify and correct errors with plural and possessive nouns,https://uk.ixl.com/english/year-7/identify-and-correct-errors-with-plural-and-possessive-nouns
Key Stage 3,Year 7,Z,Pronouns and antecedents,Z.1,1,Identify pronouns and their antecedents,https://uk.ixl.com/english/year-7/identify-pronouns-and-their-antecedents
Key Stage 3,Year 7,Z,Pronouns and antecedents,Z.2,2,Use the pronoun that agrees with the antecedent,https://uk.ixl.com/english/year-7/use-the-pronoun-that-agrees-with-the-antecedent
Key Stage 3,Year 7,Z,Pronouns and antecedents,Z.3,3,Identify vague pronoun references,https://uk.ixl.com/english/year-7/identify-vague-pronoun-references
Key Stage 3,Year 7,Z,Pronouns and antecedents,Z.4,4,Identify all of the possible antecedents,https://uk.ixl.com/english/year-7/identify-all-of-the-possible-antecedents
Key Stage 3,Year 7,Z,Pronouns and antecedents,Z.5,5,Correct inappropriate shifts in pronoun number and person,https://uk.ixl.com/english/year-7/correct-inappropriate-shifts-in-pronoun-number-and-person
Key Stage 3,Year 7,AA,Pronoun types,AA.1,1,Choose between subject and object pronouns,https://uk.ixl.com/english/year-7/choose-between-subject-and-object-pronouns
Key Stage 3,Year 7,AA,Pronoun types,AA.2,2,Compound subjects and objects with 'I' and 'me',https://uk.ixl.com/english/year-7/compound-subjects-and-objects-with-i-and-me
Key Stage 3,Year 7,AA,Pronoun types,AA.3,3,Compound subjects and objects with pronouns,https://uk.ixl.com/english/year-7/compound-subjects-and-objects-with-pronouns
Key Stage 3,Year 7,AA,Pronoun types,AA.4,4,Use possessive pronouns,https://uk.ixl.com/english/year-7/use-possessive-pronouns
Key Stage 3,Year 7,AA,Pronoun types,AA.5,5,Choose between personal and reflexive pronouns,https://uk.ixl.com/english/year-7/choose-between-personal-and-reflexive-pronouns
Key Stage 3,Year 7,AA,Pronoun types,AA.6,6,Use reflexive pronouns,https://uk.ixl.com/english/year-7/use-reflexive-pronouns
Key Stage 3,Year 7,AA,Pronoun types,AA.7,7,Is the pronoun reflexive or intensive?,https://uk.ixl.com/english/year-7/is-the-pronoun-reflexive-or-intensive
Key Stage 3,Year 7,AA,Pronoun types,AA.8,8,Identify relative pronouns,https://uk.ixl.com/english/year-7/identify-relative-pronouns
Key Stage 3,Year 7,AA,Pronoun types,AA.9,9,Use relative pronouns: who and whom,https://uk.ixl.com/english/year-7/use-relative-pronouns-who-and-whom
Key Stage 3,Year 7,AA,Pronoun types,AA.10,10,"Use relative pronouns: who, whom, whose, which and that",https://uk.ixl.com/english/year-7/use-relative-pronouns-who-whom-whose-which-and-that
Key Stage 3,Year 7,BB,Verb types,BB.1,1,Identify main verbs and helping verbs,https://uk.ixl.com/english/year-7/identify-main-verbs-and-helping-verbs
Key Stage 3,Year 7,BB,Verb types,BB.2,2,Identify transitive and intransitive verbs,https://uk.ixl.com/english/year-7/identify-transitive-and-intransitive-verbs
Key Stage 3,Year 7,BB,Verb types,BB.3,3,"Identify linking verbs, predicate adjectives and predicate nouns",https://uk.ixl.com/english/year-7/identify-linking-verbs-predicate-adjectives-and-predicate-nouns
Key Stage 3,Year 7,BB,Verb types,BB.4,4,What does the modal verb show?,https://uk.ixl.com/english/year-7/what-does-the-modal-verb-show
Key Stage 3,Year 7,BB,Verb types,BB.5,5,Use the correct modal verb,https://uk.ixl.com/english/year-7/use-the-correct-modal-verb
Key Stage 3,Year 7,CC,Subject-verb agreement,CC.1,1,Use the correct subject or verb,https://uk.ixl.com/english/year-7/use-the-correct-subject-or-verb
Key Stage 3,Year 7,CC,Subject-verb agreement,CC.2,2,Use the correct verb – with compound subjects,https://uk.ixl.com/english/year-7/use-the-correct-verb-with-compound-subjects
Key Stage 3,Year 7,DD,Verb tense,DD.1,1,Irregular past tense: review,https://uk.ixl.com/english/year-7/irregular-past-tense-review
Key Stage 3,Year 7,DD,Verb tense,DD.2,2,"Simple past, present and future tense: review",https://uk.ixl.com/english/year-7/simple-past-present-and-future-tense-review
Key Stage 3,Year 7,DD,Verb tense,DD.3,3,Correct inappropriate shifts in verb tense,https://uk.ixl.com/english/year-7/correct-inappropriate-shifts-in-verb-tense
Key Stage 3,Year 7,DD,Verb tense,DD.4,4,Use the progressive verb tenses,https://uk.ixl.com/english/year-7/use-the-progressive-verb-tenses
Key Stage 3,Year 7,DD,Verb tense,DD.5,5,Form the progressive verb tenses,https://uk.ixl.com/english/year-7/form-the-progressive-verb-tenses
Key Stage 3,Year 7,DD,Verb tense,DD.6,6,Choose between the past tense and past participle,https://uk.ixl.com/english/year-7/choose-between-the-past-tense-and-past-participle
Key Stage 3,Year 7,DD,Verb tense,DD.7,7,Use the perfect verb tenses,https://uk.ixl.com/english/year-7/use-the-perfect-verb-tenses
Key Stage 3,Year 7,DD,Verb tense,DD.8,8,Form the perfect verb tenses,https://uk.ixl.com/english/year-7/form-the-perfect-verb-tenses
Key Stage 3,Year 7,EE,Adjectives and adverbs,EE.1,1,Identify adjectives,https://uk.ixl.com/english/year-7/identify-adjectives
Key Stage 3,Year 7,EE,Adjectives and adverbs,EE.2,2,Order adjectives,https://uk.ixl.com/english/year-7/order-adjectives
Key Stage 3,Year 7,EE,Adjectives and adverbs,EE.3,3,Identify adverbs,https://uk.ixl.com/english/year-7/identify-adverbs
Key Stage 3,Year 7,EE,Adjectives and adverbs,EE.4,4,Use relative adverbs,https://uk.ixl.com/english/year-7/use-relative-adverbs
Key Stage 3,Year 7,EE,Adjectives and adverbs,EE.5,5,Choose between adjectives and adverbs,https://uk.ixl.com/english/year-7/choose-between-adjectives-and-adverbs
Key Stage 3,Year 7,EE,Adjectives and adverbs,EE.6,6,Is the word an adjective or adverb?,https://uk.ixl.com/english/year-7/is-the-word-an-adjective-or-adverb
Key Stage 3,Year 7,EE,Adjectives and adverbs,EE.7,7,Form and use comparative and superlative adjectives,https://uk.ixl.com/english/year-7/form-and-use-comparative-and-superlative-adjectives
Key Stage 3,Year 7,EE,Adjectives and adverbs,EE.8,8,"Good, better, best, bad, worse and worst",https://uk.ixl.com/english/year-7/good-better-best-bad-worse-and-worst
Key Stage 3,Year 7,EE,Adjectives and adverbs,EE.9,9,Form and use comparative and superlative adverbs,https://uk.ixl.com/english/year-7/form-and-use-comparative-and-superlative-adverbs
Key Stage 3,Year 7,EE,Adjectives and adverbs,EE.10,10,"Well, better, best, badly, worse and worst",https://uk.ixl.com/english/year-7/well-better-best-badly-worse-and-worst
Key Stage 3,Year 7,FF,Prepositions,FF.1,1,Identify prepositions,https://uk.ixl.com/english/year-7/identify-prepositions
Key Stage 3,Year 7,FF,Prepositions,FF.2,2,Identify prepositions and their objects,https://uk.ixl.com/english/year-7/identify-prepositions-and-their-objects
Key Stage 3,Year 7,FF,Prepositions,FF.3,3,Identify prepositional phrases,https://uk.ixl.com/english/year-7/identify-prepositional-phrases
Key Stage 3,Year 7,FF,Prepositions,FF.4,4,Prepositions: review,https://uk.ixl.com/english/year-7/prepositions-review
Key Stage 3,Year 7,GG,Conjunctions,GG.1,1,Use coordinating conjunctions,https://uk.ixl.com/english/year-7/use-coordinating-conjunctions
Key Stage 3,Year 7,GG,Conjunctions,GG.2,2,Identify coordinating conjunctions,https://uk.ixl.com/english/year-7/identify-coordinating-conjunctions
Key Stage 3,Year 7,GG,Conjunctions,GG.3,3,Identify subordinating conjunctions,https://uk.ixl.com/english/year-7/identify-subordinating-conjunctions
Key Stage 3,Year 7,GG,Conjunctions,GG.4,4,Use the correct pair of correlative conjunctions,https://uk.ixl.com/english/year-7/use-the-correct-pair-of-correlative-conjunctions
Key Stage 3,Year 7,GG,Conjunctions,GG.5,5,Fill in the missing correlative conjunction,https://uk.ixl.com/english/year-7/fill-in-the-missing-correlative-conjunction
Key Stage 3,Year 7,HH,Contractions,HH.1,1,Pronoun-verb contractions,https://uk.ixl.com/english/year-7/pronoun-verb-contractions
Key Stage 3,Year 7,HH,Contractions,HH.2,2,Contractions with 'not',https://uk.ixl.com/english/year-7/contractions-with-not
Key Stage 3,Year 7,II,Punctuation,II.1,1,Commas with compound and complex sentences,https://uk.ixl.com/english/year-7/commas-with-compound-and-complex-sentences
Key Stage 3,Year 7,II,Punctuation,II.2,2,"Commas with direct addresses, introductory words, interjections and interrupters",https://uk.ixl.com/english/year-7/commas-with-direct-addresses-introductory-words-interjections-and-interrupters
Key Stage 3,Year 7,II,Punctuation,II.3,3,Commas with coordinate adjectives,https://uk.ixl.com/english/year-7/commas-with-coordinate-adjectives
Key Stage 3,Year 7,II,Punctuation,II.4,4,Commas with non-restrictive elements,https://uk.ixl.com/english/year-7/commas-with-non-restrictive-elements
Key Stage 3,Year 7,II,Punctuation,II.5,5,Use dashes,https://uk.ixl.com/english/year-7/use-dashes
Key Stage 3,Year 7,JJ,Capitalisation,JJ.1,1,Correct capitalisation errors,https://uk.ixl.com/english/year-7/correct-capitalisation-errors
Key Stage 3,Year 7,JJ,Capitalisation,JJ.2,2,Capitalising titles,https://uk.ixl.com/english/year-7/capitalising-titles
Key Stage 3,Year 7,KK,Formatting,KK.1,1,Formatting titles,https://uk.ixl.com/english/year-7/formatting-titles
Key Stage 3,Year 7,KK,Formatting,KK.2,2,Formatting and capitalising titles: review,https://uk.ixl.com/english/year-7/formatting-and-capitalising-titles-review
Key Stage 3,Year 8,A,Main idea,A.1,1,Determine the main idea of a passage,https://uk.ixl.com/english/year-8/determine-the-main-idea-of-a-passage
Key Stage 3,Year 8,B,Theme,B.1,1,Match the quotations with their themes,https://uk.ixl.com/english/year-8/match-the-quotations-with-their-themes
Key Stage 3,Year 8,B,Theme,B.2,2,Determine the themes of short stories,https://uk.ixl.com/english/year-8/determine-the-themes-of-short-stories
Key Stage 3,Year 8,C,Author's purpose and tone,C.1,1,Identify the author's purpose,https://uk.ixl.com/english/year-8/identify-the-authors-purpose
Key Stage 3,Year 8,C,Author's purpose and tone,C.2,2,Which sentence is more formal?,https://uk.ixl.com/english/year-8/which-sentence-is-more-formal
Key Stage 3,Year 8,C,Author's purpose and tone,C.3,3,Compare passages for tone,https://uk.ixl.com/english/year-8/compare-passages-for-tone
Key Stage 3,Year 8,D,Point of view,D.1,1,Determine the author's point of view,https://uk.ixl.com/english/year-8/determine-the-authors-point-of-view
Key Stage 3,Year 8,E,Text structure,E.1,1,Compare and contrast in informational texts,https://uk.ixl.com/english/year-8/compare-and-contrast-in-informational-texts
Key Stage 3,Year 8,E,Text structure,E.2,2,Match causes and effects in informational texts,https://uk.ixl.com/english/year-8/match-causes-and-effects-in-informational-texts
Key Stage 3,Year 8,E,Text structure,E.3,3,Match problems with their solutions,https://uk.ixl.com/english/year-8/match-problems-with-their-solutions
Key Stage 3,Year 8,E,Text structure,E.4,4,Identify text structures,https://uk.ixl.com/english/year-8/identify-text-structures
Key Stage 3,Year 8,F,Literary devices,F.1,1,Interpret the meaning of an allusion from its source,https://uk.ixl.com/english/year-8/interpret-the-meaning-of-an-allusion-from-its-source
Key Stage 3,Year 8,F,Literary devices,F.2,2,Recall the source of an allusion,https://uk.ixl.com/english/year-8/recall-the-source-of-an-allusion
Key Stage 3,Year 8,F,Literary devices,F.3,3,Interpret figures of speech,https://uk.ixl.com/english/year-8/interpret-figures-of-speech
Key Stage 3,Year 8,F,Literary devices,F.4,4,Classify figures of speech,https://uk.ixl.com/english/year-8/classify-figures-of-speech
Key Stage 3,Year 8,F,Literary devices,F.5,5,Analyse the effects of figures of speech on meaning and tone,https://uk.ixl.com/english/year-8/analyse-the-effects-of-figures-of-speech-on-meaning-and-tone
Key Stage 3,Year 8,G,Analysing literature,G.1,1,Analyse short stories,https://uk.ixl.com/english/year-8/analyse-short-stories
Key Stage 3,Year 8,H,Analysing informational texts,H.1,1,Read and understand informational passages,https://uk.ixl.com/english/year-8/read-and-understand-informational-passages
Key Stage 3,Year 8,H,Analysing informational texts,H.2,2,Trace an argument,https://uk.ixl.com/english/year-8/trace-an-argument
Key Stage 3,Year 8,I,Comparing texts,I.1,1,Compare two texts with different genres,https://uk.ixl.com/english/year-8/compare-two-texts-with-different-genres
Key Stage 3,Year 8,J,Visual elements,J.1,1,Compare illustrations of literary and historical subjects,https://uk.ixl.com/english/year-8/compare-illustrations-of-literary-and-historical-subjects
Key Stage 3,Year 8,K,Organising writing,K.1,1,Order topics from broadest to narrowest,https://uk.ixl.com/english/year-8/order-topics-from-broadest-to-narrowest
Key Stage 3,Year 8,K,Organising writing,K.2,2,Organise information by topic,https://uk.ixl.com/english/year-8/organise-information-by-topic
Key Stage 3,Year 8,K,Organising writing,K.3,3,Transitions with conjunctive adverbs,https://uk.ixl.com/english/year-8/transitions-with-conjunctive-adverbs
Key Stage 3,Year 8,L,Developing and supporting arguments,L.1,1,Distinguish facts from opinions,https://uk.ixl.com/english/year-8/distinguish-facts-from-opinions
Key Stage 3,Year 8,L,Developing and supporting arguments,L.2,2,Choose evidence to support a claim,https://uk.ixl.com/english/year-8/choose-evidence-to-support-a-claim
Key Stage 3,Year 8,L,Developing and supporting arguments,L.3,3,Identify supporting details in informational texts,https://uk.ixl.com/english/year-8/identify-supporting-details-in-informational-texts
Key Stage 3,Year 8,L,Developing and supporting arguments,L.4,4,Identify supporting details in literary texts,https://uk.ixl.com/english/year-8/identify-supporting-details-in-literary-texts
Key Stage 3,Year 8,L,Developing and supporting arguments,L.5,5,Identify counterclaims,https://uk.ixl.com/english/year-8/identify-counterclaims
Key Stage 3,Year 8,M,Creative techniques,M.1,1,Use personification,https://uk.ixl.com/english/year-8/use-personification
Key Stage 3,Year 8,N,Editing and revising,N.1,1,Use parallel structure,https://uk.ixl.com/english/year-8/use-parallel-structure
Key Stage 3,Year 8,N,Editing and revising,N.2,2,Remove redundant words or phrases,https://uk.ixl.com/english/year-8/remove-redundant-words-or-phrases
Key Stage 3,Year 8,N,Editing and revising,N.3,3,Use the correct frequently confused word,https://uk.ixl.com/english/year-8/use-the-correct-frequently-confused-word
Key Stage 3,Year 8,N,Editing and revising,N.4,4,Correct errors with frequently confused words,https://uk.ixl.com/english/year-8/correct-errors-with-frequently-confused-words
Key Stage 3,Year 8,N,Editing and revising,N.5,5,Suggest appropriate revisions,https://uk.ixl.com/english/year-8/suggest-appropriate-revisions
Key Stage 3,Year 8,O,Research skills,O.1,1,Identify plagiarism,https://uk.ixl.com/english/year-8/identify-plagiarism
Key Stage 3,Year 8,P,Prefixes and suffixes,P.1,1,Words with pre-,https://uk.ixl.com/english/year-8/words-with-pre
Key Stage 3,Year 8,P,Prefixes and suffixes,P.2,2,Words with re-,https://uk.ixl.com/english/year-8/words-with-re
Key Stage 3,Year 8,P,Prefixes and suffixes,P.3,3,Words with sub-,https://uk.ixl.com/english/year-8/words-with-sub
Key Stage 3,Year 8,P,Prefixes and suffixes,P.4,4,Words with mis-,https://uk.ixl.com/english/year-8/words-with-mis
Key Stage 3,Year 8,P,Prefixes and suffixes,P.5,5,"Words with un-, dis-, in-, im- and non-",https://uk.ixl.com/english/year-8/words-with-un-dis-in-im-and-non
Key Stage 3,Year 8,P,Prefixes and suffixes,P.6,6,Words with -ful,https://uk.ixl.com/english/year-8/words-with-ful
Key Stage 3,Year 8,P,Prefixes and suffixes,P.7,7,Words with -less,https://uk.ixl.com/english/year-8/words-with-less
Key Stage 3,Year 8,P,Prefixes and suffixes,P.8,8,Words with -able and -ible,https://uk.ixl.com/english/year-8/words-with-able-and-ible
Key Stage 3,Year 8,Q,Greek and Latin roots,Q.1,1,Use Greek and Latin roots as clues to the meanings of words,https://uk.ixl.com/english/year-8/use-greek-and-latin-roots-as-clues-to-the-meanings-of-words
Key Stage 3,Year 8,Q,Greek and Latin roots,Q.2,2,Use words as clues to the meanings of Greek and Latin roots,https://uk.ixl.com/english/year-8/use-words-as-clues-to-the-meanings-of-greek-and-latin-roots
Key Stage 3,Year 8,Q,Greek and Latin roots,Q.3,3,Determine the meanings of Greek and Latin roots,https://uk.ixl.com/english/year-8/determine-the-meanings-of-greek-and-latin-roots
Key Stage 3,Year 8,Q,Greek and Latin roots,Q.4,4,Determine the meanings of words with Greek and Latin roots,https://uk.ixl.com/english/year-8/determine-the-meanings-of-words-with-greek-and-latin-roots
Key Stage 3,Year 8,R,Synonyms and antonyms,R.1,1,Choose the synonym,https://uk.ixl.com/english/year-8/choose-the-synonym
Key Stage 3,Year 8,R,Synonyms and antonyms,R.2,2,Choose the antonym,https://uk.ixl.com/english/year-8/choose-the-antonym
Key Stage 3,Year 8,S,Homophones,S.1,1,Use the correct homophone,https://uk.ixl.com/english/year-8/use-the-correct-homophone
Key Stage 3,Year 8,S,Homophones,S.2,2,Which definition matches the sentence?,https://uk.ixl.com/english/year-8/which-definition-matches-the-sentence
Key Stage 3,Year 8,S,Homophones,S.3,3,Which sentence matches the definition?,https://uk.ixl.com/english/year-8/which-sentence-matches-the-definition
Key Stage 3,Year 8,T,Shades of meaning,T.1,1,Describe the difference between related words,https://uk.ixl.com/english/year-8/describe-the-difference-between-related-words
Key Stage 3,Year 8,T,Shades of meaning,T.2,2,Positive and negative connotation,https://uk.ixl.com/english/year-8/positive-and-negative-connotation
Key Stage 3,Year 8,U,Analogies,U.1,1,Analogies,https://uk.ixl.com/english/year-8/analogies
Key Stage 3,Year 8,U,Analogies,U.2,2,Analogies: challenge,https://uk.ixl.com/english/year-8/analogies-challenge
Key Stage 3,Year 8,V,Context clues,V.1,1,Find words using context,https://uk.ixl.com/english/year-8/find-words-using-context
Key Stage 3,Year 8,V,Context clues,V.2,2,Determine the meaning of words using synonyms in context,https://uk.ixl.com/english/year-8/determine-the-meaning-of-words-using-synonyms-in-context
Key Stage 3,Year 8,V,Context clues,V.3,3,Determine the meaning of words using antonyms in context,https://uk.ixl.com/english/year-8/determine-the-meaning-of-words-using-antonyms-in-context
Key Stage 3,Year 8,V,Context clues,V.4,4,Use context to identify the meaning of a word,https://uk.ixl.com/english/year-8/use-context-to-identify-the-meaning-of-a-word
Key Stage 3,Year 8,W,Domain-specific vocabulary,W.1,1,Determine the meaning of domain-specific words with pictures,https://uk.ixl.com/english/year-8/determine-the-meaning-of-domain-specific-words-with-pictures
Key Stage 3,Year 8,X,Reference skills,X.1,1,Alphabetical order,https://uk.ixl.com/english/year-8/alphabetical-order
Key Stage 3,Year 8,X,Reference skills,X.2,2,Use guide words,https://uk.ixl.com/english/year-8/use-guide-words
Key Stage 3,Year 8,X,Reference skills,X.3,3,Use dictionary entries,https://uk.ixl.com/english/year-8/use-dictionary-entries
Key Stage 3,Year 8,X,Reference skills,X.4,4,Use dictionary definitions,https://uk.ixl.com/english/year-8/use-dictionary-definitions
Key Stage 3,Year 8,X,Reference skills,X.5,5,Use thesaurus entries,https://uk.ixl.com/english/year-8/use-thesaurus-entries
Key Stage 3,Year 8,Y,"Sentences, fragments and run-ons",Y.1,1,"Is the sentence declarative, interrogative, imperative or exclamatory?",https://uk.ixl.com/english/year-8/is-the-sentence-declarative-interrogative-imperative-or-exclamatory
Key Stage 3,Year 8,Y,"Sentences, fragments and run-ons",Y.2,2,Identify the complete subject or complete predicate of a sentence,https://uk.ixl.com/english/year-8/identify-the-complete-subject-or-complete-predicate-of-a-sentence
Key Stage 3,Year 8,Y,"Sentences, fragments and run-ons",Y.3,3,Identify the simple subject or simple predicate of a sentence,https://uk.ixl.com/english/year-8/identify-the-simple-subject-or-simple-predicate-of-a-sentence
Key Stage 3,Year 8,Y,"Sentences, fragments and run-ons",Y.4,4,Identify the compound subject or compound predicate of a sentence,https://uk.ixl.com/english/year-8/identify-the-compound-subject-or-compound-predicate-of-a-sentence
Key Stage 3,Year 8,Y,"Sentences, fragments and run-ons",Y.5,5,Is it a complete sentence or a fragment?,https://uk.ixl.com/english/year-8/is-it-a-complete-sentence-or-a-fragment
Key Stage 3,Year 8,Y,"Sentences, fragments and run-ons",Y.6,6,Is it a complete sentence or a run-on?,https://uk.ixl.com/english/year-8/is-it-a-complete-sentence-or-a-run-on
Key Stage 3,Year 8,Y,"Sentences, fragments and run-ons",Y.7,7,"Is it a complete sentence, a fragment or a run-on?",https://uk.ixl.com/english/year-8/is-it-a-complete-sentence-a-fragment-or-a-run-on
Key Stage 3,Year 8,Z,Phrases and clauses,Z.1,1,Is it a phrase or a clause?,https://uk.ixl.com/english/year-8/is-it-a-phrase-or-a-clause
Key Stage 3,Year 8,Z,Phrases and clauses,Z.2,2,Identify appositives and appositive phrases,https://uk.ixl.com/english/year-8/identify-appositives-and-appositive-phrases
Key Stage 3,Year 8,Z,Phrases and clauses,Z.3,3,Identify dependent and independent clauses,https://uk.ixl.com/english/year-8/identify-dependent-and-independent-clauses
Key Stage 3,Year 8,Z,Phrases and clauses,Z.4,4,"Is the sentence simple, compound, complex or compound-complex?",https://uk.ixl.com/english/year-8/is-the-sentence-simple-compound-complex-or-compound-complex
Key Stage 3,Year 8,Z,Phrases and clauses,Z.5,5,Combine sentences using relative clauses,https://uk.ixl.com/english/year-8/combine-sentences-using-relative-clauses
Key Stage 3,Year 8,AA,Nouns,AA.1,1,Form and use plurals: review,https://uk.ixl.com/english/year-8/form-and-use-plurals-review
Key Stage 3,Year 8,AA,Nouns,AA.2,2,Form and use plurals of compound nouns,https://uk.ixl.com/english/year-8/form-and-use-plurals-of-compound-nouns
Key Stage 3,Year 8,AA,Nouns,AA.3,3,"Identify plurals, singular possessives and plural possessives",https://uk.ixl.com/english/year-8/identify-plurals-singular-possessives-and-plural-possessives
Key Stage 3,Year 8,AA,Nouns,AA.4,4,Form the singular or plural possessive,https://uk.ixl.com/english/year-8/form-the-singular-or-plural-possessive
Key Stage 3,Year 8,AA,Nouns,AA.5,5,Identify and correct errors with plural and possessive nouns,https://uk.ixl.com/english/year-8/identify-and-correct-errors-with-plural-and-possessive-nouns
Key Stage 3,Year 8,BB,Pronouns and antecedents,BB.1,1,Identify pronouns and their antecedents,https://uk.ixl.com/english/year-8/identify-pronouns-and-their-antecedents
Key Stage 3,Year 8,BB,Pronouns and antecedents,BB.2,2,Use the pronoun that agrees with the antecedent,https://uk.ixl.com/english/year-8/use-the-pronoun-that-agrees-with-the-antecedent
Key Stage 3,Year 8,BB,Pronouns and antecedents,BB.3,3,Identify vague pronoun references,https://uk.ixl.com/english/year-8/identify-vague-pronoun-references
Key Stage 3,Year 8,BB,Pronouns and antecedents,BB.4,4,Identify all of the possible antecedents,https://uk.ixl.com/english/year-8/identify-all-of-the-possible-antecedents
Key Stage 3,Year 8,BB,Pronouns and antecedents,BB.5,5,Correct inappropriate shifts in pronoun number and person,https://uk.ixl.com/english/year-8/correct-inappropriate-shifts-in-pronoun-number-and-person
Key Stage 3,Year 8,CC,Pronoun types,CC.1,1,Choose between subject and object pronouns,https://uk.ixl.com/english/year-8/choose-between-subject-and-object-pronouns
Key Stage 3,Year 8,CC,Pronoun types,CC.2,2,Compound subjects and objects with 'I' and 'me',https://uk.ixl.com/english/year-8/compound-subjects-and-objects-with-i-and-me
Key Stage 3,Year 8,CC,Pronoun types,CC.3,3,Compound subjects and objects with pronouns,https://uk.ixl.com/english/year-8/compound-subjects-and-objects-with-pronouns
Key Stage 3,Year 8,CC,Pronoun types,CC.4,4,Choose between personal and reflexive pronouns,https://uk.ixl.com/english/year-8/choose-between-personal-and-reflexive-pronouns
Key Stage 3,Year 8,CC,Pronoun types,CC.5,5,Use reflexive pronouns,https://uk.ixl.com/english/year-8/use-reflexive-pronouns
Key Stage 3,Year 8,CC,Pronoun types,CC.6,6,Is the pronoun reflexive or intensive?,https://uk.ixl.com/english/year-8/is-the-pronoun-reflexive-or-intensive
Key Stage 3,Year 8,CC,Pronoun types,CC.7,7,Use relative pronouns: who and whom,https://uk.ixl.com/english/year-8/use-relative-pronouns-who-and-whom
Key Stage 3,Year 8,CC,Pronoun types,CC.8,8,"Use relative pronouns: who, whom, whose, which and that",https://uk.ixl.com/english/year-8/use-relative-pronouns-who-whom-whose-which-and-that
Key Stage 3,Year 8,DD,Verb types,DD.1,1,Identify transitive and intransitive verbs,https://uk.ixl.com/english/year-8/identify-transitive-and-intransitive-verbs
Key Stage 3,Year 8,DD,Verb types,DD.2,2,"Identify linking verbs, predicate adjectives and predicate nouns",https://uk.ixl.com/english/year-8/identify-linking-verbs-predicate-adjectives-and-predicate-nouns
Key Stage 3,Year 8,EE,Subject-verb agreement,EE.1,1,Correct errors with subject-verb agreement,https://uk.ixl.com/english/year-8/correct-errors-with-subject-verb-agreement
Key Stage 3,Year 8,EE,Subject-verb agreement,EE.2,2,Correct errors with indefinite pronoun-verb agreement,https://uk.ixl.com/english/year-8/correct-errors-with-indefinite-pronoun-verb-agreement
Key Stage 3,Year 8,EE,Subject-verb agreement,EE.3,3,Use the correct verb – with compound subjects,https://uk.ixl.com/english/year-8/use-the-correct-verb-with-compound-subjects
Key Stage 3,Year 8,FF,Verb tense,FF.1,1,Irregular past tense: review,https://uk.ixl.com/english/year-8/irregular-past-tense-review
Key Stage 3,Year 8,FF,Verb tense,FF.2,2,"Simple past, present and future tense: review",https://uk.ixl.com/english/year-8/simple-past-present-and-future-tense-review
Key Stage 3,Year 8,FF,Verb tense,FF.3,3,Identify and correct inappropriate shifts in verb tense,https://uk.ixl.com/english/year-8/identify-and-correct-inappropriate-shifts-in-verb-tense
Key Stage 3,Year 8,FF,Verb tense,FF.4,4,Form the progressive verb tenses,https://uk.ixl.com/english/year-8/form-the-progressive-verb-tenses
Key Stage 3,Year 8,FF,Verb tense,FF.5,5,Form the perfect verb tenses,https://uk.ixl.com/english/year-8/form-the-perfect-verb-tenses
Key Stage 3,Year 8,GG,Adjectives and adverbs,GG.1,1,Identify adjectives,https://uk.ixl.com/english/year-8/identify-adjectives
Key Stage 3,Year 8,GG,Adjectives and adverbs,GG.2,2,Order adjectives,https://uk.ixl.com/english/year-8/order-adjectives
Key Stage 3,Year 8,GG,Adjectives and adverbs,GG.3,3,Identify adverbs,https://uk.ixl.com/english/year-8/identify-adverbs
Key Stage 3,Year 8,GG,Adjectives and adverbs,GG.4,4,Choose between adjectives and adverbs,https://uk.ixl.com/english/year-8/choose-between-adjectives-and-adverbs
Key Stage 3,Year 8,GG,Adjectives and adverbs,GG.5,5,Is the word an adjective or adverb?,https://uk.ixl.com/english/year-8/is-the-word-an-adjective-or-adverb
Key Stage 3,Year 8,GG,Adjectives and adverbs,GG.6,6,Form and use comparative and superlative adjectives,https://uk.ixl.com/english/year-8/form-and-use-comparative-and-superlative-adjectives
Key Stage 3,Year 8,GG,Adjectives and adverbs,GG.7,7,"Good, better, best, bad, worse and worst",https://uk.ixl.com/english/year-8/good-better-best-bad-worse-and-worst
Key Stage 3,Year 8,GG,Adjectives and adverbs,GG.8,8,Form and use comparative and superlative adverbs,https://uk.ixl.com/english/year-8/form-and-use-comparative-and-superlative-adverbs
Key Stage 3,Year 8,GG,Adjectives and adverbs,GG.9,9,"Well, better, best, badly, worse and worst",https://uk.ixl.com/english/year-8/well-better-best-badly-worse-and-worst
Key Stage 3,Year 8,HH,Prepositions,HH.1,1,Identify prepositional phrases,https://uk.ixl.com/english/year-8/identify-prepositional-phrases
Key Stage 3,Year 8,II,Direct and indirect objects,II.1,1,Is it a direct object or an indirect object?,https://uk.ixl.com/english/year-8/is-it-a-direct-object-or-an-indirect-object
Key Stage 3,Year 8,JJ,Conjunctions,JJ.1,1,Use the correct pair of correlative conjunctions,https://uk.ixl.com/english/year-8/use-the-correct-pair-of-correlative-conjunctions
Key Stage 3,Year 8,KK,Misplaced modifiers,KK.1,1,Misplaced modifiers with pictures,https://uk.ixl.com/english/year-8/misplaced-modifiers-with-pictures
Key Stage 3,Year 8,KK,Misplaced modifiers,KK.2,2,Select the misplaced or dangling modifier,https://uk.ixl.com/english/year-8/select-the-misplaced-or-dangling-modifier
Key Stage 3,Year 8,KK,Misplaced modifiers,KK.3,3,Are the modifiers used correctly?,https://uk.ixl.com/english/year-8/are-the-modifiers-used-correctly
Key Stage 3,Year 8,LL,Restrictive and non-restrictive elements,LL.1,1,Commas with non-restrictive elements,https://uk.ixl.com/english/year-8/commas-with-non-restrictive-elements
Key Stage 3,Year 8,MM,Commas,MM.1,1,Commas with compound and complex sentences,https://uk.ixl.com/english/year-8/commas-with-compound-and-complex-sentences
Key Stage 3,Year 8,MM,Commas,MM.2,2,"Commas with direct addresses, introductory words, interjections and interrupters",https://uk.ixl.com/english/year-8/commas-with-direct-addresses-introductory-words-interjections-and-interrupters
Key Stage 3,Year 8,MM,Commas,MM.3,3,Commas with coordinate adjectives,https://uk.ixl.com/english/year-8/commas-with-coordinate-adjectives
Key Stage 3,Year 8,NN,"Semicolons, colons and commas",NN.1,1,Use semicolons and commas to separate clauses,https://uk.ixl.com/english/year-8/use-semicolons-and-commas-to-separate-clauses
Key Stage 3,Year 8,NN,"Semicolons, colons and commas",NN.2,2,"Use semicolons, colons and commas with lists",https://uk.ixl.com/english/year-8/use-semicolons-colons-and-commas-with-lists
Key Stage 3,Year 8,OO,"Dashes, hyphens and ellipses",OO.1,1,Use dashes,https://uk.ixl.com/english/year-8/use-dashes
Key Stage 3,Year 8,OO,"Dashes, hyphens and ellipses",OO.2,2,Use hyphens in compound adjectives,https://uk.ixl.com/english/year-8/use-hyphens-in-compound-adjectives
Key Stage 3,Year 8,OO,"Dashes, hyphens and ellipses",OO.3,3,Decide whether ellipses are used appropriately,https://uk.ixl.com/english/year-8/decide-whether-ellipses-are-used-appropriately
Key Stage 3,Year 8,PP,Capitalisation,PP.1,1,Correct capitalisation errors,https://uk.ixl.com/english/year-8/correct-capitalisation-errors
Key Stage 3,Year 8,PP,Capitalisation,PP.2,2,Capitalising titles,https://uk.ixl.com/english/year-8/capitalising-titles
Key Stage 3,Year 8,QQ,Formatting,QQ.1,1,Formatting titles,https://uk.ixl.com/english/year-8/formatting-titles
Key Stage 3,Year 8,QQ,Formatting,QQ.2,2,Formatting and capitalising titles: review,https://uk.ixl.com/english/year-8/formatting-and-capitalising-titles-review
Key Stage 3,Year 9,A,Main idea,A.1,1,Determine the main idea of a passage,https://uk.ixl.com/english/year-9/determine-the-main-idea-of-a-passage
Key Stage 3,Year 9,B,Theme,B.1,1,Match the quotations with their themes,https://uk.ixl.com/english/year-9/match-the-quotations-with-their-themes
Key Stage 3,Year 9,B,Theme,B.2,2,Determine the themes of short stories,https://uk.ixl.com/english/year-9/determine-the-themes-of-short-stories
Key Stage 3,Year 9,C,Author's purpose and tone,C.1,1,Identify the author's purpose,https://uk.ixl.com/english/year-9/identify-the-authors-purpose
Key Stage 3,Year 9,C,Author's purpose and tone,C.2,2,Which sentence is more formal?,https://uk.ixl.com/english/year-9/which-sentence-is-more-formal
Key Stage 3,Year 9,C,Author's purpose and tone,C.3,3,Compare passages for tone,https://uk.ixl.com/english/year-9/compare-passages-for-tone
Key Stage 3,Year 9,D,Point of view,D.1,1,Determine the author's point of view,https://uk.ixl.com/english/year-9/determine-the-authors-point-of-view
Key Stage 3,Year 9,E,Text structure,E.1,1,Compare and contrast in informational texts,https://uk.ixl.com/english/year-9/compare-and-contrast-in-informational-texts
Key Stage 3,Year 9,E,Text structure,E.2,2,Match causes and effects in informational texts,https://uk.ixl.com/english/year-9/match-causes-and-effects-in-informational-texts
Key Stage 3,Year 9,E,Text structure,E.3,3,Match problems with their solutions,https://uk.ixl.com/english/year-9/match-problems-with-their-solutions
Key Stage 3,Year 9,E,Text structure,E.4,4,Identify text structures,https://uk.ixl.com/english/year-9/identify-text-structures
Key Stage 3,Year 9,F,Literary devices,F.1,1,Interpret the meaning of an allusion from its source,https://uk.ixl.com/english/year-9/interpret-the-meaning-of-an-allusion-from-its-source
Key Stage 3,Year 9,F,Literary devices,F.2,2,Recall the source of an allusion,https://uk.ixl.com/english/year-9/recall-the-source-of-an-allusion
Key Stage 3,Year 9,F,Literary devices,F.3,3,Interpret figures of speech,https://uk.ixl.com/english/year-9/interpret-figures-of-speech
Key Stage 3,Year 9,F,Literary devices,F.4,4,Classify figures of speech,https://uk.ixl.com/english/year-9/classify-figures-of-speech
Key Stage 3,Year 9,F,Literary devices,F.5,5,Analyse the effects of figures of speech on meaning and tone,https://uk.ixl.com/english/year-9/analyse-the-effects-of-figures-of-speech-on-meaning-and-tone
Key Stage 3,Year 9,G,Analysing literature,G.1,1,Analyse short stories,https://uk.ixl.com/english/year-9/analyse-short-stories
Key Stage 3,Year 9,H,Analysing informational texts,H.1,1,Read and understand informational passages,https://uk.ixl.com/english/year-9/read-and-understand-informational-passages
Key Stage 3,Year 9,H,Analysing informational texts,H.2,2,Trace an argument,https://uk.ixl.com/english/year-9/trace-an-argument
Key Stage 3,Year 9,I,Comparing texts,I.1,1,Compare two texts with different genres,https://uk.ixl.com/english/year-9/compare-two-texts-with-different-genres
Key Stage 3,Year 9,J,Visual elements,J.1,1,Compare illustrations of literary and historical subjects,https://uk.ixl.com/english/year-9/compare-illustrations-of-literary-and-historical-subjects
Key Stage 3,Year 9,K,Organising writing,K.1,1,Order topics from broadest to narrowest,https://uk.ixl.com/english/year-9/order-topics-from-broadest-to-narrowest
Key Stage 3,Year 9,K,Organising writing,K.2,2,Organise information by topic,https://uk.ixl.com/english/year-9/organise-information-by-topic
Key Stage 3,Year 9,K,Organising writing,K.3,3,Transitions with conjunctive adverbs,https://uk.ixl.com/english/year-9/transitions-with-conjunctive-adverbs
Key Stage 3,Year 9,L,Developing and supporting arguments,L.1,1,Distinguish facts from opinions,https://uk.ixl.com/english/year-9/distinguish-facts-from-opinions
Key Stage 3,Year 9,L,Developing and supporting arguments,L.2,2,Choose evidence to support a claim,https://uk.ixl.com/english/year-9/choose-evidence-to-support-a-claim
Key Stage 3,Year 9,L,Developing and supporting arguments,L.3,3,Identify supporting details in informational texts,https://uk.ixl.com/english/year-9/identify-supporting-details-in-informational-texts
Key Stage 3,Year 9,L,Developing and supporting arguments,L.4,4,Identify supporting details in literary texts,https://uk.ixl.com/english/year-9/identify-supporting-details-in-literary-texts
Key Stage 3,Year 9,L,Developing and supporting arguments,L.5,5,Identify counterclaims,https://uk.ixl.com/english/year-9/identify-counterclaims
Key Stage 3,Year 9,M,Creative techniques,M.1,1,Use personification,https://uk.ixl.com/english/year-9/use-personification
Key Stage 3,Year 9,N,Active and passive voice,N.1,1,Identify active and passive voice,https://uk.ixl.com/english/year-9/identify-active-and-passive-voice
Key Stage 3,Year 9,N,Active and passive voice,N.2,2,Rewrite the sentence in active voice,https://uk.ixl.com/english/year-9/rewrite-the-sentence-in-active-voice
Key Stage 3,Year 9,O,Editing and revising,O.1,1,Use parallel structure,https://uk.ixl.com/english/year-9/use-parallel-structure
Key Stage 3,Year 9,O,Editing and revising,O.2,2,Remove redundant words or phrases,https://uk.ixl.com/english/year-9/remove-redundant-words-or-phrases
Key Stage 3,Year 9,O,Editing and revising,O.3,3,Use the correct frequently confused word,https://uk.ixl.com/english/year-9/use-the-correct-frequently-confused-word
Key Stage 3,Year 9,O,Editing and revising,O.4,4,Correct errors with frequently confused words,https://uk.ixl.com/english/year-9/correct-errors-with-frequently-confused-words
Key Stage 3,Year 9,O,Editing and revising,O.5,5,Suggest appropriate revisions,https://uk.ixl.com/english/year-9/suggest-appropriate-revisions
Key Stage 3,Year 9,P,Research skills,P.1,1,Identify plagiarism,https://uk.ixl.com/english/year-9/identify-plagiarism
Key Stage 3,Year 9,Q,Prefixes and suffixes,Q.1,1,Words with pre-,https://uk.ixl.com/english/year-9/words-with-pre
Key Stage 3,Year 9,Q,Prefixes and suffixes,Q.2,2,Words with re-,https://uk.ixl.com/english/year-9/words-with-re
Key Stage 3,Year 9,Q,Prefixes and suffixes,Q.3,3,Words with sub-,https://uk.ixl.com/english/year-9/words-with-sub
Key Stage 3,Year 9,Q,Prefixes and suffixes,Q.4,4,Words with mis-,https://uk.ixl.com/english/year-9/words-with-mis
Key Stage 3,Year 9,Q,Prefixes and suffixes,Q.5,5,"Words with un-, dis-, in-, im- and non-",https://uk.ixl.com/english/year-9/words-with-un-dis-in-im-and-non
Key Stage 3,Year 9,Q,Prefixes and suffixes,Q.6,6,Words with -ful,https://uk.ixl.com/english/year-9/words-with-ful
Key Stage 3,Year 9,Q,Prefixes and suffixes,Q.7,7,Words with -less,https://uk.ixl.com/english/year-9/words-with-less
Key Stage 3,Year 9,Q,Prefixes and suffixes,Q.8,8,Words with -able and -ible,https://uk.ixl.com/english/year-9/words-with-able-and-ible
Key Stage 3,Year 9,R,Greek and Latin roots,R.1,1,Use Greek and Latin roots as clues to the meanings of words,https://uk.ixl.com/english/year-9/use-greek-and-latin-roots-as-clues-to-the-meanings-of-words
Key Stage 3,Year 9,R,Greek and Latin roots,R.2,2,Use words as clues to the meanings of Greek and Latin roots,https://uk.ixl.com/english/year-9/use-words-as-clues-to-the-meanings-of-greek-and-latin-roots
Key Stage 3,Year 9,R,Greek and Latin roots,R.3,3,Determine the meanings of Greek and Latin roots,https://uk.ixl.com/english/year-9/determine-the-meanings-of-greek-and-latin-roots
Key Stage 3,Year 9,R,Greek and Latin roots,R.4,4,Determine the meanings of words with Greek and Latin roots,https://uk.ixl.com/english/year-9/determine-the-meanings-of-words-with-greek-and-latin-roots
Key Stage 3,Year 9,S,Synonyms and antonyms,S.1,1,Choose the synonym,https://uk.ixl.com/english/year-9/choose-the-synonym
Key Stage 3,Year 9,S,Synonyms and antonyms,S.2,2,Choose the antonym,https://uk.ixl.com/english/year-9/choose-the-antonym
Key Stage 3,Year 9,T,Word choice and usage,T.1,1,Describe the difference between related words,https://uk.ixl.com/english/year-9/describe-the-difference-between-related-words
Key Stage 3,Year 9,T,Word choice and usage,T.2,2,Positive and negative connotation,https://uk.ixl.com/english/year-9/positive-and-negative-connotation
Key Stage 3,Year 9,U,Homophones,U.1,1,Use the correct homophone,https://uk.ixl.com/english/year-9/use-the-correct-homophone
Key Stage 3,Year 9,U,Homophones,U.2,2,Which definition matches the sentence?,https://uk.ixl.com/english/year-9/which-definition-matches-the-sentence
Key Stage 3,Year 9,U,Homophones,U.3,3,Which sentence matches the definition?,https://uk.ixl.com/english/year-9/which-sentence-matches-the-definition
Key Stage 3,Year 9,V,Analogies,V.1,1,Analogies,https://uk.ixl.com/english/year-9/analogies
Key Stage 3,Year 9,V,Analogies,V.2,2,Analogies: challenge,https://uk.ixl.com/english/year-9/analogies-challenge
Key Stage 3,Year 9,W,Context clues,W.1,1,Find words using context,https://uk.ixl.com/english/year-9/find-words-using-context
Key Stage 3,Year 9,W,Context clues,W.2,2,Determine the meaning of words using synonyms in context,https://uk.ixl.com/english/year-9/determine-the-meaning-of-words-using-synonyms-in-context
Key Stage 3,Year 9,W,Context clues,W.3,3,Determine the meaning of words using antonyms in context,https://uk.ixl.com/english/year-9/determine-the-meaning-of-words-using-antonyms-in-context
Key Stage 3,Year 9,W,Context clues,W.4,4,Use context to identify the meaning of a word,https://uk.ixl.com/english/year-9/use-context-to-identify-the-meaning-of-a-word
Key Stage 3,Year 9,X,Domain-specific vocabulary,X.1,1,Determine the meaning of domain-specific words with pictures,https://uk.ixl.com/english/year-9/determine-the-meaning-of-domain-specific-words-with-pictures
Key Stage 3,Year 9,Y,Reference skills,Y.1,1,Alphabetical order,https://uk.ixl.com/english/year-9/alphabetical-order
Key Stage 3,Year 9,Y,Reference skills,Y.2,2,Use guide words,https://uk.ixl.com/english/year-9/use-guide-words
Key Stage 3,Year 9,Y,Reference skills,Y.3,3,Use dictionary entries,https://uk.ixl.com/english/year-9/use-dictionary-entries
Key Stage 3,Year 9,Y,Reference skills,Y.4,4,Use dictionary definitions,https://uk.ixl.com/english/year-9/use-dictionary-definitions
Key Stage 3,Year 9,Y,Reference skills,Y.5,5,Use thesaurus entries,https://uk.ixl.com/english/year-9/use-thesaurus-entries
Key Stage 3,Year 9,Z,"Sentences, fragments and run-ons",Z.1,1,"Is the sentence declarative, interrogative, imperative or exclamatory?",https://uk.ixl.com/english/year-9/is-the-sentence-declarative-interrogative-imperative-or-exclamatory
Key Stage 3,Year 9,Z,"Sentences, fragments and run-ons",Z.2,2,Identify the complete subject or complete predicate of a sentence,https://uk.ixl.com/english/year-9/identify-the-complete-subject-or-complete-predicate-of-a-sentence
Key Stage 3,Year 9,Z,"Sentences, fragments and run-ons",Z.3,3,Identify the simple subject or simple predicate of a sentence,https://uk.ixl.com/english/year-9/identify-the-simple-subject-or-simple-predicate-of-a-sentence
Key Stage 3,Year 9,Z,"Sentences, fragments and run-ons",Z.4,4,Identify the compound subject or compound predicate of a sentence,https://uk.ixl.com/english/year-9/identify-the-compound-subject-or-compound-predicate-of-a-sentence
Key Stage 3,Year 9,Z,"Sentences, fragments and run-ons",Z.5,5,Is it a complete sentence or a fragment?,https://uk.ixl.com/english/year-9/is-it-a-complete-sentence-or-a-fragment
Key Stage 3,Year 9,Z,"Sentences, fragments and run-ons",Z.6,6,Is it a complete sentence or a run-on?,https://uk.ixl.com/english/year-9/is-it-a-complete-sentence-or-a-run-on
Key Stage 3,Year 9,Z,"Sentences, fragments and run-ons",Z.7,7,"Is it a complete sentence, a fragment or a run-on?",https://uk.ixl.com/english/year-9/is-it-a-complete-sentence-a-fragment-or-a-run-on
Key Stage 3,Year 9,AA,Phrases and clauses,AA.1,1,Is it a phrase or a clause?,https://uk.ixl.com/english/year-9/is-it-a-phrase-or-a-clause
Key Stage 3,Year 9,AA,Phrases and clauses,AA.2,2,Identify appositives and appositive phrases,https://uk.ixl.com/english/year-9/identify-appositives-and-appositive-phrases
Key Stage 3,Year 9,AA,Phrases and clauses,AA.3,3,Identify dependent and independent clauses,https://uk.ixl.com/english/year-9/identify-dependent-and-independent-clauses
Key Stage 3,Year 9,AA,Phrases and clauses,AA.4,4,"Is the sentence simple, compound, complex or compound-complex?",https://uk.ixl.com/english/year-9/is-the-sentence-simple-compound-complex-or-compound-complex
Key Stage 3,Year 9,AA,Phrases and clauses,AA.5,5,Combine sentences using relative clauses,https://uk.ixl.com/english/year-9/combine-sentences-using-relative-clauses
Key Stage 3,Year 9,BB,Nouns,BB.1,1,Form and use plurals: review,https://uk.ixl.com/english/year-9/form-and-use-plurals-review
Key Stage 3,Year 9,BB,Nouns,BB.2,2,Form and use plurals of compound nouns,https://uk.ixl.com/english/year-9/form-and-use-plurals-of-compound-nouns
Key Stage 3,Year 9,BB,Nouns,BB.3,3,"Identify plurals, singular possessives and plural possessives",https://uk.ixl.com/english/year-9/identify-plurals-singular-possessives-and-plural-possessives
Key Stage 3,Year 9,BB,Nouns,BB.4,4,Form the singular or plural possessive,https://uk.ixl.com/english/year-9/form-the-singular-or-plural-possessive
Key Stage 3,Year 9,BB,Nouns,BB.5,5,Identify and correct errors with plural and possessive nouns,https://uk.ixl.com/english/year-9/identify-and-correct-errors-with-plural-and-possessive-nouns
Key Stage 3,Year 9,BB,Nouns,BB.6,6,Identify and correct errors with compound and joint possession,https://uk.ixl.com/english/year-9/identify-and-correct-errors-with-compound-and-joint-possession
Key Stage 3,Year 9,CC,Pronouns and antecedents,CC.1,1,Identify pronouns and their antecedents,https://uk.ixl.com/english/year-9/identify-pronouns-and-their-antecedents
Key Stage 3,Year 9,CC,Pronouns and antecedents,CC.2,2,Use the pronoun that agrees with the antecedent,https://uk.ixl.com/english/year-9/use-the-pronoun-that-agrees-with-the-antecedent
Key Stage 3,Year 9,CC,Pronouns and antecedents,CC.3,3,Correct inappropriate shifts in pronoun number and person,https://uk.ixl.com/english/year-9/correct-inappropriate-shifts-in-pronoun-number-and-person
Key Stage 3,Year 9,CC,Pronouns and antecedents,CC.4,4,Identify vague pronoun references,https://uk.ixl.com/english/year-9/identify-vague-pronoun-references
Key Stage 3,Year 9,CC,Pronouns and antecedents,CC.5,5,Identify all of the possible antecedents,https://uk.ixl.com/english/year-9/identify-all-of-the-possible-antecedents
Key Stage 3,Year 9,DD,Pronoun types,DD.1,1,Choose between subject and object pronouns,https://uk.ixl.com/english/year-9/choose-between-subject-and-object-pronouns
Key Stage 3,Year 9,DD,Pronoun types,DD.2,2,Compound subjects and objects with 'I' and 'me',https://uk.ixl.com/english/year-9/compound-subjects-and-objects-with-i-and-me
Key Stage 3,Year 9,DD,Pronoun types,DD.3,3,Compound subjects and objects with pronouns,https://uk.ixl.com/english/year-9/compound-subjects-and-objects-with-pronouns
Key Stage 3,Year 9,DD,Pronoun types,DD.4,4,Choose between personal and reflexive pronouns,https://uk.ixl.com/english/year-9/choose-between-personal-and-reflexive-pronouns
Key Stage 3,Year 9,DD,Pronoun types,DD.5,5,Use reflexive pronouns,https://uk.ixl.com/english/year-9/use-reflexive-pronouns
Key Stage 3,Year 9,DD,Pronoun types,DD.6,6,Is the pronoun reflexive or intensive?,https://uk.ixl.com/english/year-9/is-the-pronoun-reflexive-or-intensive
Key Stage 3,Year 9,DD,Pronoun types,DD.7,7,Use relative pronouns: who and whom,https://uk.ixl.com/english/year-9/use-relative-pronouns-who-and-whom
Key Stage 3,Year 9,DD,Pronoun types,DD.8,8,"Use relative pronouns: who, whom, whose, which and that",https://uk.ixl.com/english/year-9/use-relative-pronouns-who-whom-whose-which-and-that
Key Stage 3,Year 9,EE,Verb types,EE.1,1,Identify transitive and intransitive verbs,https://uk.ixl.com/english/year-9/identify-transitive-and-intransitive-verbs
Key Stage 3,Year 9,EE,Verb types,EE.2,2,"Identify linking verbs, predicate adjectives and predicate nouns",https://uk.ixl.com/english/year-9/identify-linking-verbs-predicate-adjectives-and-predicate-nouns
Key Stage 3,Year 9,FF,Subject-verb agreement,FF.1,1,Correct errors with subject-verb agreement,https://uk.ixl.com/english/year-9/correct-errors-with-subject-verb-agreement
Key Stage 3,Year 9,FF,Subject-verb agreement,FF.2,2,Correct errors with indefinite pronoun-verb agreement,https://uk.ixl.com/english/year-9/correct-errors-with-indefinite-pronoun-verb-agreement
Key Stage 3,Year 9,FF,Subject-verb agreement,FF.3,3,Use the correct verb – with compound subjects,https://uk.ixl.com/english/year-9/use-the-correct-verb-with-compound-subjects
Key Stage 3,Year 9,GG,Verb tense,GG.1,1,Irregular past tense: review,https://uk.ixl.com/english/year-9/irregular-past-tense-review
Key Stage 3,Year 9,GG,Verb tense,GG.2,2,"Simple past, present and future tense: review",https://uk.ixl.com/english/year-9/simple-past-present-and-future-tense-review
Key Stage 3,Year 9,GG,Verb tense,GG.3,3,Identify and correct inappropriate shifts in verb tense,https://uk.ixl.com/english/year-9/identify-and-correct-inappropriate-shifts-in-verb-tense
Key Stage 3,Year 9,GG,Verb tense,GG.4,4,Form the progressive verb tenses,https://uk.ixl.com/english/year-9/form-the-progressive-verb-tenses
Key Stage 3,Year 9,GG,Verb tense,GG.5,5,Form the perfect verb tenses,https://uk.ixl.com/english/year-9/form-the-perfect-verb-tenses
Key Stage 3,Year 9,GG,Verb tense,GG.6,6,Identify participles and what they modify,https://uk.ixl.com/english/year-9/identify-participles-and-what-they-modify
Key Stage 3,Year 9,GG,Verb tense,GG.7,7,Identify gerunds and their functions,https://uk.ixl.com/english/year-9/identify-gerunds-and-their-functions
Key Stage 3,Year 9,GG,Verb tense,GG.8,8,Identify infinitives and infinitive phrases,https://uk.ixl.com/english/year-9/identify-infinitives-and-infinitive-phrases
Key Stage 3,Year 9,HH,Adjectives and adverbs,HH.1,1,Identify adjectives,https://uk.ixl.com/english/year-9/identify-adjectives
Key Stage 3,Year 9,HH,Adjectives and adverbs,HH.2,2,Order adjectives,https://uk.ixl.com/english/year-9/order-adjectives
Key Stage 3,Year 9,HH,Adjectives and adverbs,HH.3,3,Identify adverbs,https://uk.ixl.com/english/year-9/identify-adverbs
Key Stage 3,Year 9,HH,Adjectives and adverbs,HH.4,4,Choose between adjectives and adverbs,https://uk.ixl.com/english/year-9/choose-between-adjectives-and-adverbs
Key Stage 3,Year 9,HH,Adjectives and adverbs,HH.5,5,Is the word an adjective or adverb?,https://uk.ixl.com/english/year-9/is-the-word-an-adjective-or-adverb
Key Stage 3,Year 9,HH,Adjectives and adverbs,HH.6,6,Form and use comparative and superlative adjectives,https://uk.ixl.com/english/year-9/form-and-use-comparative-and-superlative-adjectives
Key Stage 3,Year 9,HH,Adjectives and adverbs,HH.7,7,"Good, better, best, bad, worse and worst",https://uk.ixl.com/english/year-9/good-better-best-bad-worse-and-worst
Key Stage 3,Year 9,HH,Adjectives and adverbs,HH.8,8,Form and use comparative and superlative adverbs,https://uk.ixl.com/english/year-9/form-and-use-comparative-and-superlative-adverbs
Key Stage 3,Year 9,HH,Adjectives and adverbs,HH.9,9,"Well, better, best, badly, worse and worst",https://uk.ixl.com/english/year-9/well-better-best-badly-worse-and-worst
Key Stage 3,Year 9,II,Prepositions,II.1,1,Identify prepositional phrases,https://uk.ixl.com/english/year-9/identify-prepositional-phrases
Key Stage 3,Year 9,JJ,Direct and indirect objects,JJ.1,1,Is it a direct object or an indirect object?,https://uk.ixl.com/english/year-9/is-it-a-direct-object-or-an-indirect-object
Key Stage 3,Year 9,KK,Conjunctions,KK.1,1,Use the correct pair of correlative conjunctions,https://uk.ixl.com/english/year-9/use-the-correct-pair-of-correlative-conjunctions
Key Stage 3,Year 9,LL,Misplaced modifiers,LL.1,1,Misplaced modifiers with pictures,https://uk.ixl.com/english/year-9/misplaced-modifiers-with-pictures
Key Stage 3,Year 9,LL,Misplaced modifiers,LL.2,2,Select the misplaced or dangling modifier,https://uk.ixl.com/english/year-9/select-the-misplaced-or-dangling-modifier
Key Stage 3,Year 9,LL,Misplaced modifiers,LL.3,3,Are the modifiers used correctly?,https://uk.ixl.com/english/year-9/are-the-modifiers-used-correctly
Key Stage 3,Year 9,MM,Restrictive and non-restrictive elements,MM.1,1,Commas with non-restrictive elements,https://uk.ixl.com/english/year-9/commas-with-non-restrictive-elements
Key Stage 3,Year 9,NN,Commas,NN.1,1,Commas with compound and complex sentences,https://uk.ixl.com/english/year-9/commas-with-compound-and-complex-sentences
Key Stage 3,Year 9,NN,Commas,NN.2,2,"Commas with direct addresses, introductory words, interjections and interrupters",https://uk.ixl.com/english/year-9/commas-with-direct-addresses-introductory-words-interjections-and-interrupters
Key Stage 3,Year 9,NN,Commas,NN.3,3,Commas with coordinate adjectives,https://uk.ixl.com/english/year-9/commas-with-coordinate-adjectives
Key Stage 3,Year 9,OO,"Semicolons, colons and commas",OO.1,1,Use semicolons and commas to separate clauses,https://uk.ixl.com/english/year-9/use-semicolons-and-commas-to-separate-clauses
Key Stage 3,Year 9,OO,"Semicolons, colons and commas",OO.2,2,"Use semicolons, colons and commas with lists",https://uk.ixl.com/english/year-9/use-semicolons-colons-and-commas-with-lists
Key Stage 3,Year 9,PP,"Dashes, hyphens and ellipses",PP.1,1,Use dashes,https://uk.ixl.com/english/year-9/use-dashes
Key Stage 3,Year 9,PP,"Dashes, hyphens and ellipses",PP.2,2,Use hyphens in compound adjectives,https://uk.ixl.com/english/year-9/use-hyphens-in-compound-adjectives
Key Stage 3,Year 9,PP,"Dashes, hyphens and ellipses",PP.3,3,Decide whether ellipses are used appropriately,https://uk.ixl.com/english/year-9/decide-whether-ellipses-are-used-appropriately
Key Stage 3,Year 9,QQ,Capitalisation,QQ.1,1,Correct capitalisation errors,https://uk.ixl.com/english/year-9/correct-capitalisation-errors
Key Stage 3,Year 9,QQ,Capitalisation,QQ.2,2,Capitalising titles,https://uk.ixl.com/english/year-9/capitalising-titles
Key Stage 3,Year 9,RR,Formatting,RR.1,1,Formatting titles,https://uk.ixl.com/english/year-9/formatting-titles
Key Stage 3,Year 9,RR,Formatting,RR.2,2,Formatting and capitalising titles: review,https://uk.ixl.com/english/year-9/formatting-and-capitalising-titles-review
Key Stage 4 (GCSE),Year 10,A,Main idea,A.1,1,Determine the main idea of a passage,https://uk.ixl.com/english/year-10/determine-the-main-idea-of-a-passage
Key Stage 4 (GCSE),Year 10,B,"Audience, purpose and tone",B.1,1,Which text is most formal?,https://uk.ixl.com/english/year-10/which-text-is-most-formal
Key Stage 4 (GCSE),Year 10,B,"Audience, purpose and tone",B.2,2,Identify audience and purpose,https://uk.ixl.com/english/year-10/identify-audience-and-purpose
Key Stage 4 (GCSE),Year 10,B,"Audience, purpose and tone",B.3,3,Compare passages for subjective and objective tone,https://uk.ixl.com/english/year-10/compare-passages-for-subjective-and-objective-tone
Key Stage 4 (GCSE),Year 10,B,"Audience, purpose and tone",B.4,4,Compare passages for tone,https://uk.ixl.com/english/year-10/compare-passages-for-tone
Key Stage 4 (GCSE),Year 10,C,Literary devices,C.1,1,Identify the narrative point of view,https://uk.ixl.com/english/year-10/identify-the-narrative-point-of-view
Key Stage 4 (GCSE),Year 10,C,Literary devices,C.2,2,Interpret the meaning of an allusion from its source,https://uk.ixl.com/english/year-10/interpret-the-meaning-of-an-allusion-from-its-source
Key Stage 4 (GCSE),Year 10,C,Literary devices,C.3,3,Recall the source of an allusion,https://uk.ixl.com/english/year-10/recall-the-source-of-an-allusion
Key Stage 4 (GCSE),Year 10,C,Literary devices,C.4,4,Interpret figures of speech,https://uk.ixl.com/english/year-10/interpret-figures-of-speech
Key Stage 4 (GCSE),Year 10,C,Literary devices,C.5,5,"Classify figures of speech: euphemism, hyperbole, oxymoron, paradox",https://uk.ixl.com/english/year-10/classify-figures-of-speech-euphemism-hyperbole-oxymoron-paradox
Key Stage 4 (GCSE),Year 10,C,Literary devices,C.6,6,Classify figures of speech: review,https://uk.ixl.com/english/year-10/classify-figures-of-speech-review
Key Stage 4 (GCSE),Year 10,C,Literary devices,C.7,7,Analyse the effects of figures of speech on meaning and tone,https://uk.ixl.com/english/year-10/analyse-the-effects-of-figures-of-speech-on-meaning-and-tone
Key Stage 4 (GCSE),Year 10,D,Analysing literature,D.1,1,Match the quotations with their themes,https://uk.ixl.com/english/year-10/match-the-quotations-with-their-themes
Key Stage 4 (GCSE),Year 10,D,Analysing literature,D.2,2,Analyse short stories: set 1,https://uk.ixl.com/english/year-10/analyse-short-stories-set-1
Key Stage 4 (GCSE),Year 10,D,Analysing literature,D.3,3,Analyse short stories: set 2,https://uk.ixl.com/english/year-10/analyse-short-stories-set-2
Key Stage 4 (GCSE),Year 10,E,Analysing informational texts,E.1,1,Analyse the development of informational passages: set 1,https://uk.ixl.com/english/year-10/analyse-the-development-of-informational-passages-set-1
Key Stage 4 (GCSE),Year 10,E,Analysing informational texts,E.2,2,Analyse the development of informational passages: set 2,https://uk.ixl.com/english/year-10/analyse-the-development-of-informational-passages-set-2
Key Stage 4 (GCSE),Year 10,E,Analysing informational texts,E.3,3,Trace an argument: set 1,https://uk.ixl.com/english/year-10/trace-an-argument-set-1
Key Stage 4 (GCSE),Year 10,E,Analysing informational texts,E.4,4,Trace an argument: set 2,https://uk.ixl.com/english/year-10/trace-an-argument-set-2
Key Stage 4 (GCSE),Year 10,E,Analysing informational texts,E.5,5,Analyse rhetorical strategies in historical texts: set 1,https://uk.ixl.com/english/year-10/analyse-rhetorical-strategies-in-historical-texts-set-1
Key Stage 4 (GCSE),Year 10,E,Analysing informational texts,E.6,6,Analyse rhetorical strategies in historical texts: set 2,https://uk.ixl.com/english/year-10/analyse-rhetorical-strategies-in-historical-texts-set-2
Key Stage 4 (GCSE),Year 10,F,Organising writing,F.1,1,Order topics from broadest to narrowest,https://uk.ixl.com/english/year-10/order-topics-from-broadest-to-narrowest
Key Stage 4 (GCSE),Year 10,F,Organising writing,F.2,2,Organise information by topic,https://uk.ixl.com/english/year-10/organise-information-by-topic
Key Stage 4 (GCSE),Year 10,G,Topic sentences,G.1,1,Choose the topic sentence that best captures the main idea,https://uk.ixl.com/english/year-10/choose-the-topic-sentence-that-best-captures-the-main-idea
Key Stage 4 (GCSE),Year 10,H,Developing and supporting arguments,H.1,1,Distinguish facts from opinions,https://uk.ixl.com/english/year-10/distinguish-facts-from-opinions
Key Stage 4 (GCSE),Year 10,H,Developing and supporting arguments,H.2,2,Identify stronger and weaker evidence to support a claim,https://uk.ixl.com/english/year-10/identify-stronger-and-weaker-evidence-to-support-a-claim
Key Stage 4 (GCSE),Year 10,H,Developing and supporting arguments,H.3,3,Choose the best evidence to support a claim,https://uk.ixl.com/english/year-10/choose-the-best-evidence-to-support-a-claim
Key Stage 4 (GCSE),Year 10,H,Developing and supporting arguments,H.4,4,Identify supporting evidence in a text,https://uk.ixl.com/english/year-10/identify-supporting-evidence-in-a-text
Key Stage 4 (GCSE),Year 10,H,Developing and supporting arguments,H.5,5,Evaluate counterclaims,https://uk.ixl.com/english/year-10/evaluate-counterclaims
Key Stage 4 (GCSE),Year 10,H,Developing and supporting arguments,H.6,6,Choose the analysis that logically connects the evidence to the claim,https://uk.ixl.com/english/year-10/choose-the-analysis-that-logically-connects-the-evidence-to-the-claim
Key Stage 4 (GCSE),Year 10,H,Developing and supporting arguments,H.7,7,"Transition logically between claims, evidence, analysis and counterclaims",https://uk.ixl.com/english/year-10/transition-logically-between-claims-evidence-analysis-and-counterclaims
Key Stage 4 (GCSE),Year 10,I,Persuasive strategies,I.1,1,"Identify appeals to ethos, pathos and logos in advertisements",https://uk.ixl.com/english/year-10/identify-appeals-to-ethos-pathos-and-logos-in-advertisements
Key Stage 4 (GCSE),Year 10,I,Persuasive strategies,I.2,2,"Use appeals to ethos, pathos and logos in persuasive writing",https://uk.ixl.com/english/year-10/use-appeals-to-ethos-pathos-and-logos-in-persuasive-writing
Key Stage 4 (GCSE),Year 10,J,Creative techniques,J.1,1,Use personification,https://uk.ixl.com/english/year-10/use-personification
Key Stage 4 (GCSE),Year 10,K,Writing clearly and concisely,K.1,1,Transitions with conjunctive adverbs,https://uk.ixl.com/english/year-10/transitions-with-conjunctive-adverbs
Key Stage 4 (GCSE),Year 10,K,Writing clearly and concisely,K.2,2,"Avoid double, illogical and unclear comparisons",https://uk.ixl.com/english/year-10/avoid-double-illogical-and-unclear-comparisons
Key Stage 4 (GCSE),Year 10,K,Writing clearly and concisely,K.3,3,Identify sentences with parallel structure,https://uk.ixl.com/english/year-10/identify-sentences-with-parallel-structure
Key Stage 4 (GCSE),Year 10,K,Writing clearly and concisely,K.4,4,Use parallel structure,https://uk.ixl.com/english/year-10/use-parallel-structure
Key Stage 4 (GCSE),Year 10,K,Writing clearly and concisely,K.5,5,Remove redundant words or phrases,https://uk.ixl.com/english/year-10/remove-redundant-words-or-phrases
Key Stage 4 (GCSE),Year 10,L,Active and passive voice,L.1,1,Identify active and passive voice,https://uk.ixl.com/english/year-10/identify-active-and-passive-voice
Key Stage 4 (GCSE),Year 10,L,Active and passive voice,L.2,2,Rewrite the sentence in active voice,https://uk.ixl.com/english/year-10/rewrite-the-sentence-in-active-voice
Key Stage 4 (GCSE),Year 10,M,Editing and revising,M.1,1,Use the correct frequently confused word,https://uk.ixl.com/english/year-10/use-the-correct-frequently-confused-word
Key Stage 4 (GCSE),Year 10,M,Editing and revising,M.2,2,Identify and correct errors with frequently confused words,https://uk.ixl.com/english/year-10/identify-and-correct-errors-with-frequently-confused-words
Key Stage 4 (GCSE),Year 10,M,Editing and revising,M.3,3,Identify and correct errors with frequently confused pronouns and contractions,https://uk.ixl.com/english/year-10/identify-and-correct-errors-with-frequently-confused-pronouns-and-contractions
Key Stage 4 (GCSE),Year 10,M,Editing and revising,M.4,4,Correct errors with commonly misspelled words,https://uk.ixl.com/english/year-10/correct-errors-with-commonly-misspelled-words
Key Stage 4 (GCSE),Year 10,M,Editing and revising,M.5,5,Correct errors in everyday use,https://uk.ixl.com/english/year-10/correct-errors-in-everyday-use
Key Stage 4 (GCSE),Year 10,M,Editing and revising,M.6,6,Suggest appropriate revisions,https://uk.ixl.com/english/year-10/suggest-appropriate-revisions
Key Stage 4 (GCSE),Year 10,N,Research skills,N.1,1,Identify plagiarism,https://uk.ixl.com/english/year-10/identify-plagiarism
Key Stage 4 (GCSE),Year 10,O,Prefixes and suffixes,O.1,1,Word pattern analogies,https://uk.ixl.com/english/year-10/word-pattern-analogies
Key Stage 4 (GCSE),Year 10,O,Prefixes and suffixes,O.2,2,Word pattern sentences,https://uk.ixl.com/english/year-10/word-pattern-sentences
Key Stage 4 (GCSE),Year 10,O,Prefixes and suffixes,O.3,3,Words with pre-,https://uk.ixl.com/english/year-10/words-with-pre
Key Stage 4 (GCSE),Year 10,O,Prefixes and suffixes,O.4,4,Words with re-,https://uk.ixl.com/english/year-10/words-with-re
Key Stage 4 (GCSE),Year 10,O,Prefixes and suffixes,O.5,5,Words with sub-,https://uk.ixl.com/english/year-10/words-with-sub
Key Stage 4 (GCSE),Year 10,O,Prefixes and suffixes,O.6,6,Words with mis-,https://uk.ixl.com/english/year-10/words-with-mis
Key Stage 4 (GCSE),Year 10,O,Prefixes and suffixes,O.7,7,"Words with un-, dis-, in-, im- and non-",https://uk.ixl.com/english/year-10/words-with-un-dis-in-im-and-non
Key Stage 4 (GCSE),Year 10,O,Prefixes and suffixes,O.8,8,Words with -ful,https://uk.ixl.com/english/year-10/words-with-ful
Key Stage 4 (GCSE),Year 10,O,Prefixes and suffixes,O.9,9,Words with -less,https://uk.ixl.com/english/year-10/words-with-less
Key Stage 4 (GCSE),Year 10,O,Prefixes and suffixes,O.10,10,Words with -able and -ible,https://uk.ixl.com/english/year-10/words-with-able-and-ible
Key Stage 4 (GCSE),Year 10,P,Greek and Latin roots,P.1,1,Sort words by shared Greek or Latin roots,https://uk.ixl.com/english/year-10/sort-words-by-shared-greek-or-latin-roots
Key Stage 4 (GCSE),Year 10,P,Greek and Latin roots,P.2,2,Use Greek and Latin roots as clues to the meanings of words,https://uk.ixl.com/english/year-10/use-greek-and-latin-roots-as-clues-to-the-meanings-of-words
Key Stage 4 (GCSE),Year 10,P,Greek and Latin roots,P.3,3,Use words as clues to the meanings of Greek and Latin roots,https://uk.ixl.com/english/year-10/use-words-as-clues-to-the-meanings-of-greek-and-latin-roots
Key Stage 4 (GCSE),Year 10,P,Greek and Latin roots,P.4,4,Determine the meanings of Greek and Latin roots,https://uk.ixl.com/english/year-10/determine-the-meanings-of-greek-and-latin-roots
Key Stage 4 (GCSE),Year 10,P,Greek and Latin roots,P.5,5,Determine the meanings of words with Greek and Latin roots,https://uk.ixl.com/english/year-10/determine-the-meanings-of-words-with-greek-and-latin-roots
Key Stage 4 (GCSE),Year 10,Q,Homophones,Q.1,1,Use the correct homophone,https://uk.ixl.com/english/year-10/use-the-correct-homophone
Key Stage 4 (GCSE),Year 10,Q,Homophones,Q.2,2,Identify and correct errors with homophones,https://uk.ixl.com/english/year-10/identify-and-correct-errors-with-homophones
Key Stage 4 (GCSE),Year 10,R,Foreign words and expressions,R.1,1,Use etymologies to determine the meanings of words,https://uk.ixl.com/english/year-10/use-etymologies-to-determine-the-meanings-of-words
Key Stage 4 (GCSE),Year 10,R,Foreign words and expressions,R.2,2,Use context as a clue to the meanings of foreign expressions,https://uk.ixl.com/english/year-10/use-context-as-a-clue-to-the-meanings-of-foreign-expressions
Key Stage 4 (GCSE),Year 10,R,Foreign words and expressions,R.3,3,Use the correct foreign expression,https://uk.ixl.com/english/year-10/use-the-correct-foreign-expression
Key Stage 4 (GCSE),Year 10,S,Word usage and nuance,S.1,1,Choose the word whose connotation and denotation best match the sentence,https://uk.ixl.com/english/year-10/choose-the-word-whose-connotation-and-denotation-best-match-the-sentence
Key Stage 4 (GCSE),Year 10,S,Word usage and nuance,S.2,2,Use words accurately and precisely,https://uk.ixl.com/english/year-10/use-words-accurately-and-precisely
Key Stage 4 (GCSE),Year 10,S,Word usage and nuance,S.3,3,Replace words using a thesaurus,https://uk.ixl.com/english/year-10/replace-words-using-a-thesaurus
Key Stage 4 (GCSE),Year 10,T,Analogies,T.1,1,Analogies,https://uk.ixl.com/english/year-10/analogies
Key Stage 4 (GCSE),Year 10,T,Analogies,T.2,2,Analogies: challenge,https://uk.ixl.com/english/year-10/analogies-challenge
Key Stage 4 (GCSE),Year 10,U,Context clues,U.1,1,Determine the meaning of words using synonyms in context,https://uk.ixl.com/english/year-10/determine-the-meaning-of-words-using-synonyms-in-context
Key Stage 4 (GCSE),Year 10,U,Context clues,U.2,2,Determine the meaning of words using antonyms in context,https://uk.ixl.com/english/year-10/determine-the-meaning-of-words-using-antonyms-in-context
Key Stage 4 (GCSE),Year 10,U,Context clues,U.3,3,Use context to identify the meaning of a word,https://uk.ixl.com/english/year-10/use-context-to-identify-the-meaning-of-a-word
Key Stage 4 (GCSE),Year 10,V,Reference skills,V.1,1,Use dictionary entries,https://uk.ixl.com/english/year-10/use-dictionary-entries
Key Stage 4 (GCSE),Year 10,V,Reference skills,V.2,2,Use dictionary definitions,https://uk.ixl.com/english/year-10/use-dictionary-definitions
Key Stage 4 (GCSE),Year 10,V,Reference skills,V.3,3,Use dictionary entries to determine correct usage,https://uk.ixl.com/english/year-10/use-dictionary-entries-to-determine-correct-usage
Key Stage 4 (GCSE),Year 10,V,Reference skills,V.4,4,Use thesaurus entries,https://uk.ixl.com/english/year-10/use-thesaurus-entries
Key Stage 4 (GCSE),Year 10,W,"Sentences, fragments and run-ons",W.1,1,"Is the sentence declarative, interrogative, imperative or exclamatory?",https://uk.ixl.com/english/year-10/is-the-sentence-declarative-interrogative-imperative-or-exclamatory
Key Stage 4 (GCSE),Year 10,W,"Sentences, fragments and run-ons",W.2,2,Identify sentence fragments,https://uk.ixl.com/english/year-10/identify-sentence-fragments
Key Stage 4 (GCSE),Year 10,W,"Sentences, fragments and run-ons",W.3,3,Identify run-on sentences,https://uk.ixl.com/english/year-10/identify-run-on-sentences
Key Stage 4 (GCSE),Year 10,W,"Sentences, fragments and run-ons",W.4,4,Choose punctuation to avoid fragments and run-ons,https://uk.ixl.com/english/year-10/choose-punctuation-to-avoid-fragments-and-run-ons
Key Stage 4 (GCSE),Year 10,X,Phrases and clauses,X.1,1,Is it a phrase or a clause?,https://uk.ixl.com/english/year-10/is-it-a-phrase-or-a-clause
Key Stage 4 (GCSE),Year 10,X,Phrases and clauses,X.2,2,Identify prepositional phrases,https://uk.ixl.com/english/year-10/identify-prepositional-phrases
Key Stage 4 (GCSE),Year 10,X,Phrases and clauses,X.3,3,Identify appositives and appositive phrases,https://uk.ixl.com/english/year-10/identify-appositives-and-appositive-phrases
Key Stage 4 (GCSE),Year 10,X,Phrases and clauses,X.4,4,Identify dependent and independent clauses,https://uk.ixl.com/english/year-10/identify-dependent-and-independent-clauses
Key Stage 4 (GCSE),Year 10,X,Phrases and clauses,X.5,5,"Is the sentence simple, compound, complex or compound-complex?",https://uk.ixl.com/english/year-10/is-the-sentence-simple-compound-complex-or-compound-complex
Key Stage 4 (GCSE),Year 10,X,Phrases and clauses,X.6,6,Combine sentences using relative clauses,https://uk.ixl.com/english/year-10/combine-sentences-using-relative-clauses
Key Stage 4 (GCSE),Year 10,Y,Nouns,Y.1,1,Form and use plurals: review,https://uk.ixl.com/english/year-10/form-and-use-plurals-review
Key Stage 4 (GCSE),Year 10,Y,Nouns,Y.2,2,Form and use plurals of compound nouns,https://uk.ixl.com/english/year-10/form-and-use-plurals-of-compound-nouns
Key Stage 4 (GCSE),Year 10,Z,Pronouns,Z.1,1,Identify and correct errors with subject and object pronouns,https://uk.ixl.com/english/year-10/identify-and-correct-errors-with-subject-and-object-pronouns
Key Stage 4 (GCSE),Year 10,Z,Pronouns,Z.2,2,Subject and object pronouns review,https://uk.ixl.com/english/year-10/subject-and-object-pronouns-review
Key Stage 4 (GCSE),Year 10,Z,Pronouns,Z.3,3,Pronouns after 'than' and 'as',https://uk.ixl.com/english/year-10/pronouns-after-than-and-as
Key Stage 4 (GCSE),Year 10,Z,Pronouns,Z.4,4,Identify and correct pronoun errors with 'who',https://uk.ixl.com/english/year-10/identify-and-correct-pronoun-errors-with-who
Key Stage 4 (GCSE),Year 10,Z,Pronouns,Z.5,5,Use relative pronouns: who and whom,https://uk.ixl.com/english/year-10/use-relative-pronouns-who-and-whom
Key Stage 4 (GCSE),Year 10,Z,Pronouns,Z.6,6,"Use relative pronouns: who, whom, whose, which and that",https://uk.ixl.com/english/year-10/use-relative-pronouns-who-whom-whose-which-and-that
Key Stage 4 (GCSE),Year 10,Z,Pronouns,Z.7,7,Identify vague pronoun references,https://uk.ixl.com/english/year-10/identify-vague-pronoun-references
Key Stage 4 (GCSE),Year 10,Z,Pronouns,Z.8,8,Identify all of the possible antecedents,https://uk.ixl.com/english/year-10/identify-all-of-the-possible-antecedents
Key Stage 4 (GCSE),Year 10,Z,Pronouns,Z.9,9,Correct inappropriate shifts in pronoun number and person,https://uk.ixl.com/english/year-10/correct-inappropriate-shifts-in-pronoun-number-and-person
Key Stage 4 (GCSE),Year 10,AA,Verb types,AA.1,1,Identify transitive and intransitive verbs,https://uk.ixl.com/english/year-10/identify-transitive-and-intransitive-verbs
Key Stage 4 (GCSE),Year 10,AA,Verb types,AA.2,2,"Identify linking verbs, predicate adjectives and predicate nouns",https://uk.ixl.com/english/year-10/identify-linking-verbs-predicate-adjectives-and-predicate-nouns
Key Stage 4 (GCSE),Year 10,AA,Verb types,AA.3,3,Identify participles and what they modify,https://uk.ixl.com/english/year-10/identify-participles-and-what-they-modify
Key Stage 4 (GCSE),Year 10,AA,Verb types,AA.4,4,Identify gerunds and their functions,https://uk.ixl.com/english/year-10/identify-gerunds-and-their-functions
Key Stage 4 (GCSE),Year 10,AA,Verb types,AA.5,5,Identify infinitives and infinitive phrases,https://uk.ixl.com/english/year-10/identify-infinitives-and-infinitive-phrases
Key Stage 4 (GCSE),Year 10,BB,Subject-verb agreement,BB.1,1,Identify and correct errors with subject-verb agreement,https://uk.ixl.com/english/year-10/identify-and-correct-errors-with-subject-verb-agreement
Key Stage 4 (GCSE),Year 10,BB,Subject-verb agreement,BB.2,2,Identify and correct errors with indefinite pronoun-verb agreement,https://uk.ixl.com/english/year-10/identify-and-correct-errors-with-indefinite-pronoun-verb-agreement
Key Stage 4 (GCSE),Year 10,BB,Subject-verb agreement,BB.3,3,Identify and correct verb agreement with compound subjects,https://uk.ixl.com/english/year-10/identify-and-correct-verb-agreement-with-compound-subjects
Key Stage 4 (GCSE),Year 10,CC,Verb tense,CC.1,1,Form the progressive verb tenses,https://uk.ixl.com/english/year-10/form-the-progressive-verb-tenses
Key Stage 4 (GCSE),Year 10,CC,Verb tense,CC.2,2,Form the perfect verb tenses,https://uk.ixl.com/english/year-10/form-the-perfect-verb-tenses
Key Stage 4 (GCSE),Year 10,CC,Verb tense,CC.3,3,Identify and correct inappropriate shifts in verb tense,https://uk.ixl.com/english/year-10/identify-and-correct-inappropriate-shifts-in-verb-tense
Key Stage 4 (GCSE),Year 10,DD,Adjectives and adverbs,DD.1,1,Form and use comparative and superlative adjectives,https://uk.ixl.com/english/year-10/form-and-use-comparative-and-superlative-adjectives
Key Stage 4 (GCSE),Year 10,DD,Adjectives and adverbs,DD.2,2,"Good, better, best, bad, worse and worst",https://uk.ixl.com/english/year-10/good-better-best-bad-worse-and-worst
Key Stage 4 (GCSE),Year 10,DD,Adjectives and adverbs,DD.3,3,Form and use comparative and superlative adverbs,https://uk.ixl.com/english/year-10/form-and-use-comparative-and-superlative-adverbs
Key Stage 4 (GCSE),Year 10,DD,Adjectives and adverbs,DD.4,4,"Well, better, best, badly, worse and worst",https://uk.ixl.com/english/year-10/well-better-best-badly-worse-and-worst
Key Stage 4 (GCSE),Year 10,EE,Conjunctions,EE.1,1,Use the correct pair of correlative conjunctions,https://uk.ixl.com/english/year-10/use-the-correct-pair-of-correlative-conjunctions
Key Stage 4 (GCSE),Year 10,FF,Misplaced modifiers,FF.1,1,Misplaced modifiers with pictures,https://uk.ixl.com/english/year-10/misplaced-modifiers-with-pictures
Key Stage 4 (GCSE),Year 10,FF,Misplaced modifiers,FF.2,2,Select the misplaced or dangling modifier,https://uk.ixl.com/english/year-10/select-the-misplaced-or-dangling-modifier
Key Stage 4 (GCSE),Year 10,FF,Misplaced modifiers,FF.3,3,Are the modifiers used correctly?,https://uk.ixl.com/english/year-10/are-the-modifiers-used-correctly
Key Stage 4 (GCSE),Year 10,GG,Restrictive and non-restrictive elements,GG.1,1,Commas with non-restrictive elements,https://uk.ixl.com/english/year-10/commas-with-non-restrictive-elements
Key Stage 4 (GCSE),Year 10,HH,Commas,HH.1,1,"Commas with direct addresses, introductory words, interjections, interrupters and antithetical phrases",https://uk.ixl.com/english/year-10/commas-with-direct-addresses-introductory-words-interjections-interrupters-and-antithetical-phrases
Key Stage 4 (GCSE),Year 10,HH,Commas,HH.2,2,Commas with compound and complex sentences,https://uk.ixl.com/english/year-10/commas-with-compound-and-complex-sentences
Key Stage 4 (GCSE),Year 10,HH,Commas,HH.3,3,Commas with coordinate adjectives,https://uk.ixl.com/english/year-10/commas-with-coordinate-adjectives
Key Stage 4 (GCSE),Year 10,II,"Semicolons, colons and commas",II.1,1,Use semicolons and commas to separate clauses,https://uk.ixl.com/english/year-10/use-semicolons-and-commas-to-separate-clauses
Key Stage 4 (GCSE),Year 10,II,"Semicolons, colons and commas",II.2,2,"Use semicolons, colons and commas with lists",https://uk.ixl.com/english/year-10/use-semicolons-colons-and-commas-with-lists
Key Stage 4 (GCSE),Year 10,II,"Semicolons, colons and commas",II.3,3,"Semicolons, colons and commas: review",https://uk.ixl.com/english/year-10/semicolons-colons-and-commas-review
Key Stage 4 (GCSE),Year 10,JJ,"Dashes, hyphens and ellipses",JJ.1,1,Use dashes,https://uk.ixl.com/english/year-10/use-dashes
Key Stage 4 (GCSE),Year 10,JJ,"Dashes, hyphens and ellipses",JJ.2,2,Use hyphens in compound adjectives,https://uk.ixl.com/english/year-10/use-hyphens-in-compound-adjectives
Key Stage 4 (GCSE),Year 10,JJ,"Dashes, hyphens and ellipses",JJ.3,3,Decide whether ellipses are used appropriately,https://uk.ixl.com/english/year-10/decide-whether-ellipses-are-used-appropriately
Key Stage 4 (GCSE),Year 10,KK,Apostrophes,KK.1,1,Identify and correct errors with plural and possessive nouns,https://uk.ixl.com/english/year-10/identify-and-correct-errors-with-plural-and-possessive-nouns
Key Stage 4 (GCSE),Year 10,KK,Apostrophes,KK.2,2,Identify and correct errors with compound and joint possession,https://uk.ixl.com/english/year-10/identify-and-correct-errors-with-compound-and-joint-possession
Key Stage 4 (GCSE),Year 10,LL,Capitalisation,LL.1,1,Correct capitalisation errors,https://uk.ixl.com/english/year-10/correct-capitalisation-errors
Key Stage 4 (GCSE),Year 10,MM,Formatting,MM.1,1,Capitalising titles,https://uk.ixl.com/english/year-10/capitalising-titles
Key Stage 4 (GCSE),Year 10,MM,Formatting,MM.2,2,Formatting titles,https://uk.ixl.com/english/year-10/formatting-titles
Key Stage 4 (GCSE),Year 10,MM,Formatting,MM.3,3,Formatting and capitalising titles: review,https://uk.ixl.com/english/year-10/formatting-and-capitalising-titles-review
Key Stage 4 (GCSE),Year 11,A,Main idea,A.1,1,Determine the main idea of a passage,https://uk.ixl.com/english/year-11/determine-the-main-idea-of-a-passage
Key Stage 4 (GCSE),Year 11,B,"Audience, purpose and tone",B.1,1,Which text is most formal?,https://uk.ixl.com/english/year-11/which-text-is-most-formal
Key Stage 4 (GCSE),Year 11,B,"Audience, purpose and tone",B.2,2,Compare passages for subjective and objective tone,https://uk.ixl.com/english/year-11/compare-passages-for-subjective-and-objective-tone
Key Stage 4 (GCSE),Year 11,B,"Audience, purpose and tone",B.3,3,Identify audience and purpose,https://uk.ixl.com/english/year-11/identify-audience-and-purpose
Key Stage 4 (GCSE),Year 11,B,"Audience, purpose and tone",B.4,4,Compare passages for tone,https://uk.ixl.com/english/year-11/compare-passages-for-tone
Key Stage 4 (GCSE),Year 11,C,Literary devices,C.1,1,Identify the narrative point of view,https://uk.ixl.com/english/year-11/identify-the-narrative-point-of-view
Key Stage 4 (GCSE),Year 11,C,Literary devices,C.2,2,Interpret the meaning of an allusion from its source,https://uk.ixl.com/english/year-11/interpret-the-meaning-of-an-allusion-from-its-source
Key Stage 4 (GCSE),Year 11,C,Literary devices,C.3,3,Recall the source of an allusion,https://uk.ixl.com/english/year-11/recall-the-source-of-an-allusion
Key Stage 4 (GCSE),Year 11,C,Literary devices,C.4,4,Interpret figures of speech,https://uk.ixl.com/english/year-11/interpret-figures-of-speech
Key Stage 4 (GCSE),Year 11,C,Literary devices,C.5,5,"Classify figures of speech: euphemism, hyperbole, oxymoron, paradox",https://uk.ixl.com/english/year-11/classify-figures-of-speech-euphemism-hyperbole-oxymoron-paradox
Key Stage 4 (GCSE),Year 11,C,Literary devices,C.6,6,Classify figures of speech: review,https://uk.ixl.com/english/year-11/classify-figures-of-speech-review
Key Stage 4 (GCSE),Year 11,C,Literary devices,C.7,7,Analyse the effects of figures of speech on meaning and tone,https://uk.ixl.com/english/year-11/analyse-the-effects-of-figures-of-speech-on-meaning-and-tone
Key Stage 4 (GCSE),Year 11,D,Analysing literature,D.1,1,Analyse short stories: set 1,https://uk.ixl.com/english/year-11/analyse-short-stories-set-1
Key Stage 4 (GCSE),Year 11,D,Analysing literature,D.2,2,Analyse short stories: set 2,https://uk.ixl.com/english/year-11/analyse-short-stories-set-2
Key Stage 4 (GCSE),Year 11,E,Analysing informational texts,E.1,1,Analyse the development of informational passages: set 1,https://uk.ixl.com/english/year-11/analyse-the-development-of-informational-passages-set-1
Key Stage 4 (GCSE),Year 11,E,Analysing informational texts,E.2,2,Analyse the development of informational passages: set 2,https://uk.ixl.com/english/year-11/analyse-the-development-of-informational-passages-set-2
Key Stage 4 (GCSE),Year 11,E,Analysing informational texts,E.3,3,Trace an argument: set 1,https://uk.ixl.com/english/year-11/trace-an-argument-set-1
Key Stage 4 (GCSE),Year 11,E,Analysing informational texts,E.4,4,Trace an argument: set 2,https://uk.ixl.com/english/year-11/trace-an-argument-set-2
Key Stage 4 (GCSE),Year 11,E,Analysing informational texts,E.5,5,Analyse rhetorical strategies in historical texts: set 1,https://uk.ixl.com/english/year-11/analyse-rhetorical-strategies-in-historical-texts-set-1
Key Stage 4 (GCSE),Year 11,E,Analysing informational texts,E.6,6,Analyse rhetorical strategies in historical texts: set 2,https://uk.ixl.com/english/year-11/analyse-rhetorical-strategies-in-historical-texts-set-2
Key Stage 4 (GCSE),Year 11,F,Organising writing,F.1,1,Order topics from broadest to narrowest,https://uk.ixl.com/english/year-11/order-topics-from-broadest-to-narrowest
Key Stage 4 (GCSE),Year 11,F,Organising writing,F.2,2,Organise information by topic,https://uk.ixl.com/english/year-11/organise-information-by-topic
Key Stage 4 (GCSE),Year 11,G,Topic sentences,G.1,1,Choose the topic sentence that best captures the main idea,https://uk.ixl.com/english/year-11/choose-the-topic-sentence-that-best-captures-the-main-idea
Key Stage 4 (GCSE),Year 11,H,Developing and supporting arguments,H.1,1,Distinguish facts from opinions,https://uk.ixl.com/english/year-11/distinguish-facts-from-opinions
Key Stage 4 (GCSE),Year 11,H,Developing and supporting arguments,H.2,2,Identify stronger and weaker evidence to support a claim,https://uk.ixl.com/english/year-11/identify-stronger-and-weaker-evidence-to-support-a-claim
Key Stage 4 (GCSE),Year 11,H,Developing and supporting arguments,H.3,3,Choose the best evidence to support a claim,https://uk.ixl.com/english/year-11/choose-the-best-evidence-to-support-a-claim
Key Stage 4 (GCSE),Year 11,H,Developing and supporting arguments,H.4,4,Identify supporting evidence in a text,https://uk.ixl.com/english/year-11/identify-supporting-evidence-in-a-text
Key Stage 4 (GCSE),Year 11,H,Developing and supporting arguments,H.5,5,Evaluate counterclaims,https://uk.ixl.com/english/year-11/evaluate-counterclaims
Key Stage 4 (GCSE),Year 11,H,Developing and supporting arguments,H.6,6,Choose the analysis that logically connects the evidence to the claim,https://uk.ixl.com/english/year-11/choose-the-analysis-that-logically-connects-the-evidence-to-the-claim
Key Stage 4 (GCSE),Year 11,H,Developing and supporting arguments,H.7,7,"Transition logically between claims, evidence, analysis and counterclaims",https://uk.ixl.com/english/year-11/transition-logically-between-claims-evidence-analysis-and-counterclaims
Key Stage 4 (GCSE),Year 11,I,Persuasive strategies,I.1,1,"Identify appeals to ethos, pathos and logos in advertisements",https://uk.ixl.com/english/year-11/identify-appeals-to-ethos-pathos-and-logos-in-advertisements
Key Stage 4 (GCSE),Year 11,I,Persuasive strategies,I.2,2,"Use appeals to ethos, pathos and logos in persuasive writing",https://uk.ixl.com/english/year-11/use-appeals-to-ethos-pathos-and-logos-in-persuasive-writing
Key Stage 4 (GCSE),Year 11,J,Creative techniques,J.1,1,Use personification,https://uk.ixl.com/english/year-11/use-personification
Key Stage 4 (GCSE),Year 11,K,Writing clearly and concisely,K.1,1,Transitions with conjunctive adverbs,https://uk.ixl.com/english/year-11/transitions-with-conjunctive-adverbs
Key Stage 4 (GCSE),Year 11,K,Writing clearly and concisely,K.2,2,"Avoid double, illogical and unclear comparisons",https://uk.ixl.com/english/year-11/avoid-double-illogical-and-unclear-comparisons
Key Stage 4 (GCSE),Year 11,K,Writing clearly and concisely,K.3,3,Identify sentences with parallel structure,https://uk.ixl.com/english/year-11/identify-sentences-with-parallel-structure
Key Stage 4 (GCSE),Year 11,K,Writing clearly and concisely,K.4,4,Use parallel structure,https://uk.ixl.com/english/year-11/use-parallel-structure
Key Stage 4 (GCSE),Year 11,K,Writing clearly and concisely,K.5,5,Remove redundant words or phrases,https://uk.ixl.com/english/year-11/remove-redundant-words-or-phrases
Key Stage 4 (GCSE),Year 11,L,Active and passive voice,L.1,1,Identify active and passive voice,https://uk.ixl.com/english/year-11/identify-active-and-passive-voice
Key Stage 4 (GCSE),Year 11,L,Active and passive voice,L.2,2,Rewrite the sentence in active voice,https://uk.ixl.com/english/year-11/rewrite-the-sentence-in-active-voice
Key Stage 4 (GCSE),Year 11,M,Editing and revising,M.1,1,Use the correct frequently confused word,https://uk.ixl.com/english/year-11/use-the-correct-frequently-confused-word
Key Stage 4 (GCSE),Year 11,M,Editing and revising,M.2,2,Identify and correct errors with frequently confused words,https://uk.ixl.com/english/year-11/identify-and-correct-errors-with-frequently-confused-words
Key Stage 4 (GCSE),Year 11,M,Editing and revising,M.3,3,Identify and correct errors with frequently confused pronouns and contractions,https://uk.ixl.com/english/year-11/identify-and-correct-errors-with-frequently-confused-pronouns-and-contractions
Key Stage 4 (GCSE),Year 11,M,Editing and revising,M.4,4,Correct errors with commonly misspelled words,https://uk.ixl.com/english/year-11/correct-errors-with-commonly-misspelled-words
Key Stage 4 (GCSE),Year 11,M,Editing and revising,M.5,5,Correct errors in everyday use,https://uk.ixl.com/english/year-11/correct-errors-in-everyday-use
Key Stage 4 (GCSE),Year 11,M,Editing and revising,M.6,6,Suggest appropriate revisions,https://uk.ixl.com/english/year-11/suggest-appropriate-revisions
Key Stage 4 (GCSE),Year 11,N,Research skills,N.1,1,Identify plagiarism,https://uk.ixl.com/english/year-11/identify-plagiarism
Key Stage 4 (GCSE),Year 11,O,Prefixes and suffixes,O.1,1,Word pattern analogies,https://uk.ixl.com/english/year-11/word-pattern-analogies
Key Stage 4 (GCSE),Year 11,O,Prefixes and suffixes,O.2,2,Word pattern sentences,https://uk.ixl.com/english/year-11/word-pattern-sentences
Key Stage 4 (GCSE),Year 11,O,Prefixes and suffixes,O.3,3,Words with pre-,https://uk.ixl.com/english/year-11/words-with-pre
Key Stage 4 (GCSE),Year 11,O,Prefixes and suffixes,O.4,4,Words with re-,https://uk.ixl.com/english/year-11/words-with-re
Key Stage 4 (GCSE),Year 11,O,Prefixes and suffixes,O.5,5,Words with sub-,https://uk.ixl.com/english/year-11/words-with-sub
Key Stage 4 (GCSE),Year 11,O,Prefixes and suffixes,O.6,6,Words with mis-,https://uk.ixl.com/english/year-11/words-with-mis
Key Stage 4 (GCSE),Year 11,O,Prefixes and suffixes,O.7,7,"Words with un-, dis-, in-, im- and non-",https://uk.ixl.com/english/year-11/words-with-un-dis-in-im-and-non
Key Stage 4 (GCSE),Year 11,O,Prefixes and suffixes,O.8,8,Words with -ful,https://uk.ixl.com/english/year-11/words-with-ful
Key Stage 4 (GCSE),Year 11,O,Prefixes and suffixes,O.9,9,Words with -less,https://uk.ixl.com/english/year-11/words-with-less
Key Stage 4 (GCSE),Year 11,O,Prefixes and suffixes,O.10,10,Words with -able and -ible,https://uk.ixl.com/english/year-11/words-with-able-and-ible
Key Stage 4 (GCSE),Year 11,P,Greek and Latin roots,P.1,1,Sort words by shared Greek or Latin roots,https://uk.ixl.com/english/year-11/sort-words-by-shared-greek-or-latin-roots
Key Stage 4 (GCSE),Year 11,P,Greek and Latin roots,P.2,2,Use Greek and Latin roots as clues to the meanings of words,https://uk.ixl.com/english/year-11/use-greek-and-latin-roots-as-clues-to-the-meanings-of-words
Key Stage 4 (GCSE),Year 11,P,Greek and Latin roots,P.3,3,Use words as clues to the meanings of Greek and Latin roots,https://uk.ixl.com/english/year-11/use-words-as-clues-to-the-meanings-of-greek-and-latin-roots
Key Stage 4 (GCSE),Year 11,P,Greek and Latin roots,P.4,4,Determine the meanings of Greek and Latin roots,https://uk.ixl.com/english/year-11/determine-the-meanings-of-greek-and-latin-roots
Key Stage 4 (GCSE),Year 11,P,Greek and Latin roots,P.5,5,Determine the meanings of words with Greek and Latin roots,https://uk.ixl.com/english/year-11/determine-the-meanings-of-words-with-greek-and-latin-roots
Key Stage 4 (GCSE),Year 11,Q,Homophones,Q.1,1,Use the correct homophone,https://uk.ixl.com/english/year-11/use-the-correct-homophone
Key Stage 4 (GCSE),Year 11,Q,Homophones,Q.2,2,Identify and correct errors with homophones,https://uk.ixl.com/english/year-11/identify-and-correct-errors-with-homophones
Key Stage 4 (GCSE),Year 11,R,Foreign words and expressions,R.1,1,Use etymologies to determine the meanings of words,https://uk.ixl.com/english/year-11/use-etymologies-to-determine-the-meanings-of-words
Key Stage 4 (GCSE),Year 11,R,Foreign words and expressions,R.2,2,Use context as a clue to the meanings of foreign expressions,https://uk.ixl.com/english/year-11/use-context-as-a-clue-to-the-meanings-of-foreign-expressions
Key Stage 4 (GCSE),Year 11,R,Foreign words and expressions,R.3,3,Use the correct foreign expression,https://uk.ixl.com/english/year-11/use-the-correct-foreign-expression
Key Stage 4 (GCSE),Year 11,S,Word usage and nuance,S.1,1,Choose the word whose connotation and denotation best match the sentence,https://uk.ixl.com/english/year-11/choose-the-word-whose-connotation-and-denotation-best-match-the-sentence
Key Stage 4 (GCSE),Year 11,S,Word usage and nuance,S.2,2,Use words accurately and precisely,https://uk.ixl.com/english/year-11/use-words-accurately-and-precisely
Key Stage 4 (GCSE),Year 11,S,Word usage and nuance,S.3,3,Replace words using a thesaurus,https://uk.ixl.com/english/year-11/replace-words-using-a-thesaurus
Key Stage 4 (GCSE),Year 11,T,Analogies,T.1,1,Analogies,https://uk.ixl.com/english/year-11/analogies
Key Stage 4 (GCSE),Year 11,T,Analogies,T.2,2,Analogies: challenge,https://uk.ixl.com/english/year-11/analogies-challenge
Key Stage 4 (GCSE),Year 11,U,Context clues,U.1,1,Determine the meaning of words using synonyms in context,https://uk.ixl.com/english/year-11/determine-the-meaning-of-words-using-synonyms-in-context
Key Stage 4 (GCSE),Year 11,U,Context clues,U.2,2,Determine the meaning of words using antonyms in context,https://uk.ixl.com/english/year-11/determine-the-meaning-of-words-using-antonyms-in-context
Key Stage 4 (GCSE),Year 11,U,Context clues,U.3,3,Use context to identify the meaning of a word,https://uk.ixl.com/english/year-11/use-context-to-identify-the-meaning-of-a-word
Key Stage 4 (GCSE),Year 11,V,Reference skills,V.1,1,Use dictionary entries,https://uk.ixl.com/english/year-11/use-dictionary-entries
Key Stage 4 (GCSE),Year 11,V,Reference skills,V.2,2,Use dictionary definitions,https://uk.ixl.com/english/year-11/use-dictionary-definitions
Key Stage 4 (GCSE),Year 11,V,Reference skills,V.3,3,Use dictionary entries to determine correct usage,https://uk.ixl.com/english/year-11/use-dictionary-entries-to-determine-correct-usage
Key Stage 4 (GCSE),Year 11,V,Reference skills,V.4,4,Use thesaurus entries,https://uk.ixl.com/english/year-11/use-thesaurus-entries
Key Stage 4 (GCSE),Year 11,W,"Sentences, fragments and run-ons",W.1,1,"Is the sentence declarative, interrogative, imperative or exclamatory?",https://uk.ixl.com/english/year-11/is-the-sentence-declarative-interrogative-imperative-or-exclamatory
Key Stage 4 (GCSE),Year 11,W,"Sentences, fragments and run-ons",W.2,2,Identify sentence fragments,https://uk.ixl.com/english/year-11/identify-sentence-fragments
Key Stage 4 (GCSE),Year 11,W,"Sentences, fragments and run-ons",W.3,3,Identify run-on sentences,https://uk.ixl.com/english/year-11/identify-run-on-sentences
Key Stage 4 (GCSE),Year 11,W,"Sentences, fragments and run-ons",W.4,4,Choose punctuation to avoid fragments and run-ons,https://uk.ixl.com/english/year-11/choose-punctuation-to-avoid-fragments-and-run-ons
Key Stage 4 (GCSE),Year 11,X,Phrases and clauses,X.1,1,Is it a phrase or a clause?,https://uk.ixl.com/english/year-11/is-it-a-phrase-or-a-clause
Key Stage 4 (GCSE),Year 11,X,Phrases and clauses,X.2,2,Identify prepositional phrases,https://uk.ixl.com/english/year-11/identify-prepositional-phrases
Key Stage 4 (GCSE),Year 11,X,Phrases and clauses,X.3,3,Identify appositives and appositive phrases,https://uk.ixl.com/english/year-11/identify-appositives-and-appositive-phrases
Key Stage 4 (GCSE),Year 11,X,Phrases and clauses,X.4,4,Identify dependent and independent clauses,https://uk.ixl.com/english/year-11/identify-dependent-and-independent-clauses
Key Stage 4 (GCSE),Year 11,X,Phrases and clauses,X.5,5,"Is the sentence simple, compound, complex or compound-complex?",https://uk.ixl.com/english/year-11/is-the-sentence-simple-compound-complex-or-compound-complex
Key Stage 4 (GCSE),Year 11,X,Phrases and clauses,X.6,6,Combine sentences using relative clauses,https://uk.ixl.com/english/year-11/combine-sentences-using-relative-clauses
Key Stage 4 (GCSE),Year 11,Y,Nouns,Y.1,1,Form and use plurals: review,https://uk.ixl.com/english/year-11/form-and-use-plurals-review
Key Stage 4 (GCSE),Year 11,Y,Nouns,Y.2,2,Form and use plurals of compound nouns,https://uk.ixl.com/english/year-11/form-and-use-plurals-of-compound-nouns
Key Stage 4 (GCSE),Year 11,Z,Pronouns,Z.1,1,Identify and correct errors with subject and object pronouns,https://uk.ixl.com/english/year-11/identify-and-correct-errors-with-subject-and-object-pronouns
Key Stage 4 (GCSE),Year 11,Z,Pronouns,Z.2,2,Subject and object pronouns review,https://uk.ixl.com/english/year-11/subject-and-object-pronouns-review
Key Stage 4 (GCSE),Year 11,Z,Pronouns,Z.3,3,Pronouns after 'than' and 'as',https://uk.ixl.com/english/year-11/pronouns-after-than-and-as
Key Stage 4 (GCSE),Year 11,Z,Pronouns,Z.4,4,Identify and correct pronoun errors with 'who',https://uk.ixl.com/english/year-11/identify-and-correct-pronoun-errors-with-who
Key Stage 4 (GCSE),Year 11,Z,Pronouns,Z.5,5,Use relative pronouns: who and whom,https://uk.ixl.com/english/year-11/use-relative-pronouns-who-and-whom
Key Stage 4 (GCSE),Year 11,Z,Pronouns,Z.6,6,"Use relative pronouns: who, whom, whose, which and that",https://uk.ixl.com/english/year-11/use-relative-pronouns-who-whom-whose-which-and-that
Key Stage 4 (GCSE),Year 11,Z,Pronouns,Z.7,7,Identify vague pronoun references,https://uk.ixl.com/english/year-11/identify-vague-pronoun-references
Key Stage 4 (GCSE),Year 11,Z,Pronouns,Z.8,8,Identify all of the possible antecedents,https://uk.ixl.com/english/year-11/identify-all-of-the-possible-antecedents
Key Stage 4 (GCSE),Year 11,Z,Pronouns,Z.9,9,Correct inappropriate shifts in pronoun number and person,https://uk.ixl.com/english/year-11/correct-inappropriate-shifts-in-pronoun-number-and-person
Key Stage 4 (GCSE),Year 11,AA,Verb types,AA.1,1,Identify transitive and intransitive verbs,https://uk.ixl.com/english/year-11/identify-transitive-and-intransitive-verbs
Key Stage 4 (GCSE),Year 11,AA,Verb types,AA.2,2,"Identify linking verbs, predicate adjectives and predicate nouns",https://uk.ixl.com/english/year-11/identify-linking-verbs-predicate-adjectives-and-predicate-nouns
Key Stage 4 (GCSE),Year 11,AA,Verb types,AA.3,3,Identify participles and what they modify,https://uk.ixl.com/english/year-11/identify-participles-and-what-they-modify
Key Stage 4 (GCSE),Year 11,AA,Verb types,AA.4,4,Identify gerunds and their functions,https://uk.ixl.com/english/year-11/identify-gerunds-and-their-functions
Key Stage 4 (GCSE),Year 11,AA,Verb types,AA.5,5,Identify infinitives and infinitive phrases,https://uk.ixl.com/english/year-11/identify-infinitives-and-infinitive-phrases
Key Stage 4 (GCSE),Year 11,BB,Subject-verb agreement,BB.1,1,Identify and correct errors with subject-verb agreement,https://uk.ixl.com/english/year-11/identify-and-correct-errors-with-subject-verb-agreement
Key Stage 4 (GCSE),Year 11,BB,Subject-verb agreement,BB.2,2,Identify and correct errors with indefinite pronoun-verb agreement,https://uk.ixl.com/english/year-11/identify-and-correct-errors-with-indefinite-pronoun-verb-agreement
Key Stage 4 (GCSE),Year 11,BB,Subject-verb agreement,BB.3,3,Identify and correct verb agreement with compound subjects,https://uk.ixl.com/english/year-11/identify-and-correct-verb-agreement-with-compound-subjects
Key Stage 4 (GCSE),Year 11,CC,Verb tense,CC.1,1,Form the progressive verb tenses,https://uk.ixl.com/english/year-11/form-the-progressive-verb-tenses
Key Stage 4 (GCSE),Year 11,CC,Verb tense,CC.2,2,Form the perfect verb tenses,https://uk.ixl.com/english/year-11/form-the-perfect-verb-tenses
Key Stage 4 (GCSE),Year 11,CC,Verb tense,CC.3,3,Identify and correct inappropriate shifts in verb tense,https://uk.ixl.com/english/year-11/identify-and-correct-inappropriate-shifts-in-verb-tense
Key Stage 4 (GCSE),Year 11,DD,Adjectives and adverbs,DD.1,1,Form and use comparative and superlative adjectives,https://uk.ixl.com/english/year-11/form-and-use-comparative-and-superlative-adjectives
Key Stage 4 (GCSE),Year 11,DD,Adjectives and adverbs,DD.2,2,"Good, better, best, bad, worse and worst",https://uk.ixl.com/english/year-11/good-better-best-bad-worse-and-worst
Key Stage 4 (GCSE),Year 11,DD,Adjectives and adverbs,DD.3,3,Form and use comparative and superlative adverbs,https://uk.ixl.com/english/year-11/form-and-use-comparative-and-superlative-adverbs
Key Stage 4 (GCSE),Year 11,DD,Adjectives and adverbs,DD.4,4,"Well, better, best, badly, worse and worst",https://uk.ixl.com/english/year-11/well-better-best-badly-worse-and-worst
Key Stage 4 (GCSE),Year 11,EE,Conjunctions,EE.1,1,Use the correct pair of correlative conjunctions,https://uk.ixl.com/english/year-11/use-the-correct-pair-of-correlative-conjunctions
Key Stage 4 (GCSE),Year 11,FF,Misplaced modifiers,FF.1,1,Misplaced modifiers with pictures,https://uk.ixl.com/english/year-11/misplaced-modifiers-with-pictures
Key Stage 4 (GCSE),Year 11,FF,Misplaced modifiers,FF.2,2,Select the misplaced or dangling modifier,https://uk.ixl.com/english/year-11/select-the-misplaced-or-dangling-modifier
Key Stage 4 (GCSE),Year 11,FF,Misplaced modifiers,FF.3,3,Are the modifiers used correctly?,https://uk.ixl.com/english/year-11/are-the-modifiers-used-correctly
Key Stage 4 (GCSE),Year 11,GG,Restrictive and non-restrictive elements,GG.1,1,Commas with non-restrictive elements,https://uk.ixl.com/english/year-11/commas-with-non-restrictive-elements
Key Stage 4 (GCSE),Year 11,HH,Commas,HH.1,1,"Commas with direct addresses, introductory words, interjections, interrupters and antithetical phrases",https://uk.ixl.com/english/year-11/commas-with-direct-addresses-introductory-words-interjections-interrupters-and-antithetical-phrases
Key Stage 4 (GCSE),Year 11,HH,Commas,HH.2,2,Commas with compound and complex sentences,https://uk.ixl.com/english/year-11/commas-with-compound-and-complex-sentences
Key Stage 4 (GCSE),Year 11,HH,Commas,HH.3,3,Commas with coordinate adjectives,https://uk.ixl.com/english/year-11/commas-with-coordinate-adjectives
Key Stage 4 (GCSE),Year 11,II,"Semicolons, colons and commas",II.1,1,Use semicolons and commas to separate clauses,https://uk.ixl.com/english/year-11/use-semicolons-and-commas-to-separate-clauses
Key Stage 4 (GCSE),Year 11,II,"Semicolons, colons and commas",II.2,2,"Use semicolons, colons and commas with lists",https://uk.ixl.com/english/year-11/use-semicolons-colons-and-commas-with-lists
Key Stage 4 (GCSE),Year 11,II,"Semicolons, colons and commas",II.3,3,"Semicolons, colons and commas: review",https://uk.ixl.com/english/year-11/semicolons-colons-and-commas-review
Key Stage 4 (GCSE),Year 11,JJ,"Dashes, hyphens and ellipses",JJ.1,1,Use dashes,https://uk.ixl.com/english/year-11/use-dashes
Key Stage 4 (GCSE),Year 11,JJ,"Dashes, hyphens and ellipses",JJ.2,2,Use hyphens in compound adjectives,https://uk.ixl.com/english/year-11/use-hyphens-in-compound-adjectives
Key Stage 4 (GCSE),Year 11,JJ,"Dashes, hyphens and ellipses",JJ.3,3,Decide whether ellipses are used appropriately,https://uk.ixl.com/english/year-11/decide-whether-ellipses-are-used-appropriately
Key Stage 4 (GCSE),Year 11,KK,Apostrophes,KK.1,1,Identify and correct errors with plural and possessive nouns,https://uk.ixl.com/english/year-11/identify-and-correct-errors-with-plural-and-possessive-nouns
Key Stage 4 (GCSE),Year 11,KK,Apostrophes,KK.2,2,Identify and correct errors with compound and joint possession,https://uk.ixl.com/english/year-11/identify-and-correct-errors-with-compound-and-joint-possession
Key Stage 4 (GCSE),Year 11,LL,Capitalisation,LL.1,1,Correct capitalisation errors,https://uk.ixl.com/english/year-11/correct-capitalisation-errors
Sixth Form / A-Levels,Year 12,A,Main idea,A.1,1,Determine the main idea of a passage,https://uk.ixl.com/english/year-12/determine-the-main-idea-of-a-passage
Sixth Form / A-Levels,Year 12,B,"Audience, purpose and tone",B.1,1,Which text is most formal?,https://uk.ixl.com/english/year-12/which-text-is-most-formal
Sixth Form / A-Levels,Year 12,B,"Audience, purpose and tone",B.2,2,Compare passages for subjective and objective tone,https://uk.ixl.com/english/year-12/compare-passages-for-subjective-and-objective-tone
Sixth Form / A-Levels,Year 12,B,"Audience, purpose and tone",B.3,3,Identify audience and purpose,https://uk.ixl.com/english/year-12/identify-audience-and-purpose
Sixth Form / A-Levels,Year 12,B,"Audience, purpose and tone",B.4,4,Compare passages for tone,https://uk.ixl.com/english/year-12/compare-passages-for-tone
Sixth Form / A-Levels,Year 12,C,Literary devices,C.1,1,Identify the narrative point of view,https://uk.ixl.com/english/year-12/identify-the-narrative-point-of-view
Sixth Form / A-Levels,Year 12,C,Literary devices,C.2,2,Interpret the meaning of an allusion from its source,https://uk.ixl.com/english/year-12/interpret-the-meaning-of-an-allusion-from-its-source
Sixth Form / A-Levels,Year 12,C,Literary devices,C.3,3,Recall the source of an allusion,https://uk.ixl.com/english/year-12/recall-the-source-of-an-allusion
Sixth Form / A-Levels,Year 12,C,Literary devices,C.4,4,Interpret the figure of speech,https://uk.ixl.com/english/year-12/interpret-the-figure-of-speech
Sixth Form / A-Levels,Year 12,C,Literary devices,C.5,5,"Classify the figure of speech: euphemism, hyperbole, oxymoron, paradox",https://uk.ixl.com/english/year-12/classify-the-figure-of-speech-euphemism-hyperbole-oxymoron-paradox
Sixth Form / A-Levels,Year 12,C,Literary devices,C.6,6,"Classify the figure of speech: anaphora, antithesis, apostrophe, assonance, chiasmus, understatement",https://uk.ixl.com/english/year-12/classify-the-figure-of-speech-anaphora-antithesis-apostrophe-assonance-chiasmus-understatement
Sixth Form / A-Levels,Year 12,C,Literary devices,C.7,7,Classify the figure of speech: review,https://uk.ixl.com/english/year-12/classify-the-figure-of-speech-review
Sixth Form / A-Levels,Year 12,C,Literary devices,C.8,8,Analyse the effects of figures of speech on meaning and tone,https://uk.ixl.com/english/year-12/analyse-the-effects-of-figures-of-speech-on-meaning-and-tone
Sixth Form / A-Levels,Year 12,D,Analysing literature,D.1,1,Analyse short stories: set 1,https://uk.ixl.com/english/year-12/analyse-short-stories-set-1
Sixth Form / A-Levels,Year 12,D,Analysing literature,D.2,2,Analyse short stories: set 2,https://uk.ixl.com/english/year-12/analyse-short-stories-set-2
Sixth Form / A-Levels,Year 12,E,Analysing informational texts,E.1,1,Analyse the development of informational passages: set 1,https://uk.ixl.com/english/year-12/analyse-the-development-of-informational-passages-set-1
Sixth Form / A-Levels,Year 12,E,Analysing informational texts,E.2,2,Analyse the development of informational passages: set 2,https://uk.ixl.com/english/year-12/analyse-the-development-of-informational-passages-set-2
Sixth Form / A-Levels,Year 12,E,Analysing informational texts,E.3,3,Trace an argument: set 1,https://uk.ixl.com/english/year-12/trace-an-argument-set-1
Sixth Form / A-Levels,Year 12,E,Analysing informational texts,E.4,4,Trace an argument: set 2,https://uk.ixl.com/english/year-12/trace-an-argument-set-2
Sixth Form / A-Levels,Year 12,E,Analysing informational texts,E.5,5,Analyse rhetorical strategies in historical texts: set 1,https://uk.ixl.com/english/year-12/analyse-rhetorical-strategies-in-historical-texts-set-1
Sixth Form / A-Levels,Year 12,E,Analysing informational texts,E.6,6,Analyse rhetorical strategies in historical texts: set 2,https://uk.ixl.com/english/year-12/analyse-rhetorical-strategies-in-historical-texts-set-2
Sixth Form / A-Levels,Year 12,F,Organising writing,F.1,1,Order topics from broadest to narrowest,https://uk.ixl.com/english/year-12/order-topics-from-broadest-to-narrowest
Sixth Form / A-Levels,Year 12,F,Organising writing,F.2,2,Organise information by topic,https://uk.ixl.com/english/year-12/organise-information-by-topic
Sixth Form / A-Levels,Year 12,G,Topic sentences,G.1,1,Choose the topic sentence that best captures the main idea,https://uk.ixl.com/english/year-12/choose-the-topic-sentence-that-best-captures-the-main-idea
Sixth Form / A-Levels,Year 12,H,Developing and supporting arguments,H.1,1,Distinguish facts from opinions,https://uk.ixl.com/english/year-12/distinguish-facts-from-opinions
Sixth Form / A-Levels,Year 12,H,Developing and supporting arguments,H.2,2,Identify stronger and weaker evidence to support a claim,https://uk.ixl.com/english/year-12/identify-stronger-and-weaker-evidence-to-support-a-claim
Sixth Form / A-Levels,Year 12,H,Developing and supporting arguments,H.3,3,Choose the best evidence to support a claim,https://uk.ixl.com/english/year-12/choose-the-best-evidence-to-support-a-claim
Sixth Form / A-Levels,Year 12,H,Developing and supporting arguments,H.4,4,Identify supporting evidence in a text,https://uk.ixl.com/english/year-12/identify-supporting-evidence-in-a-text
Sixth Form / A-Levels,Year 12,H,Developing and supporting arguments,H.5,5,Evaluate counterclaims,https://uk.ixl.com/english/year-12/evaluate-counterclaims
Sixth Form / A-Levels,Year 12,H,Developing and supporting arguments,H.6,6,Choose the analysis that logically connects the evidence to the claim,https://uk.ixl.com/english/year-12/choose-the-analysis-that-logically-connects-the-evidence-to-the-claim
Sixth Form / A-Levels,Year 12,H,Developing and supporting arguments,H.7,7,"Transition logically between claims, evidence, analysis and counterclaims",https://uk.ixl.com/english/year-12/transition-logically-between-claims-evidence-analysis-and-counterclaims
Sixth Form / A-Levels,Year 12,I,Persuasive strategies,I.1,1,"Identify appeals to ethos, pathos and logos in advertisements",https://uk.ixl.com/english/year-12/identify-appeals-to-ethos-pathos-and-logos-in-advertisements
Sixth Form / A-Levels,Year 12,I,Persuasive strategies,I.2,2,"Use appeals to ethos, pathos and logos in persuasive writing",https://uk.ixl.com/english/year-12/use-appeals-to-ethos-pathos-and-logos-in-persuasive-writing
Sixth Form / A-Levels,Year 12,J,Writing clearly and concisely,J.1,1,Transitions with conjunctive adverbs,https://uk.ixl.com/english/year-12/transitions-with-conjunctive-adverbs
Sixth Form / A-Levels,Year 12,J,Writing clearly and concisely,J.2,2,"Avoid double, illogical and unclear comparisons",https://uk.ixl.com/english/year-12/avoid-double-illogical-and-unclear-comparisons
Sixth Form / A-Levels,Year 12,J,Writing clearly and concisely,J.3,3,Identify sentences with parallel structure,https://uk.ixl.com/english/year-12/identify-sentences-with-parallel-structure
Sixth Form / A-Levels,Year 12,J,Writing clearly and concisely,J.4,4,Use parallel structure,https://uk.ixl.com/english/year-12/use-parallel-structure
Sixth Form / A-Levels,Year 12,J,Writing clearly and concisely,J.5,5,Remove redundant words or phrases,https://uk.ixl.com/english/year-12/remove-redundant-words-or-phrases
Sixth Form / A-Levels,Year 12,K,Editing and revising,K.1,1,Use the correct frequently confused word,https://uk.ixl.com/english/year-12/use-the-correct-frequently-confused-word
Sixth Form / A-Levels,Year 12,K,Editing and revising,K.2,2,Identify and correct errors with frequently confused words,https://uk.ixl.com/english/year-12/identify-and-correct-errors-with-frequently-confused-words
Sixth Form / A-Levels,Year 12,K,Editing and revising,K.3,3,Identify and correct errors with frequently confused pronouns and contractions,https://uk.ixl.com/english/year-12/identify-and-correct-errors-with-frequently-confused-pronouns-and-contractions
Sixth Form / A-Levels,Year 12,K,Editing and revising,K.4,4,Correct errors with commonly misspelled words,https://uk.ixl.com/english/year-12/correct-errors-with-commonly-misspelled-words
Sixth Form / A-Levels,Year 12,K,Editing and revising,K.5,5,Correct errors in everyday use,https://uk.ixl.com/english/year-12/correct-errors-in-everyday-use
Sixth Form / A-Levels,Year 12,K,Editing and revising,K.6,6,Suggest appropriate revisions,https://uk.ixl.com/english/year-12/suggest-appropriate-revisions
Sixth Form / A-Levels,Year 12,L,Research skills,L.1,1,Identify plagiarism,https://uk.ixl.com/english/year-12/identify-plagiarism
Sixth Form / A-Levels,Year 12,M,Prefixes and suffixes,M.1,1,Prefixes,https://uk.ixl.com/english/year-12/prefixes
Sixth Form / A-Levels,Year 12,M,Prefixes and suffixes,M.2,2,Suffixes,https://uk.ixl.com/english/year-12/suffixes
Sixth Form / A-Levels,Year 12,M,Prefixes and suffixes,M.3,3,Word pattern analogies,https://uk.ixl.com/english/year-12/word-pattern-analogies
Sixth Form / A-Levels,Year 12,M,Prefixes and suffixes,M.4,4,Word pattern sentences,https://uk.ixl.com/english/year-12/word-pattern-sentences
Sixth Form / A-Levels,Year 12,N,Greek and Latin roots,N.1,1,Sort words by shared Greek or Latin roots,https://uk.ixl.com/english/year-12/sort-words-by-shared-greek-or-latin-roots
Sixth Form / A-Levels,Year 12,N,Greek and Latin roots,N.2,2,Use Greek and Latin roots as clues to the meanings of words,https://uk.ixl.com/english/year-12/use-greek-and-latin-roots-as-clues-to-the-meanings-of-words
Sixth Form / A-Levels,Year 12,N,Greek and Latin roots,N.3,3,Use words as clues to the meanings of Greek and Latin roots,https://uk.ixl.com/english/year-12/use-words-as-clues-to-the-meanings-of-greek-and-latin-roots
Sixth Form / A-Levels,Year 12,N,Greek and Latin roots,N.4,4,Determine the meanings of Greek and Latin roots,https://uk.ixl.com/english/year-12/determine-the-meanings-of-greek-and-latin-roots
Sixth Form / A-Levels,Year 12,N,Greek and Latin roots,N.5,5,Determine the meanings of words with Greek and Latin roots,https://uk.ixl.com/english/year-12/determine-the-meanings-of-words-with-greek-and-latin-roots
Sixth Form / A-Levels,Year 12,O,Homophones,O.1,1,Use the correct homophone,https://uk.ixl.com/english/year-12/use-the-correct-homophone
Sixth Form / A-Levels,Year 12,O,Homophones,O.2,2,Identify and correct errors with homophones,https://uk.ixl.com/english/year-12/identify-and-correct-errors-with-homophones
Sixth Form / A-Levels,Year 12,P,Foreign words and expressions,P.1,1,Use etymologies to determine the meanings of words,https://uk.ixl.com/english/year-12/use-etymologies-to-determine-the-meanings-of-words
Sixth Form / A-Levels,Year 12,P,Foreign words and expressions,P.2,2,Use context as a clue to the meanings of foreign expressions,https://uk.ixl.com/english/year-12/use-context-as-a-clue-to-the-meanings-of-foreign-expressions
Sixth Form / A-Levels,Year 12,P,Foreign words and expressions,P.3,3,Use the correct foreign expression,https://uk.ixl.com/english/year-12/use-the-correct-foreign-expression
Sixth Form / A-Levels,Year 12,Q,Word usage and nuance,Q.1,1,Describe the difference between related words,https://uk.ixl.com/english/year-12/describe-the-difference-between-related-words
Sixth Form / A-Levels,Year 12,Q,Word usage and nuance,Q.2,2,Choose the word whose connotation and denotation best match the sentence,https://uk.ixl.com/english/year-12/choose-the-word-whose-connotation-and-denotation-best-match-the-sentence
Sixth Form / A-Levels,Year 12,Q,Word usage and nuance,Q.3,3,Use words accurately and precisely,https://uk.ixl.com/english/year-12/use-words-accurately-and-precisely
Sixth Form / A-Levels,Year 12,Q,Word usage and nuance,Q.4,4,Replace words using a thesaurus,https://uk.ixl.com/english/year-12/replace-words-using-a-thesaurus
Sixth Form / A-Levels,Year 12,Q,Word usage and nuance,Q.5,5,Use dictionary entries to determine correct usage,https://uk.ixl.com/english/year-12/use-dictionary-entries-to-determine-correct-usage
Sixth Form / A-Levels,Year 12,R,Analogies,R.1,1,Analogies,https://uk.ixl.com/english/year-12/analogies
Sixth Form / A-Levels,Year 12,R,Analogies,R.2,2,Analogies: challenge,https://uk.ixl.com/english/year-12/analogies-challenge
Sixth Form / A-Levels,Year 12,S,Context clues,S.1,1,Determine the meaning of words using synonyms in context,https://uk.ixl.com/english/year-12/determine-the-meaning-of-words-using-synonyms-in-context
Sixth Form / A-Levels,Year 12,S,Context clues,S.2,2,Determine the meaning of words using antonyms in context,https://uk.ixl.com/english/year-12/determine-the-meaning-of-words-using-antonyms-in-context
Sixth Form / A-Levels,Year 12,S,Context clues,S.3,3,Use context to identify the meaning of a word,https://uk.ixl.com/english/year-12/use-context-to-identify-the-meaning-of-a-word
Sixth Form / A-Levels,Year 12,S,Context clues,S.4,4,Domain-specific vocabulary in context: science and technical subjects,https://uk.ixl.com/english/year-12/domain-specific-vocabulary-in-context-science-and-technical-subjects
Sixth Form / A-Levels,Year 12,T,"Sentences, fragments and run-ons",T.1,1,Identify sentence fragments,https://uk.ixl.com/english/year-12/identify-sentence-fragments
Sixth Form / A-Levels,Year 12,T,"Sentences, fragments and run-ons",T.2,2,Identify run-on sentences,https://uk.ixl.com/english/year-12/identify-run-on-sentences
Sixth Form / A-Levels,Year 12,T,"Sentences, fragments and run-ons",T.3,3,Choose punctuation to avoid fragments and run-ons,https://uk.ixl.com/english/year-12/choose-punctuation-to-avoid-fragments-and-run-ons
Sixth Form / A-Levels,Year 12,U,Phrases and clauses,U.1,1,Is it a phrase or a clause?,https://uk.ixl.com/english/year-12/is-it-a-phrase-or-a-clause
Sixth Form / A-Levels,Year 12,U,Phrases and clauses,U.2,2,Identify prepositional phrases,https://uk.ixl.com/english/year-12/identify-prepositional-phrases
Sixth Form / A-Levels,Year 12,U,Phrases and clauses,U.3,3,Identify appositives and appositive phrases,https://uk.ixl.com/english/year-12/identify-appositives-and-appositive-phrases
Sixth Form / A-Levels,Year 12,U,Phrases and clauses,U.4,4,Identify dependent and independent clauses,https://uk.ixl.com/english/year-12/identify-dependent-and-independent-clauses
Sixth Form / A-Levels,Year 12,U,Phrases and clauses,U.5,5,"Is the sentence simple, compound, complex or compound-complex?",https://uk.ixl.com/english/year-12/is-the-sentence-simple-compound-complex-or-compound-complex
Sixth Form / A-Levels,Year 12,U,Phrases and clauses,U.6,6,Combine sentences using relative clauses,https://uk.ixl.com/english/year-12/combine-sentences-using-relative-clauses
Sixth Form / A-Levels,Year 12,V,Pronouns,V.1,1,Identify and correct errors with subject and object pronouns,https://uk.ixl.com/english/year-12/identify-and-correct-errors-with-subject-and-object-pronouns
Sixth Form / A-Levels,Year 12,V,Pronouns,V.2,2,Subject and object pronouns review,https://uk.ixl.com/english/year-12/subject-and-object-pronouns-review
Sixth Form / A-Levels,Year 12,V,Pronouns,V.3,3,Pronouns after 'than' and 'as',https://uk.ixl.com/english/year-12/pronouns-after-than-and-as
Sixth Form / A-Levels,Year 12,V,Pronouns,V.4,4,Identify and correct pronoun errors with 'who',https://uk.ixl.com/english/year-12/identify-and-correct-pronoun-errors-with-who
Sixth Form / A-Levels,Year 12,V,Pronouns,V.5,5,Use relative pronouns: who and whom,https://uk.ixl.com/english/year-12/use-relative-pronouns-who-and-whom
Sixth Form / A-Levels,Year 12,V,Pronouns,V.6,6,"Use relative pronouns: who, whom, whose, which and that",https://uk.ixl.com/english/year-12/use-relative-pronouns-who-whom-whose-which-and-that
Sixth Form / A-Levels,Year 12,V,Pronouns,V.7,7,Identify vague pronoun references,https://uk.ixl.com/english/year-12/identify-vague-pronoun-references
Sixth Form / A-Levels,Year 12,V,Pronouns,V.8,8,Identify all of the possible antecedents,https://uk.ixl.com/english/year-12/identify-all-of-the-possible-antecedents
Sixth Form / A-Levels,Year 12,V,Pronouns,V.9,9,Correct inappropriate shifts in pronoun number and person,https://uk.ixl.com/english/year-12/correct-inappropriate-shifts-in-pronoun-number-and-person
Sixth Form / A-Levels,Year 12,W,Verb types,W.1,1,Identify transitive and intransitive verbs,https://uk.ixl.com/english/year-12/identify-transitive-and-intransitive-verbs
Sixth Form / A-Levels,Year 12,W,Verb types,W.2,2,"Identify linking verbs, predicate adjectives and predicate nouns",https://uk.ixl.com/english/year-12/identify-linking-verbs-predicate-adjectives-and-predicate-nouns
Sixth Form / A-Levels,Year 12,W,Verb types,W.3,3,Identify participles and what they modify,https://uk.ixl.com/english/year-12/identify-participles-and-what-they-modify
Sixth Form / A-Levels,Year 12,W,Verb types,W.4,4,Identify gerunds and their functions,https://uk.ixl.com/english/year-12/identify-gerunds-and-their-functions
Sixth Form / A-Levels,Year 12,W,Verb types,W.5,5,Identify infinitives and infinitive phrases,https://uk.ixl.com/english/year-12/identify-infinitives-and-infinitive-phrases
Sixth Form / A-Levels,Year 12,X,Subject-verb agreement,X.1,1,Identify and correct errors with subject-verb agreement,https://uk.ixl.com/english/year-12/identify-and-correct-errors-with-subject-verb-agreement
Sixth Form / A-Levels,Year 12,X,Subject-verb agreement,X.2,2,Identify and correct errors with indefinite pronoun-verb agreement,https://uk.ixl.com/english/year-12/identify-and-correct-errors-with-indefinite-pronoun-verb-agreement
Sixth Form / A-Levels,Year 12,X,Subject-verb agreement,X.3,3,Identify and correct verb agreement with compound subjects,https://uk.ixl.com/english/year-12/identify-and-correct-verb-agreement-with-compound-subjects
Sixth Form / A-Levels,Year 12,Y,Verb tense,Y.1,1,Form the progressive verb tenses,https://uk.ixl.com/english/year-12/form-the-progressive-verb-tenses
Sixth Form / A-Levels,Year 12,Y,Verb tense,Y.2,2,Form the perfect verb tenses,https://uk.ixl.com/english/year-12/form-the-perfect-verb-tenses
Sixth Form / A-Levels,Year 12,Y,Verb tense,Y.3,3,Identify and correct inappropriate shifts in verb tense,https://uk.ixl.com/english/year-12/identify-and-correct-inappropriate-shifts-in-verb-tense
Sixth Form / A-Levels,Year 12,Z,Adjectives and adverbs,Z.1,1,Form and use comparative and superlative adjectives,https://uk.ixl.com/english/year-12/form-and-use-comparative-and-superlative-adjectives
Sixth Form / A-Levels,Year 12,Z,Adjectives and adverbs,Z.2,2,"Good, better, best, bad, worse and worst",https://uk.ixl.com/english/year-12/good-better-best-bad-worse-and-worst
Sixth Form / A-Levels,Year 12,Z,Adjectives and adverbs,Z.3,3,Form and use comparative and superlative adverbs,https://uk.ixl.com/english/year-12/form-and-use-comparative-and-superlative-adverbs
Sixth Form / A-Levels,Year 12,Z,Adjectives and adverbs,Z.4,4,"Well, better, best, badly, worse and worst",https://uk.ixl.com/english/year-12/well-better-best-badly-worse-and-worst
Sixth Form / A-Levels,Year 12,AA,Misplaced modifiers,AA.1,1,Misplaced modifiers with pictures,https://uk.ixl.com/english/year-12/misplaced-modifiers-with-pictures
Sixth Form / A-Levels,Year 12,AA,Misplaced modifiers,AA.2,2,Select the misplaced or dangling modifier,https://uk.ixl.com/english/year-12/select-the-misplaced-or-dangling-modifier
Sixth Form / A-Levels,Year 12,AA,Misplaced modifiers,AA.3,3,Are the modifiers used correctly?,https://uk.ixl.com/english/year-12/are-the-modifiers-used-correctly
Sixth Form / A-Levels,Year 12,BB,Restrictive and non-restrictive elements,BB.1,1,Commas with non-restrictive elements,https://uk.ixl.com/english/year-12/commas-with-non-restrictive-elements
Sixth Form / A-Levels,Year 12,CC,Commas,CC.1,1,"Commas with direct addresses, introductory elements, absolute phrases, interjections, interrupters and antithetical phrases",https://uk.ixl.com/english/year-12/commas-with-direct-addresses-introductory-elements-absolute-phrases-interjections-interrupters-and-antithetical-phrases
Sixth Form / A-Levels,Year 12,CC,Commas,CC.2,2,"Commas with compound, complex and compound-complex sentences",https://uk.ixl.com/english/year-12/commas-with-compound-complex-and-compound-complex-sentences
Sixth Form / A-Levels,Year 12,CC,Commas,CC.3,3,Commas with coordinate adjectives,https://uk.ixl.com/english/year-12/commas-with-coordinate-adjectives
Sixth Form / A-Levels,Year 12,CC,Commas,CC.4,4,Commas: review,https://uk.ixl.com/english/year-12/commas-review
Sixth Form / A-Levels,Year 12,DD,"Semicolons, colons and commas",DD.1,1,"Join sentences with semicolons, colons and commas",https://uk.ixl.com/english/year-12/join-sentences-with-semicolons-colons-and-commas
Sixth Form / A-Levels,Year 12,DD,"Semicolons, colons and commas",DD.2,2,"Use colons and commas to introduce lists, quotations and appositives",https://uk.ixl.com/english/year-12/use-colons-and-commas-to-introduce-lists-quotations-and-appositives
Sixth Form / A-Levels,Year 12,DD,"Semicolons, colons and commas",DD.3,3,Use semicolons and commas to separate items in a series,https://uk.ixl.com/english/year-12/use-semicolons-and-commas-to-separate-items-in-a-series
Sixth Form / A-Levels,Year 12,DD,"Semicolons, colons and commas",DD.4,4,"Semicolons, colons and commas: review",https://uk.ixl.com/english/year-12/semicolons-colons-and-commas-review
Sixth Form / A-Levels,Year 12,EE,"Dashes, hyphens and ellipses",EE.1,1,Use dashes,https://uk.ixl.com/english/year-12/use-dashes
Sixth Form / A-Levels,Year 12,EE,"Dashes, hyphens and ellipses",EE.2,2,Use hyphens in compound adjectives,https://uk.ixl.com/english/year-12/use-hyphens-in-compound-adjectives
Sixth Form / A-Levels,Year 12,EE,"Dashes, hyphens and ellipses",EE.3,3,Decide whether ellipses are used appropriately,https://uk.ixl.com/english/year-12/decide-whether-ellipses-are-used-appropriately
Sixth Form / A-Levels,Year 12,FF,Apostrophes,FF.1,1,Identify and correct errors with plural and possessive nouns,https://uk.ixl.com/english/year-12/identify-and-correct-errors-with-plural-and-possessive-nouns
Sixth Form / A-Levels,Year 12,FF,Apostrophes,FF.2,2,Identify and correct errors with compound and joint possession,https://uk.ixl.com/english/year-12/identify-and-correct-errors-with-compound-and-joint-possession
Sixth Form / A-Levels,Year 12,GG,Capitalisation,GG.1,1,Correct capitalisation errors,https://uk.ixl.com/english/year-12/correct-capitalisation-errors
Sixth Form / A-Levels,Year 13,A,Main idea,A.1,1,Determine the main idea of a passage,https://uk.ixl.com/english/year-13/determine-the-main-idea-of-a-passage
Sixth Form / A-Levels,Year 13,B,"Audience, purpose and tone",B.1,1,Which text is most formal?,https://uk.ixl.com/english/year-13/which-text-is-most-formal
Sixth Form / A-Levels,Year 13,B,"Audience, purpose and tone",B.2,2,Compare passages for subjective and objective tone,https://uk.ixl.com/english/year-13/compare-passages-for-subjective-and-objective-tone
Sixth Form / A-Levels,Year 13,B,"Audience, purpose and tone",B.3,3,Identify audience and purpose,https://uk.ixl.com/english/year-13/identify-audience-and-purpose
Sixth Form / A-Levels,Year 13,B,"Audience, purpose and tone",B.4,4,Compare passages for tone,https://uk.ixl.com/english/year-13/compare-passages-for-tone
Sixth Form / A-Levels,Year 13,C,Literary devices,C.1,1,Identify the narrative point of view,https://uk.ixl.com/english/year-13/identify-the-narrative-point-of-view
Sixth Form / A-Levels,Year 13,C,Literary devices,C.2,2,Interpret the meaning of an allusion from its source,https://uk.ixl.com/english/year-13/interpret-the-meaning-of-an-allusion-from-its-source
Sixth Form / A-Levels,Year 13,C,Literary devices,C.3,3,Recall the source of an allusion,https://uk.ixl.com/english/year-13/recall-the-source-of-an-allusion
Sixth Form / A-Levels,Year 13,C,Literary devices,C.4,4,Interpret the figure of speech,https://uk.ixl.com/english/year-13/interpret-the-figure-of-speech
Sixth Form / A-Levels,Year 13,C,Literary devices,C.5,5,"Classify the figure of speech: euphemism, hyperbole, oxymoron, paradox",https://uk.ixl.com/english/year-13/classify-the-figure-of-speech-euphemism-hyperbole-oxymoron-paradox
Sixth Form / A-Levels,Year 13,C,Literary devices,C.6,6,"Classify the figure of speech: anaphora, antithesis, apostrophe, assonance, chiasmus, understatement",https://uk.ixl.com/english/year-13/classify-the-figure-of-speech-anaphora-antithesis-apostrophe-assonance-chiasmus-understatement
Sixth Form / A-Levels,Year 13,C,Literary devices,C.7,7,Classify the figure of speech: review,https://uk.ixl.com/english/year-13/classify-the-figure-of-speech-review
Sixth Form / A-Levels,Year 13,C,Literary devices,C.8,8,Analyse the effects of figures of speech on meaning and tone,https://uk.ixl.com/english/year-13/analyse-the-effects-of-figures-of-speech-on-meaning-and-tone
Sixth Form / A-Levels,Year 13,D,Analysing literature,D.1,1,Analyse short stories: set 1,https://uk.ixl.com/english/year-13/analyse-short-stories-set-1
Sixth Form / A-Levels,Year 13,D,Analysing literature,D.2,2,Analyse short stories: set 2,https://uk.ixl.com/english/year-13/analyse-short-stories-set-2
Sixth Form / A-Levels,Year 13,E,Analysing informational texts,E.1,1,Analyse the development of informational passages: set 1,https://uk.ixl.com/english/year-13/analyse-the-development-of-informational-passages-set-1
Sixth Form / A-Levels,Year 13,E,Analysing informational texts,E.2,2,Analyse the development of informational passages: set 2,https://uk.ixl.com/english/year-13/analyse-the-development-of-informational-passages-set-2
Sixth Form / A-Levels,Year 13,E,Analysing informational texts,E.3,3,Trace an argument: set 1,https://uk.ixl.com/english/year-13/trace-an-argument-set-1
Sixth Form / A-Levels,Year 13,E,Analysing informational texts,E.4,4,Trace an argument: set 2,https://uk.ixl.com/english/year-13/trace-an-argument-set-2
Sixth Form / A-Levels,Year 13,E,Analysing informational texts,E.5,5,Analyse rhetorical strategies in historical texts: set 1,https://uk.ixl.com/english/year-13/analyse-rhetorical-strategies-in-historical-texts-set-1
Sixth Form / A-Levels,Year 13,E,Analysing informational texts,E.6,6,Analyse rhetorical strategies in historical texts: set 2,https://uk.ixl.com/english/year-13/analyse-rhetorical-strategies-in-historical-texts-set-2
Sixth Form / A-Levels,Year 13,F,Organising writing,F.1,1,Order topics from broadest to narrowest,https://uk.ixl.com/english/year-13/order-topics-from-broadest-to-narrowest
Sixth Form / A-Levels,Year 13,F,Organising writing,F.2,2,Organise information by topic,https://uk.ixl.com/english/year-13/organise-information-by-topic
Sixth Form / A-Levels,Year 13,G,Topic sentences,G.1,1,Choose the topic sentence that best captures the main idea,https://uk.ixl.com/english/year-13/choose-the-topic-sentence-that-best-captures-the-main-idea
Sixth Form / A-Levels,Year 13,H,Developing and supporting arguments,H.1,1,Distinguish facts from opinions,https://uk.ixl.com/english/year-13/distinguish-facts-from-opinions
Sixth Form / A-Levels,Year 13,H,Developing and supporting arguments,H.2,2,Identify stronger and weaker evidence to support a claim,https://uk.ixl.com/english/year-13/identify-stronger-and-weaker-evidence-to-support-a-claim
Sixth Form / A-Levels,Year 13,H,Developing and supporting arguments,H.3,3,Choose the best evidence to support a claim,https://uk.ixl.com/english/year-13/choose-the-best-evidence-to-support-a-claim
Sixth Form / A-Levels,Year 13,H,Developing and supporting arguments,H.4,4,Identify supporting evidence in a text,https://uk.ixl.com/english/year-13/identify-supporting-evidence-in-a-text
Sixth Form / A-Levels,Year 13,H,Developing and supporting arguments,H.5,5,Evaluate counterclaims,https://uk.ixl.com/english/year-13/evaluate-counterclaims
Sixth Form / A-Levels,Year 13,H,Developing and supporting arguments,H.6,6,Choose the analysis that logically connects the evidence to the claim,https://uk.ixl.com/english/year-13/choose-the-analysis-that-logically-connects-the-evidence-to-the-claim
Sixth Form / A-Levels,Year 13,H,Developing and supporting arguments,H.7,7,"Transition logically between claims, evidence, analysis and counterclaims",https://uk.ixl.com/english/year-13/transition-logically-between-claims-evidence-analysis-and-counterclaims
Sixth Form / A-Levels,Year 13,I,Persuasive strategies,I.1,1,"Identify appeals to ethos, pathos and logos in advertisements",https://uk.ixl.com/english/year-13/identify-appeals-to-ethos-pathos-and-logos-in-advertisements
Sixth Form / A-Levels,Year 13,I,Persuasive strategies,I.2,2,"Use appeals to ethos, pathos and logos in persuasive writing",https://uk.ixl.com/english/year-13/use-appeals-to-ethos-pathos-and-logos-in-persuasive-writing
Sixth Form / A-Levels,Year 13,J,Writing clearly and concisely,J.1,1,Transitions with conjunctive adverbs,https://uk.ixl.com/english/year-13/transitions-with-conjunctive-adverbs
Sixth Form / A-Levels,Year 13,J,Writing clearly and concisely,J.2,2,"Avoid double, illogical and unclear comparisons",https://uk.ixl.com/english/year-13/avoid-double-illogical-and-unclear-comparisons
Sixth Form / A-Levels,Year 13,J,Writing clearly and concisely,J.3,3,Identify sentences with parallel structure,https://uk.ixl.com/english/year-13/identify-sentences-with-parallel-structure
Sixth Form / A-Levels,Year 13,J,Writing clearly and concisely,J.4,4,Use parallel structure,https://uk.ixl.com/english/year-13/use-parallel-structure
Sixth Form / A-Levels,Year 13,J,Writing clearly and concisely,J.5,5,Remove redundant words or phrases,https://uk.ixl.com/english/year-13/remove-redundant-words-or-phrases
Sixth Form / A-Levels,Year 13,K,Editing and revising,K.1,1,Use the correct frequently confused word,https://uk.ixl.com/english/year-13/use-the-correct-frequently-confused-word
Sixth Form / A-Levels,Year 13,K,Editing and revising,K.2,2,Identify and correct errors with frequently confused words,https://uk.ixl.com/english/year-13/identify-and-correct-errors-with-frequently-confused-words
Sixth Form / A-Levels,Year 13,K,Editing and revising,K.3,3,Identify and correct errors with frequently confused pronouns and contractions,https://uk.ixl.com/english/year-13/identify-and-correct-errors-with-frequently-confused-pronouns-and-contractions
Sixth Form / A-Levels,Year 13,K,Editing and revising,K.4,4,Correct errors with commonly misspelled words,https://uk.ixl.com/english/year-13/correct-errors-with-commonly-misspelled-words
Sixth Form / A-Levels,Year 13,K,Editing and revising,K.5,5,Correct errors in everyday use,https://uk.ixl.com/english/year-13/correct-errors-in-everyday-use
Sixth Form / A-Levels,Year 13,K,Editing and revising,K.6,6,Suggest appropriate revisions,https://uk.ixl.com/english/year-13/suggest-appropriate-revisions
Sixth Form / A-Levels,Year 13,L,Research skills,L.1,1,Identify plagiarism,https://uk.ixl.com/english/year-13/identify-plagiarism
Sixth Form / A-Levels,Year 13,M,Prefixes and suffixes,M.1,1,Prefixes,https://uk.ixl.com/english/year-13/prefixes
Sixth Form / A-Levels,Year 13,M,Prefixes and suffixes,M.2,2,Suffixes,https://uk.ixl.com/english/year-13/suffixes
Sixth Form / A-Levels,Year 13,M,Prefixes and suffixes,M.3,3,Word pattern analogies,https://uk.ixl.com/english/year-13/word-pattern-analogies
Sixth Form / A-Levels,Year 13,M,Prefixes and suffixes,M.4,4,Word pattern sentences,https://uk.ixl.com/english/year-13/word-pattern-sentences
Sixth Form / A-Levels,Year 13,N,Greek and Latin roots,N.1,1,Sort words by shared Greek or Latin roots,https://uk.ixl.com/english/year-13/sort-words-by-shared-greek-or-latin-roots
Sixth Form / A-Levels,Year 13,N,Greek and Latin roots,N.2,2,Use Greek and Latin roots as clues to the meanings of words,https://uk.ixl.com/english/year-13/use-greek-and-latin-roots-as-clues-to-the-meanings-of-words
Sixth Form / A-Levels,Year 13,N,Greek and Latin roots,N.3,3,Use words as clues to the meanings of Greek and Latin roots,https://uk.ixl.com/english/year-13/use-words-as-clues-to-the-meanings-of-greek-and-latin-roots
Sixth Form / A-Levels,Year 13,N,Greek and Latin roots,N.4,4,Determine the meanings of Greek and Latin roots,https://uk.ixl.com/english/year-13/determine-the-meanings-of-greek-and-latin-roots
Sixth Form / A-Levels,Year 13,N,Greek and Latin roots,N.5,5,Determine the meanings of words with Greek and Latin roots,https://uk.ixl.com/english/year-13/determine-the-meanings-of-words-with-greek-and-latin-roots
Sixth Form / A-Levels,Year 13,O,Homophones,O.1,1,Use the correct homophone,https://uk.ixl.com/english/year-13/use-the-correct-homophone
Sixth Form / A-Levels,Year 13,O,Homophones,O.2,2,Identify and correct errors with homophones,https://uk.ixl.com/english/year-13/identify-and-correct-errors-with-homophones
Sixth Form / A-Levels,Year 13,P,Foreign words and expressions,P.1,1,Use etymologies to determine the meanings of words,https://uk.ixl.com/english/year-13/use-etymologies-to-determine-the-meanings-of-words
Sixth Form / A-Levels,Year 13,P,Foreign words and expressions,P.2,2,Use context as a clue to the meanings of foreign expressions,https://uk.ixl.com/english/year-13/use-context-as-a-clue-to-the-meanings-of-foreign-expressions
Sixth Form / A-Levels,Year 13,P,Foreign words and expressions,P.3,3,Use the correct foreign expression,https://uk.ixl.com/english/year-13/use-the-correct-foreign-expression
Sixth Form / A-Levels,Year 13,Q,Word usage and nuance,Q.1,1,Describe the difference between related words,https://uk.ixl.com/english/year-13/describe-the-difference-between-related-words
Sixth Form / A-Levels,Year 13,Q,Word usage and nuance,Q.2,2,Choose the word whose connotation and denotation best match the sentence,https://uk.ixl.com/english/year-13/choose-the-word-whose-connotation-and-denotation-best-match-the-sentence
Sixth Form / A-Levels,Year 13,Q,Word usage and nuance,Q.3,3,Use words accurately and precisely,https://uk.ixl.com/english/year-13/use-words-accurately-and-precisely
Sixth Form / A-Levels,Year 13,Q,Word usage and nuance,Q.4,4,Replace words using a thesaurus,https://uk.ixl.com/english/year-13/replace-words-using-a-thesaurus
Sixth Form / A-Levels,Year 13,Q,Word usage and nuance,Q.5,5,Use dictionary entries to determine correct usage,https://uk.ixl.com/english/year-13/use-dictionary-entries-to-determine-correct-usage
Sixth Form / A-Levels,Year 13,R,Analogies,R.1,1,Analogies,https://uk.ixl.com/english/year-13/analogies
Sixth Form / A-Levels,Year 13,R,Analogies,R.2,2,Analogies: challenge,https://uk.ixl.com/english/year-13/analogies-challenge
Sixth Form / A-Levels,Year 13,S,Context clues,S.1,1,Determine the meaning of words using synonyms in context,https://uk.ixl.com/english/year-13/determine-the-meaning-of-words-using-synonyms-in-context
Sixth Form / A-Levels,Year 13,S,Context clues,S.2,2,Determine the meaning of words using antonyms in context,https://uk.ixl.com/english/year-13/determine-the-meaning-of-words-using-antonyms-in-context
Sixth Form / A-Levels,Year 13,S,Context clues,S.3,3,Use context to identify the meaning of a word,https://uk.ixl.com/english/year-13/use-context-to-identify-the-meaning-of-a-word
Sixth Form / A-Levels,Year 13,S,Context clues,S.4,4,Domain-specific vocabulary in context: science and technical subjects,https://uk.ixl.com/english/year-13/domain-specific-vocabulary-in-context-science-and-technical-subjects
Sixth Form / A-Levels,Year 13,T,"Sentences, fragments and run-ons",T.1,1,Identify sentence fragments,https://uk.ixl.com/english/year-13/identify-sentence-fragments
Sixth Form / A-Levels,Year 13,T,"Sentences, fragments and run-ons",T.2,2,Identify run-on sentences,https://uk.ixl.com/english/year-13/identify-run-on-sentences
Sixth Form / A-Levels,Year 13,T,"Sentences, fragments and run-ons",T.3,3,Choose punctuation to avoid fragments and run-ons,https://uk.ixl.com/english/year-13/choose-punctuation-to-avoid-fragments-and-run-ons
Sixth Form / A-Levels,Year 13,U,Phrases and clauses,U.1,1,Is it a phrase or a clause?,https://uk.ixl.com/english/year-13/is-it-a-phrase-or-a-clause
Sixth Form / A-Levels,Year 13,U,Phrases and clauses,U.2,2,Identify prepositional phrases,https://uk.ixl.com/english/year-13/identify-prepositional-phrases
Sixth Form / A-Levels,Year 13,U,Phrases and clauses,U.3,3,Identify appositives and appositive phrases,https://uk.ixl.com/english/year-13/identify-appositives-and-appositive-phrases
Sixth Form / A-Levels,Year 13,U,Phrases and clauses,U.4,4,Identify dependent and independent clauses,https://uk.ixl.com/english/year-13/identify-dependent-and-independent-clauses
Sixth Form / A-Levels,Year 13,U,Phrases and clauses,U.5,5,"Is the sentence simple, compound, complex or compound-complex?",https://uk.ixl.com/english/year-13/is-the-sentence-simple-compound-complex-or-compound-complex
Sixth Form / A-Levels,Year 13,U,Phrases and clauses,U.6,6,Combine sentences using relative clauses,https://uk.ixl.com/english/year-13/combine-sentences-using-relative-clauses
Sixth Form / A-Levels,Year 13,V,Pronouns,V.1,1,Identify and correct errors with subject and object pronouns,https://uk.ixl.com/english/year-13/identify-and-correct-errors-with-subject-and-object-pronouns
Sixth Form / A-Levels,Year 13,V,Pronouns,V.2,2,Subject and object pronouns review,https://uk.ixl.com/english/year-13/subject-and-object-pronouns-review
Sixth Form / A-Levels,Year 13,V,Pronouns,V.3,3,Pronouns after 'than' and 'as',https://uk.ixl.com/english/year-13/pronouns-after-than-and-as
Sixth Form / A-Levels,Year 13,V,Pronouns,V.4,4,Identify and correct pronoun errors with 'who',https://uk.ixl.com/english/year-13/identify-and-correct-pronoun-errors-with-who
Sixth Form / A-Levels,Year 13,V,Pronouns,V.5,5,Use relative pronouns: who and whom,https://uk.ixl.com/english/year-13/use-relative-pronouns-who-and-whom
Sixth Form / A-Levels,Year 13,V,Pronouns,V.6,6,"Use relative pronouns: who, whom, whose, which and that",https://uk.ixl.com/english/year-13/use-relative-pronouns-who-whom-whose-which-and-that
Sixth Form / A-Levels,Year 13,V,Pronouns,V.7,7,Identify vague pronoun references,https://uk.ixl.com/english/year-13/identify-vague-pronoun-references
Sixth Form / A-Levels,Year 13,V,Pronouns,V.8,8,Identify all of the possible antecedents,https://uk.ixl.com/english/year-13/identify-all-of-the-possible-antecedents
Sixth Form / A-Levels,Year 13,V,Pronouns,V.9,9,Correct inappropriate shifts in pronoun number and person,https://uk.ixl.com/english/year-13/correct-inappropriate-shifts-in-pronoun-number-and-person
Sixth Form / A-Levels,Year 13,W,Verb types,W.1,1,Identify transitive and intransitive verbs,https://uk.ixl.com/english/year-13/identify-transitive-and-intransitive-verbs
Sixth Form / A-Levels,Year 13,W,Verb types,W.2,2,"Identify linking verbs, predicate adjectives and predicate nouns",https://uk.ixl.com/english/year-13/identify-linking-verbs-predicate-adjectives-and-predicate-nouns
Sixth Form / A-Levels,Year 13,W,Verb types,W.3,3,Identify participles and what they modify,https://uk.ixl.com/english/year-13/identify-participles-and-what-they-modify
Sixth Form / A-Levels,Year 13,W,Verb types,W.4,4,Identify gerunds and their functions,https://uk.ixl.com/english/year-13/identify-gerunds-and-their-functions
Sixth Form / A-Levels,Year 13,W,Verb types,W.5,5,Identify infinitives and infinitive phrases,https://uk.ixl.com/english/year-13/identify-infinitives-and-infinitive-phrases
Sixth Form / A-Levels,Year 13,X,Subject-verb agreement,X.1,1,Identify and correct errors with subject-verb agreement,https://uk.ixl.com/english/year-13/identify-and-correct-errors-with-subject-verb-agreement
Sixth Form / A-Levels,Year 13,X,Subject-verb agreement,X.2,2,Identify and correct errors with indefinite pronoun-verb agreement,https://uk.ixl.com/english/year-13/identify-and-correct-errors-with-indefinite-pronoun-verb-agreement
Sixth Form / A-Levels,Year 13,X,Subject-verb agreement,X.3,3,Identify and correct verb agreement with compound subjects,https://uk.ixl.com/english/year-13/identify-and-correct-verb-agreement-with-compound-subjects
Sixth Form / A-Levels,Year 13,Y,Verb tense,Y.1,1,Form the progressive verb tenses,https://uk.ixl.com/english/year-13/form-the-progressive-verb-tenses
Sixth Form / A-Levels,Year 13,Y,Verb tense,Y.2,2,Form the perfect verb tenses,https://uk.ixl.com/english/year-13/form-the-perfect-verb-tenses
Sixth Form / A-Levels,Year 13,Y,Verb tense,Y.3,3,Identify and correct inappropriate shifts in verb tense,https://uk.ixl.com/english/year-13/identify-and-correct-inappropriate-shifts-in-verb-tense
Sixth Form / A-Levels,Year 13,Z,Adjectives and adverbs,Z.1,1,Form and use comparative and superlative adjectives,https://uk.ixl.com/english/year-13/form-and-use-comparative-and-superlative-adjectives
Sixth Form / A-Levels,Year 13,Z,Adjectives and adverbs,Z.2,2,"Good, better, best, bad, worse and worst",https://uk.ixl.com/english/year-13/good-better-best-bad-worse-and-worst
Sixth Form / A-Levels,Year 13,Z,Adjectives and adverbs,Z.3,3,Form and use comparative and superlative adverbs,https://uk.ixl.com/english/year-13/form-and-use-comparative-and-superlative-adverbs
Sixth Form / A-Levels,Year 13,Z,Adjectives and adverbs,Z.4,4,"Well, better, best, badly, worse and worst",https://uk.ixl.com/english/year-13/well-better-best-badly-worse-and-worst
Sixth Form / A-Levels,Year 13,AA,Misplaced modifiers,AA.1,1,Misplaced modifiers with pictures,https://uk.ixl.com/english/year-13/misplaced-modifiers-with-pictures
Sixth Form / A-Levels,Year 13,AA,Misplaced modifiers,AA.2,2,Select the misplaced or dangling modifier,https://uk.ixl.com/english/year-13/select-the-misplaced-or-dangling-modifier
Sixth Form / A-Levels,Year 13,AA,Misplaced modifiers,AA.3,3,Are the modifiers used correctly?,https://uk.ixl.com/english/year-13/are-the-modifiers-used-correctly
Sixth Form / A-Levels,Year 13,BB,Restrictive and non-restrictive elements,BB.1,1,Commas with non-restrictive elements,https://uk.ixl.com/english/year-13/commas-with-non-restrictive-elements
Sixth Form / A-Levels,Year 13,CC,Commas,CC.1,1,"Commas with direct addresses, introductory elements, absolute phrases, interjections, interrupters and antithetical phrases",https://uk.ixl.com/english/year-13/commas-with-direct-addresses-introductory-elements-absolute-phrases-interjections-interrupters-and-antithetical-phrases
Sixth Form / A-Levels,Year 13,CC,Commas,CC.2,2,"Commas with compound, complex and compound-complex sentences",https://uk.ixl.com/english/year-13/commas-with-compound-complex-and-compound-complex-sentences
Sixth Form / A-Levels,Year 13,CC,Commas,CC.3,3,Commas with coordinate adjectives,https://uk.ixl.com/english/year-13/commas-with-coordinate-adjectives
Sixth Form / A-Levels,Year 13,CC,Commas,CC.4,4,Commas: review,https://uk.ixl.com/english/year-13/commas-review
Sixth Form / A-Levels,Year 13,DD,"Semicolons, colons and commas",DD.1,1,"Join sentences with semicolons, colons and commas",https://uk.ixl.com/english/year-13/join-sentences-with-semicolons-colons-and-commas
Sixth Form / A-Levels,Year 13,DD,"Semicolons, colons and commas",DD.2,2,"Use colons and commas to introduce lists, quotations and appositives",https://uk.ixl.com/english/year-13/use-colons-and-commas-to-introduce-lists-quotations-and-appositives
Sixth Form / A-Levels,Year 13,DD,"Semicolons, colons and commas",DD.3,3,Use semicolons and commas to separate items in a series,https://uk.ixl.com/english/year-13/use-semicolons-and-commas-to-separate-items-in-a-series
Sixth Form / A-Levels,Year 13,DD,"Semicolons, colons and commas",DD.4,4,"Semicolons, colons and commas: review",https://uk.ixl.com/english/year-13/semicolons-colons-and-commas-review
Sixth Form / A-Levels,Year 13,EE,"Dashes, hyphens and ellipses",EE.1,1,Use dashes,https://uk.ixl.com/english/year-13/use-dashes
Sixth Form / A-Levels,Year 13,EE,"Dashes, hyphens and ellipses",EE.2,2,Use hyphens in compound adjectives,https://uk.ixl.com/english/year-13/use-hyphens-in-compound-adjectives
Sixth Form / A-Levels,Year 13,EE,"Dashes, hyphens and ellipses",EE.3,3,Decide whether ellipses are used appropriately,https://uk.ixl.com/english/year-13/decide-whether-ellipses-are-used-appropriately
Sixth Form / A-Levels,Year 13,FF,Apostrophes,FF.1,1,Identify and correct errors with plural and possessive nouns,https://uk.ixl.com/english/year-13/identify-and-correct-errors-with-plural-and-possessive-nouns
Sixth Form / A-Levels,Year 13,FF,Apostrophes,FF.2,2,Identify and correct errors with compound and joint possession,https://uk.ixl.com/english/year-13/identify-and-correct-errors-with-compound-and-joint-possession
Sixth Form / A-Levels,Year 13,GG,Capitalisation,GG.1,1,Correct capitalisation errors,https://uk.ixl.com/english/year-13/correct-capitalisation-errors
